request_id,arrival_time,start_time,finish_time,waiting_time,service_time,ttft_approx,input_tokens,output_tokens,policy
0,0.0,0.0,3.6622000000000003,0.0,3.6622000000000003,0.127,770,491,fifo
1,5.55,5.55,6.6021,0.0,1.0521,0.1448999999999998,949,126,fifo
2,6.244,6.6021,7.3173,0.3581000000000003,0.7152,0.5045000000000002,964,79,fifo
3,7.063,7.3173,7.4111,0.25430000000000064,0.0938,0.31210000000000093,78,5,fifo
4,7.297,7.4111,7.835100000000001,0.11410000000000053,0.424,0.3365000000000009,1724,28,fifo
5,7.297,7.835100000000001,8.058900000000001,0.5381000000000009,0.2238,0.6827000000000005,946,11,fifo
6,7.354,8.058900000000001,10.864200000000002,0.7049000000000012,2.8053000000000003,0.8462000000000005,913,370,fifo
7,7.544,10.864200000000002,11.626500000000002,3.3202000000000025,0.7623,3.463300000000003,931,86,fifo
8,8.146,11.626500000000002,11.803200000000002,3.480500000000001,0.17670000000000002,3.6500000000000004,1195,1,fifo
9,8.266,11.803200000000002,15.644000000000002,3.537200000000002,3.8407999999999998,3.7204000000000015,1332,508,fifo
10,8.619,15.644000000000002,18.721400000000003,7.025000000000002,3.0774,7.200800000000003,1258,403,fifo
11,8.865,18.721400000000003,21.688100000000002,9.856400000000002,2.9667,9.971900000000003,655,396,fifo
12,10.603,21.688100000000002,24.2678,11.085100000000002,2.5797,11.245600000000001,1105,336,fifo
13,11.494,24.2678,26.7286,12.773800000000001,2.4608,12.8946,708,325,fifo
14,12.494,26.7286,28.3053,14.2346,1.5767,14.320900000000002,363,207,fifo
15,12.553,28.3053,28.668699999999998,15.752299999999998,0.3634,15.827699999999997,254,40,fifo
16,13.504,28.668699999999998,29.9395,15.164699999999998,1.2708,15.362699999999998,1480,149,fifo
17,13.834,29.9395,36.0351,16.1055,6.095599999999999,16.2683,1128,824,fifo
18,13.905,36.0351,37.319,22.1301,1.2839,22.802,6219,85,fifo
19,14.148,37.319,37.4748,23.171000000000003,0.15580000000000002,23.319600000000005,986,1,fifo
20,14.199,37.4748,37.888000000000005,23.275800000000004,0.4132,23.350600000000007,248,47,fifo
21,14.407,37.888000000000005,39.134600000000006,23.481000000000005,1.2466,23.604400000000002,734,156,fifo
22,14.448,39.134600000000006,39.971500000000006,24.686600000000006,0.8369,24.832300000000004,957,96,fifo
23,14.709,39.971500000000006,40.09360000000001,25.262500000000006,0.1221,25.334200000000006,217,7,fifo
24,14.796,40.09360000000001,40.27130000000001,25.29760000000001,0.1777,25.374500000000012,269,14,fifo
25,15.052,40.27130000000001,40.65200000000001,25.21930000000001,0.3807,25.37680000000001,1075,31,fifo
26,15.542,40.65200000000001,43.79410000000001,25.110000000000007,3.1421,26.041700000000006,8817,307,fifo
27,16.656,43.79410000000001,44.79010000000001,27.13810000000001,0.996,27.47890000000001,2908,91,fifo
28,17.217,44.79010000000001,45.200100000000006,27.57310000000001,0.41000000000000003,27.803100000000008,1800,25,fifo
29,17.404,45.200100000000006,45.6647,27.796100000000006,0.4646,27.915100000000006,690,48,fifo
30,18.851,45.6647,46.297200000000004,26.813700000000004,0.6325000000000001,27.007000000000005,1433,61,fifo
31,19.341,46.297200000000004,47.2475,26.956200000000003,0.9503,27.107300000000002,1011,111,fifo
32,19.595,47.2475,49.144400000000005,27.652500000000003,1.8969,29.1822,14797,51,fifo
33,21.353,49.144400000000005,50.34010000000001,27.791400000000003,1.1957,27.9863,1449,139,fifo
34,21.8,50.34010000000001,54.17340000000001,28.540100000000006,3.8333,29.032600000000006,4425,464,fifo
35,22.005,54.17340000000001,57.20290000000001,32.168400000000005,3.0295,32.418700000000015,2003,386,fifo
36,22.117,57.20290000000001,57.84740000000001,35.08590000000001,0.6445000000000001,35.2984,1625,60,fifo
37,22.492,57.84740000000001,60.62460000000001,35.3554,2.7772,35.843,4376,318,fifo
38,22.688,60.62460000000001,63.52300000000001,37.93660000000001,2.8984,38.04140000000001,548,388,fifo
39,22.757,63.52300000000001,63.86120000000001,40.766000000000005,0.3382,41.08260000000001,2666,3,fifo
40,22.794,63.86120000000001,66.38140000000001,41.067200000000014,2.5202,41.51380000000002,3966,288,fifo
41,22.835,66.38140000000001,69.03740000000002,43.54640000000001,2.656,43.71840000000001,1220,345,fifo
42,22.94,69.03740000000002,69.36980000000003,46.09740000000002,0.33240000000000003,46.242600000000024,952,26,fifo
43,23.051,69.36980000000003,70.68240000000003,46.318800000000024,1.3125999999999998,46.41460000000002,458,169,fifo
44,25.052,70.68240000000003,74.66460000000004,45.63040000000003,3.9821999999999997,45.83980000000003,1594,524,fifo
45,25.299,74.66460000000004,75.30020000000003,49.365600000000036,0.6355999999999999,49.56200000000003,1464,61,fifo
46,25.468,75.30020000000003,76.84980000000003,49.83220000000003,1.5496,50.30180000000003,4196,150,fifo
47,25.585,76.84980000000003,79.06330000000003,51.26480000000003,2.2135,51.411900000000024,971,287,fifo
48,25.85,79.06330000000003,79.64480000000003,53.213300000000025,0.5815,53.334000000000024,707,64,fifo
49,26.543,79.64480000000003,81.87070000000003,53.10180000000003,2.2258999999999998,53.22530000000004,735,292,fifo
50,26.843,81.87070000000003,85.38170000000002,55.027700000000024,3.511,55.20510000000003,1274,463,fifo
51,26.971,85.38170000000002,85.89900000000003,58.41070000000002,0.5173000000000001,58.60400000000001,1433,45,fifo
52,26.998,85.89900000000003,86.25970000000002,58.901000000000025,0.3607,59.088900000000024,1379,24,fifo
53,27.214,86.25970000000002,88.82490000000003,59.045700000000025,2.5652,59.21330000000002,1176,333,fifo
54,27.349,88.82490000000003,89.12350000000002,61.475900000000024,0.2986,61.551300000000026,254,31,fifo
55,27.494,89.12350000000002,89.47860000000001,61.62950000000002,0.35509999999999997,61.72540000000002,459,36,fifo
56,28.19,89.47860000000001,89.83200000000001,61.28860000000002,0.3534,61.44040000000001,1018,28,fifo
57,28.209,89.83200000000001,91.29750000000001,61.623000000000005,1.4655,61.78530000000001,1123,181,fifo
58,28.244,91.29750000000001,91.88470000000001,63.053500000000014,0.5871999999999999,63.19430000000001,908,62,fifo
59,28.743,91.88470000000001,95.7592,63.141700000000014,3.8745,63.47380000000001,2821,492,fifo
60,30.268,95.7592,100.21860000000001,65.4912,4.4594,65.60900000000001,678,603,fifo
61,30.35,100.21860000000001,101.00760000000001,69.86860000000001,0.7889999999999999,70.04560000000001,1270,85,fifo
62,30.71,101.00760000000001,101.09490000000001,70.29760000000002,0.0873,70.3777,301,1,fifo
63,30.744,101.09490000000001,102.1542,70.35090000000001,1.0593,70.49580000000002,949,127,fifo
64,30.798,102.1542,104.5985,71.3562,2.4443,71.8061,3999,277,fifo
65,31.692,104.5985,105.87650000000001,72.9065,1.278,73.1045,1480,150,fifo
66,31.945,105.87650000000001,106.3806,73.9315,0.5041,74.02520000000001,437,57,fifo
67,32.001,106.3806,108.0985,74.37960000000001,1.7179,74.4847,551,224,fifo
68,32.066,108.0985,108.7614,76.0325,0.6629,76.1338,513,78,fifo
69,32.106,108.7614,111.7119,76.65539999999999,2.9505000000000003,76.84109999999998,1357,384,fifo
70,32.447,111.7119,112.1389,79.2649,0.42700000000000005,79.4183,1034,38,fifo
71,32.659,112.1389,112.2399,79.47990000000001,0.10099999999999999,79.5737,438,1,fifo
72,32.749,112.2399,112.8161,79.49090000000001,0.5762,79.5847,438,67,fifo
73,32.94,112.8161,113.1606,79.87610000000001,0.34450000000000003,80.03340000000001,1073,26,fifo
74,32.99,113.1606,115.6918,80.17060000000001,2.5312,80.23939999999999,188,342,fifo
75,33.745,115.6918,115.96340000000001,81.9468,0.2716,82.03120000000001,344,26,fifo
76,34.5,115.96340000000001,118.30860000000001,81.46340000000001,2.3451999999999997,81.87180000000001,3584,269,fifo
77,34.693,118.30860000000001,118.74460000000002,83.61560000000001,0.43599999999999994,83.73480000000002,692,44,fifo
78,35.218,118.74460000000002,122.28650000000002,83.52660000000002,3.5419,84.46210000000002,8855,362,fifo
79,35.269,122.28650000000002,125.24420000000002,87.01750000000001,2.9577,87.20320000000001,1357,385,fifo
80,35.552,125.24420000000002,128.04070000000002,89.69220000000001,2.7965,89.83910000000003,969,368,fifo
81,35.718,128.04070000000002,129.1526,92.32270000000001,1.1118999999999999,92.66420000000001,2915,107,fifo
82,35.855,129.1526,129.5156,93.29760000000002,0.363,93.459,1114,28,fifo
83,36.101,129.5156,131.10330000000002,93.41460000000001,1.5877,93.5695,1049,199,fifo
84,36.546,131.10330000000002,134.99320000000003,94.55730000000003,3.8899,95.17120000000003,5639,455,fifo
85,36.619,134.99320000000003,135.52920000000003,98.37420000000003,0.536,98.47100000000003,468,61,fifo
86,36.747,135.52920000000003,135.91990000000004,98.78220000000003,0.3907,98.92090000000003,887,35,fifo
87,37.194,135.91990000000004,138.92230000000004,98.72590000000004,3.0024,98.94190000000005,1660,387,fifo
88,37.516,138.92230000000004,143.80890000000002,101.40630000000004,4.8866,101.55530000000005,990,658,fifo
89,37.94,143.80890000000002,144.44950000000003,105.86890000000002,0.6406000000000001,105.95510000000002,362,77,fifo
90,38.043,144.44950000000003,147.12720000000002,106.40650000000002,2.6777,106.70100000000002,2445,331,fifo
91,38.1,147.12720000000002,147.95860000000002,109.02720000000002,0.8313999999999999,109.41220000000001,3350,62,fifo
92,38.854,147.95860000000002,148.88020000000003,109.10460000000002,0.9216,109.57260000000001,4180,63,fifo
93,39.766,148.88020000000003,152.50600000000003,109.11420000000004,3.6258,109.33440000000004,1702,473,fifo
94,40.218,152.50600000000003,154.25280000000004,112.28800000000003,1.7468,112.40040000000003,624,227,fifo
95,41.311,154.25280000000004,155.24150000000003,112.94180000000003,0.9887,113.03050000000002,387,125,fifo
96,41.499,155.24150000000003,158.53390000000002,113.74250000000004,3.2923999999999998,114.01810000000003,2256,419,fifo
97,42.19,158.53390000000002,162.3075,116.34390000000002,3.7736,116.51750000000001,1236,500,fifo
98,42.52,162.3075,164.0514,119.7875,1.7439,119.93299999999999,955,222,fifo
99,43.44,164.0514,164.7775,120.6114,0.7261,120.8047,1433,74,fifo
100,44.313,164.7775,166.8521,120.4645,2.0745999999999998,120.54469999999999,302,277,fifo
101,44.324,166.8521,170.323,122.52810000000001,3.4709000000000003,122.66540000000002,873,463,fifo
102,45.296,170.323,170.7624,125.02700000000002,0.43939999999999996,125.14960000000002,726,44,fifo
103,45.944,170.7624,172.4178,124.81840000000001,1.6554,124.933,646,214,fifo
104,46.096,172.4178,173.2205,126.3218,0.8027,126.4117,399,99,fifo
105,46.599,173.2205,173.8345,126.6215,0.614,126.81790000000001,1464,58,fifo
106,46.742,173.8345,174.1615,127.0925,0.32699999999999996,127.1531,106,37,fifo
107,46.905,174.1615,177.42589999999998,127.25649999999999,3.2643999999999997,127.5041,1976,419,fifo
108,47.188,177.42589999999998,178.8936,130.23789999999997,1.4677,130.32319999999999,353,192,fifo
109,48.805,178.8936,181.7776,130.08859999999999,2.8840000000000003,130.2078,692,384,fifo
110,48.991,181.7776,184.00740000000002,132.78660000000002,2.2298,132.97160000000002,1350,284,fifo
111,49.068,184.00740000000002,185.15980000000002,134.93940000000003,1.1523999999999999,135.02620000000002,368,148,fifo
112,50.1,185.15980000000002,186.04080000000002,135.05980000000002,0.881,135.40080000000003,2910,75,fifo
113,51.146,186.04080000000002,192.09300000000002,134.89480000000003,6.0522,134.99260000000004,478,827,fifo
114,52.6,192.09300000000002,195.11010000000002,139.49300000000002,3.0170999999999997,139.60850000000002,655,403,fifo
115,53.248,195.11010000000002,198.3351,141.86210000000003,3.2249999999999996,142.12070000000003,2086,412,fifo
116,53.843,198.3351,203.99470000000002,144.4921,5.6596,144.65090000000004,1088,764,fifo
117,54.031,203.99470000000002,204.49620000000002,149.96370000000002,0.5015000000000001,150.24920000000003,2355,30,fifo
118,54.087,204.49620000000002,204.6732,150.4092,0.17700000000000002,150.579,1198,1,fifo
119,54.589,204.6732,207.86540000000002,150.0842,3.1922,150.2812,1470,416,fifo
120,55.364,207.86540000000002,209.2709,152.50140000000002,1.4055,152.5893,379,183,fifo
121,55.469,209.2709,213.0414,153.80190000000002,3.7705,153.97240000000002,1205,500,fifo
122,55.549,213.0414,216.38330000000002,157.4924,3.3419,157.6447,1023,443,fifo
123,55.994,216.38330000000002,226.23350000000002,160.38930000000002,9.8502,161.05230000000003,6130,1276,fifo
124,56.468,226.23350000000002,229.66530000000003,169.76550000000003,3.4318,170.69890000000004,8834,347,fifo
125,56.561,229.66530000000003,231.28270000000003,173.10430000000002,1.6174,173.35370000000003,1994,190,fifo
126,56.941,231.28270000000003,232.30230000000003,174.34170000000003,1.0196,174.46850000000003,768,124,fifo
127,56.942,232.30230000000003,236.82730000000004,175.36030000000002,4.5249999999999995,175.52930000000003,1190,605,fifo
128,57.492,236.82730000000004,241.24710000000005,179.33530000000005,4.4197999999999995,179.48550000000006,1002,593,fifo
129,58.19,241.24710000000005,241.42350000000005,183.05710000000005,0.17640000000000003,183.22630000000004,1192,1,fifo
130,59.083,241.42350000000005,242.13680000000005,182.34050000000005,0.7133,182.55700000000004,1665,69,fifo
131,59.548,242.13680000000005,244.78530000000006,182.58880000000005,2.6485,182.72450000000006,857,349,fifo
132,60.576,244.78530000000006,245.21490000000006,184.20930000000007,0.4296,184.40850000000006,1492,32,fifo
133,60.754,245.21490000000006,246.42980000000006,184.46090000000007,1.2148999999999999,184.61020000000008,993,148,fifo
134,63.47,246.42980000000006,246.58450000000005,182.95980000000006,0.15470000000000003,183.10730000000007,975,1,fifo
135,63.822,246.58450000000005,253.50030000000004,182.76250000000005,6.9158,182.91030000000003,978,940,fifo
136,64.041,253.50030000000004,256.92870000000005,189.45930000000004,3.4284,189.83490000000003,3256,424,fifo
137,64.471,256.92870000000005,261.51740000000007,192.45770000000005,4.5887,192.66880000000003,1611,608,fifo
138,64.829,261.51740000000007,261.61840000000007,196.68840000000006,0.10099999999999999,196.78220000000005,438,1,fifo
139,65.493,261.61840000000007,263.01140000000004,196.12540000000007,1.393,196.27280000000007,974,173,fifo
140,65.561,263.01140000000004,263.33200000000005,197.45040000000003,0.3206,197.61260000000001,1122,22,fifo
141,65.617,263.33200000000005,266.70180000000005,197.71500000000003,3.3697999999999997,197.84480000000002,798,450,fifo
142,65.754,266.70180000000005,268.71160000000003,200.94780000000003,2.0098,201.04240000000004,446,266,fifo
143,65.803,268.71160000000003,271.62930000000006,202.90860000000004,2.9177,203.02550000000002,669,389,fifo
144,65.816,271.62930000000006,274.35660000000007,205.81330000000005,2.7273,205.92700000000005,637,363,fifo
145,65.853,274.35660000000007,277.7773000000001,208.50360000000006,3.4207,209.46910000000008,9155,341,fifo
146,66.257,277.7773000000001,280.5253000000001,211.52030000000008,2.7479999999999998,211.97150000000005,4012,319,fifo
147,68.49,280.5253000000001,281.2010000000001,212.03530000000006,0.6757000000000001,212.12060000000008,353,82,fifo
148,68.77,281.2010000000001,282.33290000000005,212.4310000000001,1.1319000000000001,212.5189000000001,379,145,fifo
149,69.775,282.33290000000005,283.82980000000003,212.55790000000005,1.4969000000000001,212.97480000000004,3669,150,fifo
150,70.742,283.82980000000003,287.68730000000005,213.08780000000002,3.8575,213.28770000000003,1499,508,fifo
151,71.155,287.68730000000005,288.8844,216.53230000000005,1.1970999999999998,216.74300000000002,1607,137,fifo
152,71.298,288.8844,289.1295,217.58640000000003,0.2451,217.68030000000005,439,21,fifo
153,71.691,289.1295,293.8437,217.4385,4.7142,217.9191,4306,588,fifo
154,71.852,293.8437,297.0826,221.9917,3.2389,222.4802,4385,382,fifo
155,72.1,297.0826,297.56260000000003,224.98260000000002,0.48,225.21780000000004,1852,34,fifo
156,72.349,297.56260000000003,297.74570000000006,225.21360000000004,0.18309999999999998,225.33910000000003,755,8,fifo
157,72.349,297.74570000000006,301.2642000000001,225.39670000000007,3.5185,225.56720000000007,1205,465,fifo
158,72.8,301.2642000000001,303.76880000000006,228.46420000000006,2.5046,228.5712000000001,570,333,fifo
159,73.803,303.76880000000006,304.4714000000001,229.96580000000006,0.7025999999999999,230.08520000000004,694,81,fifo
160,74.321,304.4714000000001,307.24390000000005,230.15040000000008,2.7725,230.74130000000005,5409,303,fifo
161,74.571,307.24390000000005,307.39740000000006,232.67290000000006,0.15350000000000003,232.80480000000003,819,3,fifo
162,75.07,307.39740000000006,308.48730000000006,232.32740000000007,1.0898999999999999,232.42370000000005,463,138,fifo
163,78.191,308.48730000000006,308.6718000000001,230.29630000000006,0.1845,230.42320000000004,769,8,fifo
164,78.198,308.6718000000001,311.63070000000005,230.4738000000001,2.9589,230.59590000000009,721,394,fifo
165,78.552,311.63070000000005,312.73080000000004,233.07870000000003,1.1001,233.43,3013,104,fifo
166,78.941,312.73080000000004,315.7488,233.78980000000004,3.018,233.90620000000004,664,403,fifo
167,79.65,315.7488,319.7527,236.0988,4.0039,236.22190000000003,731,539,fifo
168,80.046,319.7527,322.3663,239.7067,2.6136,239.82190000000003,652,347,fifo
169,80.097,322.3663,327.9941,242.26930000000004,5.6278,242.55470000000003,2354,742,fifo
170,80.247,327.9941,328.6695,247.7471,0.6754,247.8537,566,79,fifo
171,80.752,328.6695,332.29510000000005,247.91750000000002,3.6256,248.23110000000003,2636,460,fifo
172,82.244,332.29510000000005,333.6924,250.05110000000005,1.3973,250.43320000000003,3321,141,fifo
173,83.091,333.6924,336.3147,250.6014,2.6222999999999996,250.7253,739,347,fifo
174,83.505,336.3147,336.9368,252.80970000000002,0.6221,252.971,1113,64,fifo
175,84.31,336.9368,340.6853,252.6268,3.7485,252.78250000000003,1057,499,fifo
176,84.7,340.6853,344.40749999999997,255.9853,3.7222,256.1507,1154,494,fifo
177,85.244,344.40749999999997,344.76129999999995,259.1635,0.3538,259.3157,1022,28,fifo
178,85.334,344.76129999999995,345.11779999999993,259.42729999999995,0.3565,259.62539999999996,1481,22,fifo
179,85.843,345.11779999999993,348.04959999999994,259.2747999999999,2.9318,259.3913999999999,666,391,fifo
180,88.097,348.04959999999994,350.7065999999999,259.95259999999996,2.657,260.08959999999996,870,350,fifo
181,88.583,350.7065999999999,353.7373999999999,262.1235999999999,3.0308,262.2599999999999,864,402,fifo
182,88.742,353.7373999999999,354.7022999999999,264.9953999999999,0.9649,265.4634999999999,4181,69,fifo
183,89.155,354.7022999999999,357.54259999999994,265.54729999999995,2.8403,265.74519999999995,1479,367,fifo
184,89.24,357.54259999999994,360.91999999999996,268.3025999999999,3.3773999999999997,269.2679999999999,9154,335,fifo
185,89.903,360.91999999999996,361.28499999999997,271.01699999999994,0.365,271.16599999999994,990,30,fifo
186,90.021,361.28499999999997,361.4156,271.26399999999995,0.1306,271.33699999999993,230,8,fifo
187,90.047,361.4156,361.8228,271.3686,0.4072,271.4878,692,40,fifo
188,90.101,361.8228,362.38259999999997,271.7218,0.5598,271.9432,1714,47,fifo
189,90.494,362.38259999999997,365.344,271.8886,2.9614,271.9771999999999,386,399,fifo
190,90.799,365.344,367.1187,274.54499999999996,1.7747,274.64930000000004,543,232,fifo
191,91.245,367.1187,368.6528,275.8737,1.5341,275.9678,441,200,fifo
192,91.49,368.6528,368.9873,277.1628,0.3345,277.3101,973,26,fifo
193,92.191,368.9873,369.8027,276.7963,0.8154,276.9637,1174,90,fifo
194,92.208,369.8027,370.19300000000004,277.5947,0.39030000000000004,277.78340000000003,1387,28,fifo
195,92.605,370.19300000000004,371.0588,277.588,0.8658,277.88500000000005,2470,79,fifo
196,92.692,371.0588,374.0357,278.3668,2.9768999999999997,278.5645,1477,386,fifo
197,92.752,374.0357,376.9114,281.2837,2.8756999999999997,281.6178,2841,353,fifo
198,92.82,376.9114,380.6778,284.0914,3.7664,284.26500000000004,1236,499,fifo
199,92.834,380.6778,384.1535,287.8438,3.4757000000000002,287.95709999999997,633,467,fifo
200,92.996,384.1535,385.3774,291.1575,1.2239,291.57500000000005,3675,112,fifo
201,93.57,385.3774,388.27250000000004,291.80740000000003,2.8951000000000002,292.07450000000006,2171,365,fifo
202,93.994,388.27250000000004,388.70070000000004,294.2785,0.4282,294.4547,1262,35,fifo
203,94.069,388.70070000000004,389.408,294.6317,0.7073,294.79900000000004,1173,75,fifo
204,94.357,389.408,391.0039,295.05100000000004,1.5958999999999999,295.52369999999996,4227,156,fifo
205,94.803,391.0039,393.64119999999997,296.2009,2.6373,296.6494,3985,304,fifo
206,95.044,393.64119999999997,394.09119999999996,298.5972,0.44999999999999996,298.68719999999996,400,50,fifo
207,95.084,394.09119999999996,396.85599999999994,299.00719999999995,2.7648,299.24479999999994,1876,351,fifo
208,95.107,396.85599999999994,397.22329999999994,301.7489999999999,0.3673,301.87149999999997,725,34,fifo
209,95.193,397.22329999999994,398.2629999999999,302.03029999999995,1.0397,302.37159999999994,2913,97,fifo
210,95.49,398.2629999999999,400.73799999999994,302.7729999999999,2.4749999999999996,303.2607999999999,4378,276,fifo
211,95.691,400.73799999999994,411.24569999999994,305.0469999999999,10.5077,305.65469999999993,5577,1375,fifo
212,96.692,411.24569999999994,411.9789999999999,314.55369999999994,0.7333000000000001,314.74699999999996,1433,75,fifo
213,96.802,411.9789999999999,414.7403999999999,315.1769999999999,2.7614,315.6199999999999,3930,322,fifo
214,97.242,414.7403999999999,418.5385999999999,317.4983999999999,3.7981999999999996,317.6245999999999,762,510,fifo
215,98.118,418.5385999999999,421.6726999999999,320.4205999999999,3.1341,320.5954999999999,1249,411,fifo
216,98.459,421.6726999999999,422.07069999999993,323.2136999999999,0.398,323.5036999999999,2400,15,fifo
217,98.941,422.07069999999993,422.63739999999996,323.12969999999996,0.5667,323.21399999999994,343,67,fifo
218,99.743,422.63739999999996,422.95259999999996,322.89439999999996,0.31520000000000004,323.044,996,23,fifo
219,99.941,422.95259999999996,429.93219999999997,323.01159999999993,6.9796,323.288,2264,931,fifo
220,100.155,429.93219999999997,432.22749999999996,329.7772,2.2952999999999997,329.87649999999996,493,305,fifo
221,101.253,432.22749999999996,432.88629999999995,330.9745,0.6588,331.0861,616,76,fifo
222,101.592,432.88629999999995,435.96659999999997,331.29429999999996,3.0803,331.42979999999994,855,409,fifo
223,101.692,435.96659999999997,438.1137,334.27459999999996,2.1471,334.40569999999997,811,280,fifo
224,101.801,438.1137,439.2813,336.3127,1.1676000000000002,336.4003,376,150,fifo
225,101.907,439.2813,442.33889999999997,337.3743,3.0576,337.5519,1276,400,fifo
226,102.698,442.33889999999997,442.44169999999997,339.6409,0.1028,339.7365,456,1,fifo
227,102.746,442.44169999999997,445.9405,339.6957,3.4988,340.5737,8280,364,fifo
228,102.942,445.9405,448.0408,342.9985,2.1003,343.29879999999997,2503,250,fifo
229,103.057,448.0408,451.5346,344.9838,3.4938,345.39599999999996,3622,428,fifo
230,103.74,451.5346,454.3143,347.7946,2.7797,348.0975,2529,344,fifo
231,103.842,454.3143,457.3266,350.4723,3.0123,350.62620000000004,1039,397,fifo
232,104.051,457.3266,460.9435,353.2756,3.6169,353.7173,3917,441,fifo
233,104.405,460.9435,464.6982,356.5385,3.7546999999999997,356.8804,2919,474,fifo
234,104.795,464.6982,464.8487,359.90319999999997,0.15050000000000002,359.96729999999997,141,12,fifo
235,105.572,464.8487,466.9301,359.2767,2.0814,359.4069,802,271,fifo
236,105.993,466.9301,467.5163,360.9371,0.5862,361.2641,2770,36,fifo
237,106.518,467.5163,470.1832,360.9983,2.6669,361.21720000000005,1689,340,fifo
238,106.852,470.1832,470.9593,363.33119999999997,0.7761,363.5457,1645,78,fifo
239,106.944,470.9593,474.1199,364.01529999999997,3.1606,364.12309999999997,578,424,fifo
240,107.592,474.1199,475.316,366.5279,1.1961,366.7808,2029,131,fifo
241,107.843,475.316,478.22549999999995,367.47299999999996,2.9095,367.60329999999993,803,386,fifo
242,108.211,478.22549999999995,478.62489999999997,370.01449999999994,0.3994,370.13309999999996,686,39,fifo
243,108.32,478.62489999999997,481.70539999999994,370.3049,3.0805000000000002,371.3046,9497,289,fifo
244,108.554,481.70539999999994,482.58019999999993,373.15139999999997,0.8748,373.34939999999995,1480,94,fifo
245,108.694,482.58019999999993,482.73369999999994,373.8861999999999,0.15350000000000003,374.0180999999999,819,3,fifo
246,108.696,482.73369999999994,484.11359999999996,374.0377,1.3799000000000001,374.1575999999999,699,175,fifo
247,108.961,484.11359999999996,485.2347,375.15259999999995,1.1211,375.25129999999996,487,142,fifo
248,109.658,485.2347,486.39029999999997,375.57669999999996,1.1556,375.77469999999994,1480,133,fifo
249,109.742,486.39029999999997,487.60699999999997,376.64829999999995,1.2167,377.08019999999993,3819,109,fifo
250,109.992,487.60699999999997,488.57219999999995,377.61499999999995,0.9652000000000001,378.03299999999996,3680,76,fifo
251,110.064,488.57219999999995,491.83759999999995,378.5082,3.2654,378.65599999999995,978,433,fifo
252,111.653,491.83759999999995,491.93539999999996,380.18459999999993,0.09780000000000001,380.2751999999999,406,1,fifo
253,111.994,491.93539999999996,493.2127,379.94139999999993,1.2773,380.0883,969,157,fifo
254,112.094,493.2127,494.25509999999997,381.1187,1.0424,381.3619,1932,111,fifo
255,112.241,494.25509999999997,497.9946,382.0141,3.7395,382.9456,8815,390,fifo
256,112.242,497.9946,499.1785,385.7526,1.1839,386.09409999999997,2915,117,fifo
257,112.492,499.1785,501.9368,386.68649999999997,2.7582999999999998,386.8456,1091,361,fifo
258,112.71,501.9368,503.6946,389.2268,1.7578,389.8614,5846,156,fifo
259,112.942,503.6946,504.5406,390.7526,0.8460000000000001,390.95059999999995,1480,90,fifo
260,113.329,504.5406,504.7374,391.2116,0.19679999999999997,391.3508,892,8,fifo
261,114.047,504.7374,506.1287,390.69039999999995,1.3913,391.15289999999993,4125,129,fifo
262,114.846,506.1287,506.5911,391.2827,0.4624,391.5147,1820,32,fifo
263,114.99,506.5911,509.55719999999997,391.6011,2.9661,392.0544,4033,349,fifo
264,115.066,509.55719999999997,510.6072,394.49119999999994,1.05,395.1236,5824,58,fifo
265,115.493,510.6072,511.0795,395.1142,0.47230000000000005,395.3417,1775,34,fifo
266,115.946,511.0795,512.4863,395.1335,1.4068,395.5683,3848,135,fifo
267,115.994,512.4863,513.8717,396.4923,1.3854,396.92729999999995,3850,132,fifo
268,116.491,513.8717,518.4387,397.38070000000005,4.566999999999999,397.5413000000001,1106,612,fifo
269,116.491,518.4387,522.2123,401.94770000000005,3.7736,402.1213,1236,500,fifo
270,116.569,522.2123,525.1012000000001,405.6433,2.8889,405.825,1317,376,fifo
271,116.842,525.1012000000001,526.5011000000001,408.2592000000001,1.3999000000000001,408.4135000000001,1043,173,fifo
272,116.942,526.5011000000001,526.6147000000001,409.55910000000006,0.1136,409.6223000000001,132,7,fifo
273,116.946,526.6147000000001,527.2791000000001,409.66870000000006,0.6644,409.8651000000001,1464,65,fifo
274,117.49,527.2791000000001,530.1079000000001,409.7891000000001,2.8288,410.9619000000001,11228,230,fifo
275,117.508,530.1079000000001,530.2911000000001,412.5999000000001,0.18319999999999997,412.72550000000007,756,8,fifo
276,117.657,530.2911000000001,534.0653000000001,412.63410000000016,3.7742,413.11790000000013,4338,457,fifo
277,117.657,534.0653000000001,535.6091000000001,416.4083000000001,1.5438,416.5049000000001,466,201,fifo
278,117.993,535.6091000000001,540.4527000000002,417.61610000000013,4.8435999999999995,418.0533000000001,3872,612,fifo
279,118.091,540.4527000000002,541.7513000000001,422.36170000000016,1.2986,422.47230000000013,606,165,fifo
280,118.195,541.7513000000001,544.3583000000001,423.55630000000014,2.6069999999999998,423.9961000000001,3898,301,fifo
281,118.589,544.3583000000001,545.6112,425.7693000000001,1.2529,425.8630000000001,437,161,fifo
282,118.843,545.6112,547.0804,426.76820000000004,1.4692,426.8622000000001,440,191,fifo
283,118.844,547.0804,549.4469,428.23640000000006,2.3665,428.3853000000001,989,308,fifo
284,119.488,549.4469,550.484,429.9589,1.0371,430.0528,439,131,fifo
285,119.646,550.484,553.1141,430.838,2.6301,431.04170000000005,1537,337,fifo
286,119.856,553.1141,556.8877,433.2581,3.7736,433.4317,1236,500,fifo
287,119.987,556.8877,559.9645,436.90070000000003,3.0767999999999995,437.2415,2908,380,fifo
288,119.995,559.9645,562.8814000000001,439.96950000000004,2.9169,440.2296,2101,369,fifo
289,120.258,562.8814000000001,563.7385,442.6234000000001,0.8571,443.0917000000001,4183,54,fifo
290,120.444,563.7385,564.4722,443.2945,0.7337,443.3874,429,89,fifo
291,120.462,564.4722,564.8522,444.01020000000005,0.38,444.18140000000005,1212,29,fifo
292,120.745,564.8522,572.0803000000001,444.10720000000003,7.2281,444.93450000000007,7773,889,fifo
293,120.747,572.0803000000001,575.2526,451.33330000000007,3.1723,451.8128000000001,4295,374,fifo
294,120.949,575.2526,575.7474000000001,454.3036,0.4948,454.42400000000004,704,52,fifo
295,121.244,575.7474000000001,576.1479,454.50340000000006,0.4005,454.7311000000001,1777,24,fifo
296,121.658,576.1479,576.258,454.48990000000003,0.1101,454.54960000000005,97,7,fifo
297,121.84,576.258,579.2446,454.418,2.9866,454.8918,4238,349,fifo
298,122.945,579.2446,581.3756999999999,456.2996,2.1311,456.73870000000005,3891,235,fifo
299,123.583,581.3756999999999,582.3907999999999,457.79269999999997,1.0151,457.8861999999999,435,128,fifo
300,123.819,582.3907999999999,584.3149999999999,458.5717999999999,1.9242,458.6599999999999,382,255,fifo
301,123.942,584.3149999999999,587.563,460.37299999999993,3.2479999999999998,460.5465999999999,1236,427,fifo
302,124.338,587.563,590.5497,463.225,2.9867,463.31730000000005,423,402,fifo
303,124.34,590.5497,591.2686,466.2097,0.7189,466.403,1433,73,fifo
304,124.546,591.2686,593.0735,466.7226,1.8049,466.8427,701,234,fifo
305,124.564,593.0735,594.0586,468.5095,0.9851000000000001,468.68820000000005,1287,112,fifo
306,124.946,594.0586,598.597,469.11259999999993,4.5384,469.35259999999994,1900,597,fifo
307,125.252,598.597,599.0274,473.34499999999997,0.4304,473.51619999999997,1212,36,fifo
308,125.441,599.0274,599.9617,473.5863999999999,0.9343,473.69989999999996,635,114,fifo
309,125.691,599.9617,601.3424,474.2706999999999,1.3807,474.6145999999999,2939,144,fifo
310,125.692,601.3424,604.4937,475.6504,3.1513,475.82089999999994,1205,414,fifo
311,126.442,604.4937,607.6872999999999,478.0517,3.1936,478.9845,8828,314,fifo
312,126.745,607.6872999999999,609.7780999999999,480.94229999999993,2.0908,482.2194999999999,12272,113,fifo
313,127.834,609.7780999999999,612.8375999999998,481.9440999999999,3.0595,482.1019999999999,1079,403,fifo
314,127.988,612.8375999999998,619.5945999999998,484.84959999999984,6.757,485.09779999999984,1982,904,fifo
315,128.444,619.5945999999998,623.3681999999998,491.1505999999998,3.7736,491.3241999999998,1236,500,fifo
316,128.593,623.3681999999998,623.9543999999997,494.7751999999998,0.5862,495.1021999999998,2770,36,fifo
317,128.847,623.9543999999997,624.3883999999997,495.10739999999976,0.43400000000000005,495.2461999999997,888,41,fifo
318,129.081,624.3883999999997,631.4045999999997,495.3073999999997,7.0161999999999995,495.47639999999967,1190,951,fifo
319,129.252,631.4045999999997,648.9315999999998,502.1525999999997,17.526999999999997,502.9179999999997,7154,2328,fifo
320,130.099,648.9315999999998,651.2417999999998,518.8325999999997,2.3102,518.9611999999997,786,303,fifo
321,130.442,651.2417999999998,652.0365999999998,520.7997999999998,0.7948000000000001,520.9465999999998,968,90,fifo
322,132.745,652.0365999999998,654.1858999999998,519.2915999999998,2.1492999999999998,519.5040999999998,1625,269,fifo
323,133.691,654.1858999999998,654.8903999999999,520.4948999999998,0.7045,520.6881999999998,1433,71,fifo
324,133.841,654.8903999999999,656.1864999999999,521.0493999999999,1.2961,521.1646999999999,653,164,fifo
325,134.09,656.1864999999999,659.0296999999999,522.0964999999999,2.8432,523.2692999999999,11228,232,fifo
326,134.195,659.0296999999999,662.1192,524.8346999999999,3.0894999999999997,525.3178,4331,362,fifo
327,134.253,662.1192,664.3928,527.8661999999999,2.2736,528.0229999999999,1068,294,fifo
328,134.519,664.3928,667.3933,529.8738,3.0004999999999997,530.0374999999999,1137,394,fifo
329,135.355,667.3933,671.0269999999999,532.0382999999999,3.6337,532.2087999999999,1205,481,fifo
330,136.299,671.0269999999999,671.7891,534.728,0.7621,534.9213,1433,79,fifo
331,136.996,671.7891,672.4049,534.7931,0.6158,534.9697,1266,61,fifo
332,137.459,672.4049,675.1511,534.9458999999999,2.7462,535.0641,682,365,fifo
333,138.562,675.1511,675.2999000000001,536.5891,0.1488,536.6731,340,9,fifo
334,138.942,675.2999000000001,676.3346000000001,536.3579000000001,1.0347,536.5502000000001,1423,117,fifo
335,139.073,676.3346000000001,677.0533000000001,537.2616000000002,0.7186999999999999,537.4835000000002,1719,69,fifo
336,139.246,677.0533000000001,679.4566000000001,537.8073000000002,2.4032999999999998,538.2162000000002,3589,277,fifo
337,139.313,679.4566000000001,682.8917000000001,540.1436000000001,3.4351,540.3027000000001,1091,455,fifo
338,139.443,682.8917000000001,685.0956000000001,543.4487000000001,2.2039,543.6510000000002,1523,278,fifo
339,140.499,685.0956000000001,685.6164000000001,544.5966000000001,0.5207999999999999,544.7358,892,53,fifo
340,140.82,685.6164000000001,688.6627000000001,544.7964000000002,3.0463,545.0995,2531,381,fifo
341,142.299,688.6627000000001,692.5108000000001,546.3637000000001,3.8481,547.5334000000001,11197,372,fifo
342,142.441,692.5108000000001,694.9882000000001,550.0698000000001,2.4774000000000003,550.5240000000001,4042,281,fifo
343,142.574,694.9882000000001,698.3421000000001,552.4142000000002,3.3539,552.5929000000001,1287,441,fifo
344,143.504,698.3421000000001,698.5002000000001,554.8381,0.15810000000000002,554.989,1009,1,fifo
345,144.312,698.5002000000001,700.9804,554.1882,2.4802,554.4076,1694,314,fifo
346,145.065,700.9804,704.4719,555.9154000000001,3.4915,556.2317,2663,441,fifo
347,147.6,704.4719,706.7297,556.8719,2.2577999999999996,556.9985,766,296,fifo
348,148.007,706.7297,709.8334,558.7227,3.1037,558.9248,1521,403,fifo
349,148.25,709.8334,710.0305999999999,561.5834,0.1972,561.723,896,8,fifo
350,149.07,710.0305999999999,712.8919999999999,560.9605999999999,2.8613999999999997,561.1147999999998,1042,376,fifo
351,149.07,712.8919999999999,716.3303,563.8219999999999,3.4383,563.9842999999998,1123,455,fifo
352,149.487,716.3303,734.0857,566.8433,17.755399999999998,567.9091,10158,2318,fifo
353,149.758,734.0857,734.1535,584.3276999999999,0.0678,584.3883,106,1,fifo
354,150.055,734.1535,734.8153,584.0985000000001,0.6617999999999999,584.2419,934,72,fifo
355,152.487,734.8153,737.35,582.3283,2.5347,582.451,727,335,fifo
356,154.005,737.35,737.4150000000001,583.345,0.065,583.4028000000001,78,1,fifo
357,154.748,737.4150000000001,740.1413000000001,582.6670000000001,2.7263,582.8301000000001,1131,356,fifo
358,154.969,740.1413000000001,743.5800000000002,585.1723000000002,3.4387,585.3494000000001,1271,453,fifo
359,156.44,743.5800000000002,743.7767000000001,587.1400000000001,0.1967,587.2359000000001,459,14,fifo
360,158.571,743.7767000000001,752.0140000000001,585.2057000000001,8.2373,585.8974000000001,6417,1048,fifo
361,159.255,752.0140000000001,754.8640000000001,592.7590000000001,2.8499999999999996,592.9090000000001,1000,375,fifo
362,160.855,754.8640000000001,759.9443000000001,594.0090000000001,5.0803,594.3949000000001,3359,652,fifo
363,161.023,759.9443000000001,763.1949000000001,598.9213000000001,3.2506,599.1479,1766,420,fifo
364,163.094,763.1949000000001,766.0696,600.1009000000001,2.8747,600.3980000000001,2471,358,fifo
365,163.396,766.0696,766.8252,602.6736000000001,0.7556000000000002,603.3932000000001,6696,5,fifo
366,164.069,766.8252,767.6001,602.7562,0.7749,602.8687,625,92,fifo
367,164.191,767.6001,770.7102,603.4091,3.1101,603.5312,721,415,fifo
368,164.258,770.7102,775.7692,606.4522,5.059,606.5935999999999,914,683,fifo
369,165.246,775.7692,778.654,610.5232,2.8848000000000003,610.816,2428,360,fifo
370,165.257,778.654,778.7674,613.3969999999999,0.1134,613.46,130,7,fifo
371,165.583,778.7674,779.5978,613.1844,0.8304,613.3524,1180,92,fifo
372,166.545,779.5978,780.0761,613.0528,0.4783,613.1279000000001,251,56,fifo
373,166.797,780.0761,784.4843,613.2791,4.4082,614.0224999999999,6934,509,fifo
374,167.801,784.4843,788.5727999999999,616.6832999999999,4.0885,617.3517999999999,6185,475,fifo
375,167.842,788.5727999999999,791.2029999999999,620.7307999999999,2.6302,620.8553999999999,746,348,fifo
376,168.901,791.2029999999999,792.3191999999999,622.3019999999999,1.1162,622.4317999999998,798,137,fifo
377,169.008,792.3191999999999,792.8267,623.3111999999999,0.5075000000000001,623.3866999999999,255,60,fifo
378,169.593,792.8267,795.5718999999999,623.2337,2.7452,623.3941,1104,359,fifo
379,170.046,795.5718999999999,796.1125999999999,625.5258999999999,0.5407,625.7857999999999,2099,39,fifo
380,170.579,796.1125999999999,798.9771,625.5336,2.8645,625.6188999999999,353,386,fifo
381,170.842,798.9771,802.0713999999999,628.1351,3.0942999999999996,628.3206,1355,404,fifo
382,172.047,802.0713999999999,802.81,630.0243999999999,0.7386,630.1149999999999,406,90,fifo
383,172.466,802.81,803.0102999999999,630.3439999999999,0.20029999999999998,630.4866999999999,927,8,fifo
384,172.96,803.0102999999999,805.7817999999999,630.0502999999999,2.7715,630.1649999999998,647,369,fifo
385,173.0,805.7817999999999,806.3255999999999,632.7817999999999,0.5438000000000001,632.9007999999999,690,59,fifo
386,173.263,806.3255999999999,807.8690999999999,633.0625999999999,1.5434999999999999,633.2020999999999,895,195,fifo
387,173.406,807.8690999999999,810.2754999999999,634.4630999999999,2.4064,634.5799,668,318,fifo
388,174.297,810.2754999999999,813.2096999999999,635.9784999999998,2.9341999999999997,636.1046999999999,762,390,fifo
389,174.512,813.2096999999999,815.7887999999999,638.6976999999999,2.5791,638.8503999999998,1027,337,fifo
390,175.989,815.7887999999999,818.3401999999999,639.7997999999999,2.5514,639.8959999999998,462,341,fifo
391,176.012,818.3401999999999,818.8043999999999,642.3281999999999,0.4642,642.5043999999998,1262,40,fifo
392,176.261,818.8043999999999,819.7868999999998,642.5433999999999,0.9824999999999999,642.6330999999999,397,124,fifo
393,176.694,819.7868999999998,821.2217999999998,643.0928999999999,1.4349,643.1813999999998,385,187,fifo
394,177.508,821.2217999999998,822.4716999999998,643.7137999999998,1.2499,643.9268999999998,1631,144,fifo
395,178.009,822.4716999999998,823.6112999999998,644.4626999999998,1.1396,644.6086999999998,960,138,fifo
396,178.259,823.6112999999998,824.8294999999998,645.3522999999998,1.2182,645.7784999999998,3762,110,fifo
397,178.44,824.8294999999998,825.8549999999998,646.3894999999998,1.0255,646.8605999999997,4211,77,fifo
398,178.501,825.8549999999998,826.3238999999998,647.3539999999998,0.4689,647.5924999999999,1885,32,fifo
399,178.815,826.3238999999998,829.4106999999998,647.5088999999998,3.0868,647.6652999999997,1064,407,fifo
400,178.858,829.4106999999998,832.0943999999998,650.5526999999997,2.6837,650.6947999999998,921,353,fifo
401,179.744,832.0943999999998,832.4415999999999,652.3503999999998,0.3472,652.5247999999998,1244,24,fifo
402,180.294,832.4415999999999,834.6424999999999,652.1475999999999,2.2009,652.3180999999998,1205,282,fifo
403,180.321,834.6424999999999,837.4926999999999,654.3214999999999,2.8502,654.4140999999998,426,383,fifo
404,181.001,837.4926999999999,837.9708999999999,656.4916999999999,0.47819999999999996,656.6098999999999,682,50,fifo
405,181.008,837.9708999999999,839.0473,656.9628999999999,1.0764,657.1608999999999,1480,122,fifo
406,181.084,839.0473,839.334,657.9632999999999,0.2867,658.0916,783,22,fifo
407,181.548,839.334,839.7920999999999,657.786,0.4581,657.8625,265,53,fifo
408,181.834,839.7920999999999,840.1831999999999,657.9580999999998,0.3911,658.1547999999998,1467,27,fifo
409,182.002,840.1831999999999,840.6845,658.1812,0.5013000000000001,658.2576999999999,265,59,fifo
410,182.022,840.6845,843.6791,658.6624999999999,2.9946,658.8274999999999,1150,393,fifo
411,182.246,843.6791,845.1088,661.4331,1.4297,661.6243999999999,1413,172,fifo
412,182.691,845.1088,845.2948,662.4177999999999,0.18600000000000003,662.5966,1288,1,fifo
413,183.069,845.2948,845.6423,662.2258,0.34750000000000003,662.3573,815,30,fifo
414,183.244,845.6423,848.3287,662.3983,2.6864000000000003,663.0614999999999,6132,281,fifo
415,183.268,848.3287,852.6274000000001,665.0607,4.298699999999999,665.1546,439,584,fifo
416,183.546,852.6274000000001,856.9851000000001,669.0814,4.3577,670.0479,9165,471,fifo
417,183.693,856.9851000000001,858.6554000000001,673.2921000000001,1.6703,673.8464000000001,5043,155,fifo
418,183.753,858.6554000000001,863.4191000000001,674.9024000000002,4.7637,675.2957000000001,3433,607,fifo
419,183.769,863.4191000000001,864.1051000000001,679.6501000000001,0.6859999999999999,679.8465000000001,1464,68,fifo
420,183.94,864.1051000000001,865.2010000000001,680.1651000000002,1.0958999999999999,680.2602000000002,451,139,fifo
421,184.094,865.2010000000001,866.0442000000002,681.1070000000002,0.8432,681.2446000000002,876,98,fifo
422,184.153,866.0442000000002,866.3450000000001,681.8912000000001,0.3008,682.0336000000001,924,22,fifo
423,184.467,866.3450000000001,868.5741000000002,681.8780000000002,2.2291,682.0119000000002,839,291,fifo
424,184.941,868.5741000000002,869.1029000000002,683.6331000000001,0.5287999999999999,683.7515000000001,684,57,fifo
425,185.008,869.1029000000002,869.7901000000002,684.0949000000002,0.6872,684.2709000000002,1260,71,fifo
426,185.02,869.7901000000002,874.3604000000001,684.7701000000002,4.5703,684.9916000000002,1715,604,fifo
427,185.268,874.3604000000001,874.4903000000002,689.0924000000001,0.12990000000000002,689.2151000000001,727,1,fifo
428,185.568,874.4903000000002,874.6912000000002,688.9223000000002,0.20090000000000002,688.9864000000002,141,19,fifo
429,185.65,874.6912000000002,877.0642000000003,689.0412000000002,2.373,689.2254000000003,1342,304,fifo
430,185.694,877.0642000000003,877.2645000000002,691.3702000000003,0.20029999999999998,691.4409000000003,207,18,fifo
431,186.601,877.2645000000002,880.0480000000002,690.6635000000002,2.7835,690.7830000000002,695,370,fifo
432,186.797,880.0480000000002,880.5190000000002,693.2510000000002,0.471,693.3692000000002,682,49,fifo
433,186.94,880.5190000000002,880.8530000000002,693.5790000000002,0.33399999999999996,693.6538000000003,248,36,fifo
434,187.468,880.8530000000002,883.6691000000002,693.3850000000002,2.8160999999999996,693.5299000000002,949,371,fifo
435,187.743,883.6691000000002,884.0685000000002,695.9261000000001,0.3994,696.0447000000001,686,39,fifo
436,187.824,884.0685000000002,886.9636000000002,696.2445000000002,2.8951,696.3676000000003,731,385,fifo
437,187.94,886.9636000000002,887.6592000000002,699.0236000000002,0.6956,699.1576000000002,840,78,fifo
438,188.055,887.6592000000002,888.8333000000001,699.6042000000002,1.1741,699.8495000000003,1953,129,fifo
439,188.252,888.8333000000001,890.3624000000001,700.5813,1.5291,701.0088000000001,3775,153,fifo
440,189.249,890.3624000000001,891.5034,701.1134000000001,1.141,701.2176000000001,542,144,fifo
441,189.44,891.5034,892.1875,702.0634,0.6841,702.2003,869,76,fifo
442,190.012,892.1875,892.8629,702.1755,0.6754,702.2964999999999,710,77,fifo
443,190.065,892.8629,893.0509999999999,702.7979,0.1881,702.8707999999999,229,16,fifo
444,190.117,893.0509999999999,894.2281999999999,702.934,1.1772,703.132,1480,136,fifo
445,190.753,894.2281999999999,895.3264999999999,703.4751999999999,1.0983,703.9902999999999,4651,81,fifo
446,190.758,895.3264999999999,895.8577999999999,704.5684999999999,0.5313,704.7973999999998,1789,42,fifo
447,190.799,895.8577999999999,899.3584999999999,705.0587999999999,3.5007,705.1682999999999,595,471,fifo
448,190.799,899.3584999999999,900.1493999999999,708.5595,0.7909,708.7528,1433,83,fifo
449,191.15,900.1493999999999,904.1217999999999,708.9993999999999,3.9724,709.3789999999999,3296,499,fifo
450,191.324,904.1217999999999,905.2862999999999,712.7977999999998,1.1645,712.9182999999998,705,145,fifo
451,191.508,905.2862999999999,905.6219999999998,713.7782999999998,0.3357,713.9267999999998,985,26,fifo
452,191.548,905.6219999999998,905.9739999999998,714.0739999999998,0.352,714.2387999999999,1148,26,fifo
453,192.248,905.9739999999998,906.6589999999998,713.7259999999999,0.685,713.8133999999998,374,83,fifo
454,192.292,906.6589999999998,906.9962999999998,714.3669999999997,0.3373,714.4954999999998,785,29,fifo
455,192.526,906.9962999999998,907.7007999999998,714.4702999999997,0.7045,714.6635999999999,1433,71,fifo
456,192.743,907.7007999999998,907.8499999999998,714.9577999999999,0.1492,715.0205999999998,128,12,fifo
457,192.821,907.8499999999998,909.2371999999998,715.0289999999998,1.3872,715.1705999999998,916,173,fifo
458,192.997,909.2371999999998,909.6038999999998,716.2401999999997,0.3667,716.4196999999997,1295,26,fifo
459,193.248,909.6038999999998,909.8590999999998,716.3558999999998,0.2552,716.4742999999999,684,19,fifo
460,193.261,909.8590999999998,910.2425999999998,716.5980999999998,0.38349999999999995,716.7871999999999,1391,27,fifo
461,193.291,910.2425999999998,910.7077999999998,716.9515999999999,0.46520000000000006,717.1791999999998,1776,33,fifo
462,193.508,910.7077999999998,911.2064999999998,717.1997999999998,0.4987,717.3312999999997,815,51,fifo
463,194.073,911.2064999999998,912.2511999999998,717.1334999999998,1.0447,717.6021999999998,4187,80,fifo
464,194.269,912.2511999999998,913.0913999999998,717.9821999999998,0.8402,718.3255999999998,2934,69,fifo
465,194.396,913.0913999999998,913.4184999999998,718.6953999999998,0.3271,718.7704999999999,251,35,fifo
466,194.576,913.4184999999998,914.1361999999998,718.8424999999997,0.7177,718.9625999999997,701,83,fifo
467,194.758,914.1361999999998,915.9336999999998,719.3781999999998,1.7975,719.5268999999997,987,229,fifo
468,195.254,915.9336999999998,917.1883999999998,720.6796999999998,1.2547,721.1927999999998,4631,103,fifo
469,196.004,917.1883999999998,918.8245999999998,721.1843999999998,1.6362,721.3445999999998,1102,205,fifo
470,196.004,918.8245999999998,920.1208999999998,722.8205999999998,1.2963,723.2888999999998,4183,115,fifo
471,196.096,920.1208999999998,922.4616999999997,724.0248999999998,2.3407999999999998,724.1552999999998,804,307,fifo
472,196.245,922.4616999999997,924.7249999999997,726.2166999999997,2.2633,726.3055999999997,389,302,fifo
473,196.263,924.7249999999997,925.5152999999997,728.4619999999996,0.7903,728.6114999999996,995,89,fifo
474,196.767,925.5152999999997,928.1117999999997,728.7482999999997,2.5965,728.8751999999997,769,343,fifo
475,197.403,928.1117999999997,931.7794999999996,730.7087999999997,3.6677,730.8700999999996,1113,487,fifo
476,197.575,931.7794999999996,936.0638999999996,734.2044999999996,4.2844,734.4496999999997,1952,561,fifo
477,197.575,936.0638999999996,937.5331999999996,738.4888999999996,1.4693,738.6837999999996,1449,177,fifo
478,197.99,937.5331999999996,938.5190999999996,739.5431999999996,0.9859,739.6866999999996,935,117,fifo
479,198.003,938.5190999999996,939.6500999999996,740.5160999999996,1.131,740.6174999999996,514,143,fifo
480,198.007,939.6500999999996,942.5118999999996,741.6430999999995,2.8617999999999997,742.0280999999995,3350,344,fifo
481,198.062,942.5118999999996,943.0426999999996,744.4498999999996,0.5307999999999999,744.6278999999996,1280,49,fifo
482,198.256,943.0426999999996,946.0713999999996,744.7866999999997,3.0286999999999997,745.7201999999996,8835,291,fifo
483,198.256,946.0713999999996,949.4701999999996,747.8153999999996,3.3987999999999996,748.2765999999996,4112,408,fifo
484,198.551,949.4701999999996,950.3420999999996,750.9191999999996,0.8719000000000001,751.6542999999997,6851,19,fifo
485,198.701,950.3420999999996,951.0352999999997,751.6410999999996,0.6932,751.8374999999996,1464,69,fifo
486,198.801,951.0352999999997,951.4394999999996,752.2342999999996,0.4042,752.4368999999997,1526,28,fifo
487,199.009,951.4394999999996,951.9606999999996,752.4304999999996,0.5212,752.5484999999996,680,56,fifo
488,199.394,951.9606999999996,952.3074999999997,752.5666999999996,0.3468,752.6542999999996,376,36,fifo
489,199.586,952.3074999999997,954.9090999999996,752.7214999999997,2.6016,752.9038999999997,1324,336,fifo
490,199.749,954.9090999999996,956.2703999999997,755.1600999999996,1.3613,755.2469999999996,369,177,fifo
491,199.997,956.2703999999997,959.3706999999996,756.2733999999996,3.1003,756.4000999999996,767,413,fifo
492,200.394,959.3706999999996,959.5949999999996,758.9766999999996,0.2243,759.0569999999996,303,20,fifo
493,200.554,959.5949999999996,963.2798999999995,759.0409999999996,3.6849,759.3706999999996,2797,466,fifo
494,200.688,963.2798999999995,965.9649999999996,762.5918999999996,2.6851000000000003,762.9585999999996,3167,322,fifo
495,200.83,965.9649999999996,966.1184999999996,765.1349999999995,0.15350000000000003,765.2668999999995,819,3,fifo
496,200.893,966.1184999999996,966.5685999999996,765.2254999999996,0.4501,765.3011999999995,257,52,fifo
497,201.301,966.5685999999996,967.3697999999996,765.2675999999997,0.8012,765.4639999999997,1464,84,fifo
498,201.334,967.3697999999996,967.9878999999996,766.0357999999997,0.6181000000000001,766.2290999999996,1433,59,fifo
499,201.817,967.9878999999996,971.7014999999997,766.1708999999996,3.7135999999999996,766.3060999999997,852,497,fifo
500,201.893,971.7014999999997,972.1604999999996,769.8084999999996,0.459,770.0658999999996,2074,28,fifo
501,202.069,972.1604999999996,973.8482999999997,770.0914999999997,1.6878,770.5264999999996,3850,174,fifo
502,202.096,973.8482999999997,974.9472999999997,771.7522999999997,1.099,772.1384999999997,3362,99,fifo
503,202.335,974.9472999999997,977.4708999999997,772.6122999999997,2.5236,772.7454999999997,832,332,fifo
504,202.335,977.4708999999997,977.7306999999997,775.1358999999997,0.25980000000000003,775.2300999999997,442,23,fifo
505,202.52,977.7306999999997,981.2134999999997,775.2106999999997,3.4827999999999997,775.3166999999997,560,469,fifo
506,202.694,981.2134999999997,983.9182999999997,778.5194999999998,2.7048,778.6394999999998,700,359,fifo
507,202.802,983.9182999999997,984.3258999999997,781.1162999999997,0.4076,781.3438999999997,1776,25,fifo
508,202.992,984.3258999999997,987.0428999999997,781.3338999999997,2.717,782.2652999999998,8814,248,fifo
509,203.042,987.0428999999997,987.8656999999997,784.0008999999997,0.8228,784.1972999999997,1464,87,fifo
510,203.323,987.8656999999997,991.0977999999997,784.5426999999997,3.2321,784.8515999999997,2589,406,fifo
511,203.323,991.0977999999997,992.8902999999997,787.7747999999997,1.7925,787.9328999999997,1081,227,fifo
512,203.332,992.8902999999997,993.6333999999997,789.5582999999997,0.7431,789.7253999999997,1171,80,fifo
513,203.501,993.6333999999997,994.5381999999997,790.1323999999997,0.9047999999999999,790.2163999999997,340,114,fifo
514,203.698,994.5381999999997,995.5729999999998,790.8401999999998,1.0348,791.2701999999997,3800,84,fifo
515,204.573,995.5729999999998,999.2949999999997,790.9999999999998,3.722,791.4387999999998,3888,456,fifo
516,204.75,999.2949999999997,1001.9176999999997,794.5449999999997,2.6227,794.9932999999997,3983,302,fifo
517,205.023,1001.9176999999997,1005.6942999999998,796.8946999999997,3.7766,797.3520999999997,4074,461,fifo
518,205.148,1005.6942999999998,1006.3499999999998,800.5462999999997,0.6557,800.6331999999998,369,79,fifo
519,205.577,1006.3499999999998,1010.0052999999998,800.7729999999998,3.6553,801.2674999999998,4445,439,fifo
520,205.794,1010.0052999999998,1010.3475999999998,804.2112999999998,0.34230000000000005,804.3663999999998,1051,26,fifo
521,205.806,1010.3475999999998,1010.7760999999998,804.5415999999998,0.4285,804.6172999999998,257,49,fifo
522,206.323,1010.7760999999998,1011.1125999999998,804.4530999999998,0.3365,804.6023999999999,993,26,fifo
523,206.446,1011.1125999999998,1011.7066999999998,804.6665999999998,0.5941000000000001,804.7854999999998,689,66,fifo
524,206.491,1011.7066999999998,1014.6471999999999,805.2156999999999,2.9405,806.1473999999998,8817,279,fifo
525,206.542,1014.6471999999999,1015.2436999999999,808.1051999999999,0.5965,808.2984999999999,1433,56,fifo
526,206.574,1015.2436999999999,1015.5808999999999,808.6696999999999,0.3372,808.8052999999998,856,28,fifo
527,206.595,1015.5808999999999,1017.6254999999999,808.9858999999999,2.0446,809.8208999999999,7850,168,fifo
528,207.041,1017.6254999999999,1019.2560999999998,810.5844999999999,1.6306,811.0558999999998,4214,161,fifo
529,207.194,1019.2560999999998,1019.6055999999999,812.0620999999999,0.34950000000000003,812.2243999999998,1123,26,fifo
530,207.298,1019.6055999999999,1020.2057999999998,812.3075999999999,0.6002,812.4181999999998,606,68,fifo
531,207.442,1020.2057999999998,1020.5762999999998,812.7637999999998,0.37050000000000005,812.8390999999998,253,41,fifo
532,207.709,1020.5762999999998,1020.9686999999998,812.8672999999999,0.39239999999999997,812.9428999999998,256,44,fifo
533,207.808,1020.9686999999998,1021.2857999999998,813.1606999999998,0.3171,813.3337999999998,1231,20,fifo
534,207.823,1021.2857999999998,1021.6341999999997,813.4627999999998,0.34840000000000004,813.6239999999998,1112,26,fifo
535,208.207,1021.6341999999997,1022.3624999999997,813.4271999999997,0.7283,813.5938999999997,1167,78,fifo
536,208.238,1022.3624999999997,1022.7283999999997,814.1244999999997,0.3659,814.3031999999998,1287,26,fifo
537,208.332,1022.7283999999997,1023.5624999999998,814.3963999999997,0.8341000000000001,814.6328999999997,1865,83,fifo
538,208.575,1023.5624999999998,1023.8959999999997,814.9874999999997,0.3335,815.1193999999998,819,28,fifo
539,208.901,1023.8959999999997,1024.2498999999998,814.9949999999997,0.3539,815.1616999999997,1167,26,fifo
540,209.405,1024.2498999999998,1025.1163,814.8448999999998,0.8664,814.9912999999999,964,100,fifo
541,209.83,1025.1163,1025.5339,815.2862999999999,0.41759999999999997,815.5166999999998,1804,26,fifo
542,209.898,1025.5339,1028.6953999999998,815.6358999999999,3.1614999999999998,816.6013999999999,9155,305,fifo
543,209.901,1028.6953999999998,1031.3859999999997,818.7943999999998,2.6906,818.9289999999999,846,355,fifo
544,209.942,1031.3859999999997,1032.1073999999996,821.4439999999997,0.7214,821.6109999999996,1170,77,fifo
545,210.056,1032.1073999999996,1032.9882999999998,822.0513999999996,0.8809,822.4858999999997,3845,62,fifo
546,210.305,1032.9882999999998,1033.6958999999997,822.6832999999997,0.7076,822.8292999999996,960,78,fifo
547,210.398,1033.6958999999997,1033.9192999999998,823.2978999999997,0.2234,823.3916999999998,438,18,fifo
548,210.509,1033.9192999999998,1035.8319999999999,823.4102999999998,1.9127,823.5085999999999,483,252,fifo
549,210.594,1035.8319999999999,1036.2036999999998,825.2379999999998,0.37170000000000003,825.4080999999999,1201,28,fifo
550,210.958,1036.2036999999998,1039.1674999999998,825.2456999999998,2.9638,825.4014999999998,1058,390,fifo
551,211.096,1039.1674999999998,1041.6413999999997,828.0714999999998,2.4739,828.5437999999997,4223,278,fifo
552,211.331,1041.6413999999997,1042.0780999999997,830.3103999999997,0.4367,830.5382999999998,1779,29,fifo
553,211.598,1042.0780999999997,1042.7610999999997,830.4800999999998,0.683,830.5654999999997,354,83,fifo
554,211.606,1042.7610999999997,1045.7521999999997,831.1550999999997,2.9911,831.2661999999998,611,400,fifo
555,211.651,1045.7521999999997,1046.8392999999996,834.1011999999996,1.0871,834.3170999999995,1659,121,fifo
556,211.708,1046.8392999999996,1047.4883999999997,835.1312999999997,0.6491,835.2187999999998,375,78,fifo
557,211.797,1047.4883999999997,1047.8228999999997,835.6913999999997,0.3345,835.8386999999998,973,26,fifo
558,211.897,1047.8228999999997,1048.8973999999996,835.9258999999997,1.0745,836.0427999999997,669,133,fifo
559,211.991,1048.8973999999996,1049.5401999999997,836.9063999999996,0.6428,837.1027999999997,1464,62,fifo
560,212.073,1049.5401999999997,1050.3485999999996,837.4671999999997,0.8084,837.6635999999997,1464,85,fifo
561,212.198,1050.3485999999996,1053.0854999999997,838.1505999999996,2.7369,838.6050999999997,4045,317,fifo
562,212.207,1053.0854999999997,1053.4151999999997,840.8784999999997,0.3297,841.0209999999996,925,26,fifo
563,212.207,1053.4151999999997,1053.7699999999998,841.2081999999997,0.3548,841.3613999999997,1032,28,fifo
564,212.241,1053.7699999999998,1055.1445999999999,841.5289999999998,1.3746,841.7011999999997,1222,167,fifo
565,212.506,1055.1445999999999,1058.2242999999999,842.6385999999999,3.0797,842.7518999999999,633,412,fifo
566,212.698,1058.2242999999999,1061.4671999999998,845.5262999999999,3.2429,846.458,8817,321,fifo
567,213.194,1061.4671999999998,1061.8863999999999,848.2731999999999,0.4192,848.4979999999998,1748,27,fifo
568,213.24,1061.8863999999999,1063.1541,848.6463999999999,1.2677,849.0717,3753,117,fifo
569,213.457,1063.1541,1064.1034,849.6971,0.9493,849.8903999999999,1433,105,fifo
570,213.574,1064.1034,1064.4588999999999,850.5293999999999,0.35550000000000004,850.6832999999999,1039,28,fifo
571,213.823,1064.4588999999999,1064.8392,850.6358999999999,0.38029999999999997,850.7714,855,34,fifo
572,213.842,1064.8392,1066.5973999999999,850.9971999999999,1.7582,851.0921999999999,450,231,fifo
573,214.045,1066.5973999999999,1068.0303,852.5523999999999,1.4329,853.3013,6989,95,fifo
574,214.405,1068.0303,1068.437,853.6252999999999,0.4067,853.8016,1263,32,fifo
575,214.458,1068.437,1075.7751999999998,853.9789999999999,7.3382,854.4195999999998,3906,958,fifo
576,214.458,1075.7751999999998,1076.2021999999997,861.3171999999998,0.427,861.4057999999999,386,47,fifo
577,214.572,1076.2021999999997,1076.6904999999997,861.6301999999997,0.4883,861.8592999999997,1791,36,fifo
578,214.648,1076.6904999999997,1078.4053999999996,862.0424999999997,1.7149,862.3317999999996,2393,198,fifo
579,215.268,1078.4053999999996,1080.9044999999996,863.1373999999996,2.4991,863.4620999999995,2747,302,fifo
580,215.268,1080.9044999999996,1082.9656999999997,865.6364999999996,2.0612,866.4736999999996,7872,170,fifo
581,215.739,1082.9656999999997,1084.5331999999999,867.2266999999997,1.5675,867.8077999999998,5311,137,fifo
582,215.825,1084.5331999999999,1085.8688,868.7081999999998,1.3356,868.9061999999999,1480,158,fifo
583,216.042,1085.8688,1086.7939999999999,869.8267999999999,0.9252,870.0248,1480,101,fifo
584,216.191,1086.7939999999999,1090.0946999999999,870.6029999999998,3.3007,870.7716999999998,1187,435,fifo
585,216.696,1090.0946999999999,1093.6771999999999,873.3986999999998,3.5825,873.6547999999999,2061,462,fifo
586,216.869,1093.6771999999999,1096.5217999999998,876.8081999999998,2.8446,877.7735999999999,9154,261,fifo
587,216.943,1096.5217999999998,1097.4912999999997,879.5787999999998,0.9695,879.7706999999998,1419,108,fifo
588,217.306,1097.4912999999997,1098.0635999999997,880.1852999999996,0.5723,880.3039999999996,687,63,fifo
589,217.322,1098.0635999999997,1103.7991999999997,880.7415999999997,5.7356,880.9187999999998,1272,772,fifo
590,217.833,1103.7991999999997,1104.5262999999998,885.9661999999997,0.7271,886.1100999999998,939,81,fifo
591,217.842,1104.5262999999998,1105.8337999999997,886.6842999999998,1.3075,887.3509999999998,6167,89,fifo
592,217.899,1105.8337999999997,1106.9740999999997,887.9347999999997,1.1402999999999999,888.4486999999996,4639,87,fifo
593,217.987,1106.9740999999997,1107.1275999999996,888.9870999999997,0.15350000000000003,889.1189999999998,819,3,fifo
594,218.405,1107.1275999999996,1109.9332999999995,888.7225999999996,2.8057,888.8930999999995,1205,366,fifo
595,218.835,1109.9332999999995,1114.7325999999994,891.0982999999994,4.7993,891.2679999999993,1197,643,fifo
596,219.069,1114.7325999999994,1116.9190999999994,895.6635999999994,2.1865,896.1076999999993,3941,242,fifo
597,219.571,1116.9190999999994,1119.3589999999995,897.3480999999994,2.4399,897.4623999999993,643,323,fifo
598,219.584,1119.3589999999995,1119.6560999999995,899.7749999999994,0.29710000000000003,899.9064999999994,815,23,fifo
599,219.617,1119.6560999999995,1121.8076999999994,900.0390999999995,2.1516,900.1386999999995,496,285,fifo
600,220.149,1121.8076999999994,1123.8626999999994,901.6586999999994,2.055,901.7696999999995,610,270,fifo
601,220.268,1123.8626999999994,1127.1837999999993,903.5946999999994,3.3211,903.8917999999994,2471,420,fifo
602,220.394,1127.1837999999993,1128.2322999999994,906.7897999999993,1.0485,907.3054999999993,4657,74,fifo
603,220.493,1128.2322999999994,1128.7071999999994,907.7392999999995,0.47490000000000004,907.9189999999994,1297,41,fifo
604,220.518,1128.7071999999994,1131.8489999999995,908.1891999999993,3.1418,909.1205999999993,8814,307,fifo
605,220.737,1131.8489999999995,1133.0968999999996,911.1119999999995,1.2479,911.3590999999996,1971,139,fifo
606,220.792,1133.0968999999996,1133.5371999999995,912.3048999999995,0.4403,912.3923999999996,375,49,fifo
607,220.841,1133.5371999999995,1134.0301999999995,912.6961999999995,0.493,912.8147999999995,686,52,fifo
608,220.957,1134.0301999999995,1136.9455999999996,913.0731999999995,2.9154,913.1949999999994,718,388,fifo
609,221.259,1136.9455999999996,1137.2463999999995,915.6865999999995,0.3008,915.8793999999996,1428,15,fifo
610,221.491,1137.2463999999995,1140.3647999999996,915.7553999999996,3.1184,915.9289999999996,1236,409,fifo
611,221.502,1140.3647999999996,1140.6236999999996,918.8627999999997,0.2589,918.9848999999997,721,19,fifo
612,222.238,1140.6236999999996,1141.7360999999996,918.3856999999996,1.1124,918.5836999999997,1480,127,fifo
613,222.655,1141.7360999999996,1142.8533999999995,919.0810999999997,1.1173,919.2695999999996,1385,129,fifo
614,222.894,1142.8533999999995,1144.0826999999995,919.9593999999995,1.2293,920.0582999999995,489,157,fifo
615,222.901,1144.0826999999995,1145.2101999999995,921.1816999999994,1.1275,921.3587999999995,1271,132,fifo
616,223.25,1145.2101999999995,1145.6600999999996,921.9601999999995,0.44989999999999997,922.0788999999995,687,46,fifo
617,223.32,1145.6600999999996,1149.3726999999997,922.3400999999997,3.7126,922.8054999999997,4154,451,fifo
618,223.406,1149.3726999999997,1149.6459999999997,925.9666999999997,0.2733,926.1823999999997,1657,8,fifo
619,223.893,1149.6459999999997,1150.9137999999998,925.7529999999997,1.2678000000000003,926.3295999999998,5266,96,fifo
620,223.958,1150.9137999999998,1151.0672999999997,926.9557999999998,0.15350000000000003,927.0876999999999,819,3,fifo
621,224.251,1151.0672999999997,1154.3544999999997,926.8162999999997,3.2872,927.2162999999998,3500,401,fifo
622,224.456,1154.3544999999997,1154.4940999999997,929.8984999999997,0.13960000000000003,930.0308999999996,824,1,fifo
623,224.846,1154.4940999999997,1154.7598999999996,929.6480999999997,0.2658,929.7698999999996,718,20,fifo
624,224.989,1154.7598999999996,1155.4859999999996,929.7708999999995,0.7261,929.9641999999994,1433,74,fifo
625,225.347,1155.4859999999996,1156.9428999999996,930.1389999999997,1.4569,930.5662999999997,3773,143,fifo
626,225.456,1156.9428999999996,1157.2399999999996,931.4868999999995,0.29710000000000003,931.6183999999995,815,23,fifo
627,225.656,1157.2399999999996,1160.7623999999996,931.5839999999996,3.5224,932.0463999999995,4124,425,fifo
628,226.082,1160.7623999999996,1161.6081999999997,934.6803999999996,0.8458000000000001,935.2885999999995,5582,33,fifo
629,226.394,1161.6081999999997,1164.6288999999997,935.2141999999997,3.0206999999999997,935.3260999999998,619,404,fifo
630,226.488,1164.6288999999997,1165.3360999999998,938.1408999999996,0.7072,938.3080999999997,1172,75,fifo
631,226.59,1165.3360999999998,1166.1443999999997,938.7460999999997,0.8083,938.9063999999997,1103,90,fifo
632,227.337,1166.1443999999997,1169.2380999999996,938.8073999999997,3.0936999999999997,939.2658999999996,4085,366,fifo
633,228.209,1169.2380999999996,1170.0544999999995,941.0290999999995,0.8164,941.3054999999995,2264,75,fifo
634,228.24,1170.0544999999995,1171.1668999999995,941.8144999999995,1.1124,942.0124999999996,1480,127,fifo
635,228.742,1171.1668999999995,1174.4200999999996,942.4248999999995,3.2531999999999996,942.5100999999995,352,440,fifo
636,229.003,1174.4200999999996,1174.9510999999995,945.4170999999997,0.5309999999999999,945.5016999999996,346,62,fifo
637,229.005,1174.9510999999995,1177.9648999999995,945.9460999999995,3.0138,946.1446999999995,1486,391,fifo
638,229.092,1177.9648999999995,1178.2565999999995,948.8728999999995,0.2917,948.9917999999994,689,24,fifo
639,229.577,1178.2565999999995,1181.7030999999995,948.6795999999995,3.4465,949.1452999999995,4157,414,fifo
640,229.749,1181.7030999999995,1183.5439999999994,951.9540999999995,1.8409,952.1245999999994,1205,232,fifo
641,229.904,1183.5439999999994,1184.3678999999995,953.6399999999994,0.8239000000000001,954.0102999999995,3203,63,fifo
642,230.334,1184.3678999999995,1186.4028999999996,954.0338999999994,2.035,954.1392999999994,554,268,fifo
643,230.459,1186.4028999999996,1187.5510999999997,955.9438999999995,1.1481999999999999,956.4152999999994,4214,94,fifo
644,230.903,1187.5510999999997,1188.7364999999998,956.6480999999997,1.1854,956.7462999999996,482,151,fifo
645,230.988,1188.7364999999998,1189.2021999999997,957.7484999999997,0.4657,957.9765999999997,1781,33,fifo
646,231.002,1189.2021999999997,1191.6335999999997,958.2001999999998,2.4314,958.3131999999998,630,322,fifo
647,231.408,1191.6335999999997,1193.1618999999996,960.2255999999996,1.5283,960.3786999999996,1031,191,fifo
648,231.456,1193.1618999999996,1195.9058999999995,961.7058999999996,2.744,961.8290999999996,732,364,fifo
649,232.486,1195.9058999999995,1198.2386999999994,963.4198999999995,2.3327999999999998,963.5494999999995,796,306,fifo
650,232.987,1198.2386999999994,1202.0091999999995,965.2516999999995,3.7705,965.4221999999994,1205,500,fifo
651,232.987,1202.0091999999995,1205.1150999999995,969.0221999999995,3.1059,969.9032999999996,8311,309,fifo
652,233.0,1205.1150999999995,1207.9741999999994,972.1150999999995,2.8591,972.2885999999996,1235,373,fifo
653,233.042,1207.9741999999994,1208.1204999999995,974.9321999999994,0.1463,975.0640999999995,819,2,fifo
654,233.353,1208.1204999999995,1211.0452999999995,974.7674999999995,2.9248,975.0858999999996,2684,362,fifo
655,233.456,1211.0452999999995,1213.1348999999996,977.5892999999995,2.0896,978.0516999999994,4124,226,fifo
656,234.49,1213.1348999999996,1214.7387999999996,978.6448999999996,1.6038999999999999,978.7439999999995,491,209,fifo
657,234.99,1214.7387999999996,1218.6391999999996,979.7487999999996,3.9004,980.0203999999997,2216,504,fifo
658,234.991,1218.6391999999996,1221.4576999999997,983.6481999999996,2.8185000000000002,983.8458999999996,1477,364,fifo
659,235.041,1221.4576999999997,1224.8491999999997,986.4166999999998,3.3914999999999997,986.5897999999997,1231,447,fifo
660,235.072,1224.8491999999997,1233.0213999999996,989.7771999999997,8.1722,990.2309999999997,4038,1072,fifo
661,235.082,1233.0213999999996,1240.3807999999997,997.9393999999996,7.3594,998.0987999999996,1094,1000,fifo
662,235.692,1240.3807999999997,1242.2269999999996,1004.6887999999997,1.8461999999999998,1004.7997999999998,610,241,fifo
663,236.082,1242.2269999999996,1242.3670999999997,1006.1449999999996,0.1401,1006.2130999999996,181,10,fifo
664,236.155,1242.3670999999997,1242.5205999999996,1006.2120999999997,0.15350000000000003,1006.3439999999998,819,3,fifo
665,236.291,1242.5205999999996,1246.4835999999996,1006.2295999999997,3.963,1006.7509999999997,4714,478,fifo
666,236.655,1246.4835999999996,1248.6488999999995,1009.8285999999996,2.1653,1010.2730999999997,3945,239,fifo
667,237.492,1248.6488999999995,1248.7748999999994,1011.1568999999995,0.126,1011.2252999999996,184,8,fifo
668,237.654,1248.7748999999994,1251.9433999999994,1011.1208999999994,3.1685,1011.2437999999995,729,423,fifo
669,237.907,1251.9433999999994,1252.3592999999994,1014.0363999999994,0.41590000000000005,1014.2650999999993,1787,26,fifo
670,238.403,1252.3592999999994,1253.4725999999994,1013.9562999999994,1.1133,1014.1335999999994,1273,130,fifo
671,238.404,1253.4725999999994,1255.0672999999995,1015.0685999999994,1.5947,1015.1656999999993,471,208,fifo
672,238.601,1255.0672999999995,1255.1727999999994,1016.4662999999995,0.1055,1016.5645999999996,483,1,fifo
673,238.693,1255.1727999999994,1255.5768999999993,1016.4797999999994,0.4041,1016.7110999999993,1813,24,fifo
674,239.084,1255.5768999999993,1259.2190999999993,1016.4928999999993,3.6422,1016.6070999999993,642,490,fifo
675,239.149,1259.2190999999993,1262.4835999999993,1020.0700999999993,3.2645,1021.0377999999993,9177,319,fifo
676,239.317,1262.4835999999993,1265.0367999999994,1023.1665999999993,2.5532,1023.5381999999993,3216,303,fifo
677,239.487,1265.0367999999994,1265.4146999999994,1025.5497999999993,0.3779,1025.6900999999993,903,33,fifo
678,240.09,1265.4146999999994,1265.5148999999994,1025.3246999999994,0.10020000000000001,1025.3888999999995,142,5,fifo
679,240.249,1265.5148999999994,1266.4002999999993,1025.2658999999994,0.8854,1025.3520999999994,362,111,fifo
680,240.749,1266.4002999999993,1267.2169999999994,1025.6512999999993,0.8167,1026.0215999999994,3203,62,fifo
681,241.0,1267.2169999999994,1270.9096999999995,1026.2169999999994,3.6927,1026.2808999999995,139,504,fifo
682,241.487,1270.9096999999995,1273.7355999999995,1029.4226999999994,2.8259,1029.5341999999994,615,377,fifo
683,241.593,1273.7355999999995,1278.0081999999995,1032.1425999999994,4.2726,1032.4623999999994,2698,549,fifo
684,241.957,1278.0081999999995,1282.3924999999995,1036.0511999999994,4.3843,1036.7778999999996,6767,508,fifo
685,242.751,1282.3924999999995,1284.5539999999994,1039.6414999999995,2.1615,1039.7797999999996,883,281,fifo
686,243.739,1284.5539999999994,1285.0083999999995,1040.8149999999994,0.4544,1041.0893999999994,2244,25,fifo
687,244.151,1285.0083999999995,1287.6509999999994,1040.8573999999994,2.6426,1041.0447999999994,1374,341,fifo
688,244.651,1287.6509999999994,1288.5444999999993,1042.9999999999993,0.8935,1043.1086999999993,587,109,fifo
689,244.852,1288.5444999999993,1288.6499999999992,1043.6924999999992,0.1055,1043.7907999999993,483,1,fifo
690,244.958,1288.6499999999992,1288.8879999999992,1043.691999999999,0.23800000000000002,1043.757199999999,152,24,fifo
691,245.397,1288.8879999999992,1292.6615999999992,1043.4909999999993,3.7736,1043.6645999999994,1236,500,fifo
692,245.438,1292.6615999999992,1296.1666999999993,1047.2235999999994,3.5051,1047.3950999999993,1215,463,fifo
693,245.457,1296.1666999999993,1299.0811999999994,1050.7096999999994,2.9145,1051.1545999999994,3949,343,fifo
694,245.489,1299.0811999999994,1299.4747999999995,1053.5921999999994,0.39360000000000006,1053.7697999999993,1276,30,fifo
695,245.542,1299.4747999999995,1301.8062999999995,1053.9327999999996,2.3314999999999997,1054.1690999999996,1863,291,fifo
696,245.942,1301.8062999999995,1302.0547999999994,1055.8642999999995,0.2485,1055.9399999999996,257,24,fifo
697,247.042,1302.0547999999994,1304.0355999999995,1055.0127999999995,1.9808,1055.1863999999996,1236,251,fifo
698,247.138,1304.0355999999995,1307.1831999999995,1056.8975999999996,3.1476,1057.2587999999996,3112,387,fifo
699,247.522,1307.1831999999995,1310.3546999999994,1059.6611999999996,3.1715,1059.8086999999996,975,420,fifo
700,247.652,1310.3546999999994,1312.5177999999994,1062.7026999999994,2.1631,1063.1377999999993,3851,240,fifo
701,247.802,1312.5177999999994,1332.8526999999995,1064.7157999999995,20.3349,1076.3314999999996,115657,1211,fifo
702,250.207,1332.8526999999995,1337.8130999999994,1082.6456999999996,4.9604,1082.8468999999996,1512,661,fifo
703,250.246,1337.8130999999994,1341.2526999999993,1087.5670999999993,3.4396,1087.7594999999992,1424,451,fifo
704,250.65,1341.2526999999993,1346.9175999999993,1090.6026999999992,5.6649,1090.8099999999993,1573,758,fifo
705,250.812,1346.9175999999993,1347.5566999999994,1096.1055999999994,0.6391,1096.2262999999994,707,72,fifo
706,253.151,1347.5566999999994,1350.7752999999993,1094.4056999999993,3.2186,1094.7082999999993,2526,405,fifo
707,254.002,1350.7752999999993,1353.8221999999994,1096.7732999999994,3.0469,1096.8897999999995,665,407,fifo
708,255.253,1353.8221999999994,1357.5459999999994,1098.5691999999995,3.7237999999999998,1098.9233999999994,3042,468,fifo
709,256.303,1357.5459999999994,1358.2669999999994,1101.2429999999995,0.7210000000000001,1101.8199999999993,5270,20,fifo
710,256.401,1358.2669999999994,1361.2726999999993,1101.8659999999993,3.0056999999999996,1102.0060999999994,901,398,fifo
711,256.693,1361.2726999999993,1363.2195999999992,1104.5796999999993,1.9469,1105.0145999999993,3849,210,fifo
712,257.749,1363.2195999999992,1363.5447999999992,1105.4705999999992,0.32520000000000004,1105.5581999999993,376,33,fifo
713,257.792,1363.5447999999992,1365.5975999999991,1105.7527999999993,2.0528,1105.9263999999994,1236,261,fifo
714,258.239,1365.5975999999991,1366.4268999999993,1107.3585999999991,0.8292999999999999,1107.554299999999,1457,88,fifo
715,258.759,1366.4268999999993,1369.3931999999993,1107.6678999999992,2.9663,1107.7901999999992,723,395,fifo
716,259.721,1369.3931999999993,1370.8193999999994,1109.6721999999993,1.4262000000000001,1109.7663999999993,442,185,fifo
717,259.737,1370.8193999999994,1371.2439999999995,1111.0823999999993,0.42460000000000003,1111.2117999999994,794,41,fifo
718,259.948,1371.2439999999995,1372.3563999999994,1111.2959999999994,1.1124,1111.4939999999997,1480,127,fifo
719,260.471,1372.3563999999994,1373.6125999999995,1111.8853999999994,1.2562,1112.2271999999994,2918,127,fifo
720,260.491,1373.6125999999995,1375.9625999999994,1113.1215999999995,2.35,1113.5635999999995,3920,265,fifo
721,260.72,1375.9625999999994,1377.4401999999993,1115.2425999999994,1.4775999999999998,1115.6689999999994,3764,146,fifo
722,261.588,1377.4401999999993,1380.2317999999993,1115.8521999999994,2.7916,1116.0301999999995,1280,363,fifo
723,261.689,1380.2317999999993,1381.1381999999994,1118.5427999999993,0.9064000000000001,1118.7579999999994,1652,96,fifo
724,261.869,1381.1381999999994,1381.8048999999994,1119.2691999999993,0.6667000000000001,1119.3958999999995,767,75,fifo
725,262.842,1381.8048999999994,1382.0007999999993,1118.9628999999995,0.19590000000000002,1119.1371999999992,1243,3,fifo
726,263.24,1382.0007999999993,1384.7591999999993,1118.7607999999993,2.7584,1118.9343999999994,1236,359,fifo
727,263.56,1384.7591999999993,1388.5615999999993,1121.1991999999993,3.8024,1121.4015999999992,1524,500,fifo
728,264.005,1388.5615999999993,1389.0062999999993,1124.5565999999994,0.4447,1124.792499999999,1859,29,fifo
729,264.338,1389.0062999999993,1389.5363999999993,1124.6682999999994,0.5301,1124.9247999999993,2065,38,fifo
730,264.708,1389.5363999999993,1389.8209999999992,1124.8283999999992,0.2846,1125.0553999999993,1770,8,fifo
731,264.716,1389.8209999999992,1390.3133999999993,1125.104999999999,0.4924,1125.3309999999992,1760,37,fifo
732,264.94,1390.3133999999993,1392.6292999999994,1125.3733999999993,2.3159,1125.5508999999993,1275,297,fifo
733,264.94,1392.6292999999994,1392.8631999999993,1127.6892999999993,0.2339,1127.7647999999992,255,22,fifo
734,265.968,1392.8631999999993,1395.9262999999994,1126.8951999999992,3.0631,1127.8270999999993,8819,296,fifo
735,266.093,1395.9262999999994,1396.5700999999995,1129.8332999999993,0.6437999999999999,1129.9658999999992,826,71,fifo
736,266.441,1396.5700999999995,1407.6761999999994,1130.1290999999994,11.106100000000001,1131.6591999999994,14801,1330,fifo
737,266.957,1407.6761999999994,1408.0442999999993,1140.7191999999995,0.3681,1140.8856999999994,1165,28,fifo
738,266.988,1408.0442999999993,1410.3034999999993,1141.0562999999993,2.2592,1141.8826999999992,7764,199,fifo
739,267.025,1410.3034999999993,1410.6452999999992,1143.2784999999994,0.3418,1143.4330999999993,1046,26,fifo
740,267.114,1410.6452999999992,1411.0013999999992,1143.5312999999992,0.3561,1143.6857999999993,1045,28,fifo
741,267.208,1411.0013999999992,1418.1119999999992,1143.793399999999,7.1106,1144.0855999999992,2422,947,fifo
742,267.335,1418.1119999999992,1419.5084999999992,1150.7769999999991,1.3965,1151.3454999999992,5185,115,fifo
743,267.342,1419.5084999999992,1422.9119999999991,1152.1664999999994,3.4034999999999997,1152.365999999999,1495,445,fifo
744,267.801,1422.9119999999991,1425.939299999999,1155.1109999999992,3.0273,1155.287099999999,1261,396,fifo
745,268.002,1425.939299999999,1428.9770999999992,1157.9372999999991,3.0378,1158.195899999999,2086,386,fifo
746,268.216,1428.9770999999992,1430.961199999999,1160.7610999999993,1.9841,1161.7515999999991,9405,138,fifo
747,268.504,1430.961199999999,1431.493599999999,1162.457199999999,0.5324,1162.715999999999,2088,38,fifo
748,268.966,1431.493599999999,1434.311599999999,1162.527599999999,2.818,1163.4591999999989,8816,262,fifo
749,269.523,1434.311599999999,1434.654899999999,1164.788599999999,0.3433,1164.930299999999,917,28,fifo
750,269.616,1434.654899999999,1435.193799999999,1165.038899999999,0.5388999999999999,1165.1745999999991,857,56,fifo
751,270.191,1435.193799999999,1436.517399999999,1165.002799999999,1.3236,1165.181599999999,1288,159,fifo
752,270.465,1436.517399999999,1438.031899999999,1166.0523999999991,1.5145,1166.2060999999992,1037,189,fifo
753,271.046,1438.031899999999,1438.378299999999,1166.985899999999,0.34640000000000004,1167.145099999999,1092,26,fifo
754,271.267,1438.378299999999,1438.573799999999,1167.111299999999,0.1955,1167.2491999999988,879,8,fifo
755,271.688,1438.573799999999,1439.1846999999989,1166.885799999999,0.6109,1167.079099999999,1433,58,fifo
756,271.797,1439.1846999999989,1439.6098999999988,1167.3876999999989,0.42519999999999997,1167.496099999999,584,44,fifo
757,272.063,1439.6098999999988,1439.9606999999987,1167.546899999999,0.3508,1167.7104999999988,1136,26,fifo
758,272.956,1439.9606999999987,1441.1995999999988,1167.0046999999986,1.2389000000000001,1167.149199999999,945,152,fifo
759,273.206,1441.1995999999988,1441.5417999999988,1167.9935999999989,0.34220000000000006,1168.1485999999986,1050,26,fifo
760,273.688,1441.5417999999988,1442.0634999999988,1167.853799999999,0.5217,1167.972299999999,685,56,fifo
761,273.771,1442.0634999999988,1442.4171999999987,1168.2924999999989,0.3537,1168.458999999999,1165,26,fifo
762,273.864,1442.4171999999987,1442.9134999999987,1168.5531999999987,0.4963,1168.6462999999987,431,56,fifo
763,274.502,1442.9134999999987,1449.1511999999987,1168.4114999999988,6.237699999999999,1168.8315999999988,3701,808,fifo
764,275.364,1449.1511999999987,1449.7279999999987,1173.7871999999986,0.5768,1174.2631999999987,4260,14,fifo
765,275.565,1449.7279999999987,1450.1423999999986,1174.1629999999986,0.4144,1174.3613999999986,1484,30,fifo
766,275.816,1450.1423999999986,1450.4987999999985,1174.3263999999986,0.3564,1174.4595999999985,832,31,fifo
767,275.989,1450.4987999999985,1454.3379999999984,1174.5097999999984,3.8392,1174.9721999999983,4124,469,fifo
768,276.216,1454.3379999999984,1457.4203999999984,1178.1219999999985,3.0824,1178.2955999999986,1236,404,fifo
769,276.304,1457.4203999999984,1457.5985999999984,1181.1163999999985,0.1782,1181.1793999999986,130,16,fifo
770,276.438,1457.5985999999984,1460.7574999999983,1181.1605999999983,3.1589,1181.4898999999987,2793,393,fifo
771,276.563,1460.7574999999983,1461.1496999999983,1184.1944999999982,0.3922,1184.2698999999984,254,44,fifo
772,276.835,1461.1496999999983,1462.9419999999984,1184.3146999999983,1.7923,1185.5237999999983,11591,81,fifo
773,276.943,1462.9419999999984,1465.9693999999984,1185.9989999999984,3.0273999999999996,1186.1247999999985,758,403,fifo
774,277.005,1465.9693999999984,1466.5061999999984,1188.9643999999985,0.5367999999999999,1189.0403999999985,260,64,fifo
775,277.444,1466.5061999999984,1467.5991999999985,1189.0621999999985,1.093,1189.3415999999984,2294,113,fifo
776,277.565,1467.5991999999985,1468.0126999999986,1190.0341999999985,0.4135,1190.2604999999985,1763,26,fifo
777,277.565,1468.0126999999986,1471.1996999999985,1190.4476999999986,3.1870000000000003,1191.3450999999986,8474,318,fifo
778,277.619,1471.1996999999985,1472.4673999999986,1193.5806999999986,1.2677,1193.7755999999986,1449,149,fifo
779,277.944,1472.4673999999986,1473.8624999999986,1194.5233999999987,1.3950999999999998,1194.8024999999986,2291,155,fifo
780,278.195,1473.8624999999986,1475.0365999999985,1195.6674999999987,1.1741000000000001,1196.0855999999987,3681,105,fifo
781,278.215,1475.0365999999985,1475.1828999999987,1196.8215999999986,0.1463,1196.9534999999987,819,2,fifo
782,278.273,1475.1828999999987,1476.4001999999987,1196.9098999999987,1.2172999999999998,1197.0903999999987,1305,144,fifo
783,278.506,1476.4001999999987,1479.7466999999988,1197.8941999999988,3.3465,1198.2238999999986,2797,419,fifo
784,278.591,1479.7466999999988,1484.4958999999988,1201.155699999999,4.749199999999999,1201.2464999999988,408,647,fifo
785,278.987,1484.4958999999988,1487.0544999999988,1205.5088999999987,2.5586,1205.9074999999987,3486,300,fifo
786,279.067,1487.0544999999988,1487.783399999999,1207.9874999999988,0.7289000000000001,1208.0755999999988,381,89,fifo
787,279.295,1487.783399999999,1491.1198999999988,1208.4883999999988,3.3365,1209.420099999999,8817,334,fifo
788,279.364,1491.1198999999988,1491.5187999999987,1211.7558999999987,0.39890000000000003,1211.8307999999988,249,45,fifo
789,279.445,1491.5187999999987,1491.8790999999987,1212.0737999999988,0.3603,1212.2324999999987,1087,28,fifo
790,279.746,1491.8790999999987,1492.5801999999987,1212.1330999999986,0.7011000000000001,1212.2221999999988,391,85,fifo
791,280.114,1492.5801999999987,1492.9946999999988,1212.4661999999987,0.4145,1212.5422999999987,261,47,fifo
792,280.25,1492.9946999999988,1494.2359999999987,1212.7446999999988,1.2413,1212.841199999999,465,159,fifo
793,281.218,1494.2359999999987,1494.7722999999987,1213.0179999999987,0.5363,1213.1366999999987,687,58,fifo
794,281.239,1494.7722999999987,1495.9188999999988,1213.5332999999987,1.1465999999999998,1214.0030999999988,4198,94,fifo
795,281.715,1495.9188999999988,1499.0474999999988,1214.2038999999988,3.1286,1214.4020999999989,1482,407,fifo
796,282.004,1499.0474999999988,1499.6336999999987,1217.0434999999989,0.5862,1217.3704999999986,2770,36,fifo
797,282.094,1499.6336999999987,1500.8391999999988,1217.5396999999987,1.2055,1217.9099999999987,3203,116,fifo
798,282.963,1500.8391999999988,1501.3044999999988,1217.8761999999988,0.4653,1218.0318999999988,1057,43,fifo
799,283.046,1501.3044999999988,1504.7964999999988,1218.2584999999988,3.492,1218.3592999999987,508,471,fifo
800,283.297,1504.7964999999988,1505.6959999999988,1221.4994999999988,0.8995,1221.6717999999987,1223,101,fifo
801,283.447,1505.6959999999988,1507.4741999999987,1222.248999999999,1.7782,1222.9615999999987,6626,148,fifo
802,283.448,1507.4741999999987,1507.9752999999987,1224.0261999999989,0.5011,1224.1456999999987,695,53,fifo
803,283.901,1507.9752999999987,1515.3450999999986,1224.0742999999986,7.369800000000001,1224.2440999999985,1198,1000,fifo
804,283.943,1515.3450999999986,1517.2314999999987,1231.4020999999987,1.8863999999999999,1231.4956999999986,436,249,fifo
805,284.688,1517.2314999999987,1519.6669999999988,1232.5434999999989,2.4354999999999998,1232.6749999999988,815,320,fifo
806,284.799,1519.6669999999988,1520.7140999999988,1234.8679999999988,1.0471,1235.2382999999988,3203,94,fifo
807,284.821,1520.7140999999988,1521.0089999999989,1235.8930999999989,0.2949,1236.015199999999,721,24,fifo
808,284.822,1521.0089999999989,1522.264899999999,1236.186999999999,1.2559,1236.6868999999988,4499,105,fifo
809,284.868,1522.264899999999,1523.364299999999,1237.396899999999,1.0994000000000002,1237.639499999999,1926,119,fifo
810,284.94,1523.364299999999,1527.1347999999991,1238.424299999999,3.7705,1238.594799999999,1205,500,fifo
811,284.991,1527.1347999999991,1527.2351999999992,1242.1437999999991,0.1004,1242.200999999999,72,6,fifo
812,284.991,1527.2351999999992,1530.3183999999992,1242.2441999999992,3.0832,1242.3969999999993,1028,407,fifo
813,285.944,1530.3183999999992,1530.6234999999992,1244.3743999999992,0.3051,1244.6506999999992,2263,4,fifo
814,286.217,1530.6234999999992,1531.1668999999993,1244.4064999999991,0.5434,1244.4818999999993,254,65,fifo
815,286.246,1531.1668999999993,1534.2054999999993,1244.9208999999992,3.0386,1245.0650999999993,942,402,fifo
816,286.323,1534.2054999999993,1534.6621999999993,1247.8824999999993,0.4567,1247.9863999999993,539,49,fifo
817,286.499,1534.6621999999993,1536.6365999999994,1248.1631999999993,1.9744,1248.2583999999993,452,261,fifo
818,286.688,1536.6365999999994,1536.9620999999993,1249.9485999999993,0.3255,1250.0364999999993,379,33,fifo
819,286.798,1536.9620999999993,1540.2616999999993,1250.1640999999993,3.2996,1250.6124999999993,3984,396,fifo
820,287.489,1540.2616999999993,1542.3792999999994,1252.7726999999993,2.1176,1252.9462999999994,1236,270,fifo
821,287.567,1542.3792999999994,1545.2885999999994,1254.8122999999994,2.9093,1254.9351999999994,729,387,fifo
822,287.626,1545.2885999999994,1546.7090999999994,1257.6625999999994,1.4204999999999999,1258.0462999999995,3337,144,fifo
823,287.837,1546.7090999999994,1548.2167999999995,1258.8720999999994,1.5077,1259.3069999999993,3849,149,fifo
824,288.197,1548.2167999999995,1549.2956999999994,1260.0197999999996,1.0789,1260.1698999999994,1001,129,fifo
825,288.198,1549.2956999999994,1550.5345999999995,1261.0976999999993,1.2389000000000001,1261.5157999999997,3681,114,fifo
826,288.241,1550.5345999999995,1553.3845999999994,1262.2935999999995,2.85,1262.5659999999996,2224,358,fifo
827,288.62,1553.3845999999994,1553.5847999999994,1264.7645999999995,0.20020000000000002,1264.9287999999992,1142,5,fifo
828,289.212,1553.5847999999994,1555.2145999999993,1264.3727999999994,1.6298,1264.4761999999994,534,212,fifo
829,289.219,1555.2145999999993,1556.6910999999993,1265.9955999999993,1.4765000000000001,1266.4136999999994,3681,147,fifo
830,289.44,1556.6910999999993,1559.7634999999993,1267.2510999999993,3.0723999999999996,1267.3570999999993,560,412,fifo
831,289.571,1559.7634999999993,1559.9618999999993,1270.1924999999992,0.19840000000000002,1270.3332999999993,908,8,fifo
832,289.592,1559.9618999999993,1560.4904999999994,1270.3698999999992,0.5286,1270.4880999999991,682,57,fifo
833,289.819,1560.4904999999994,1561.8223999999993,1270.6714999999995,1.3319,1271.0889999999995,3675,127,fifo
834,290.219,1561.8223999999993,1567.3350999999993,1271.6033999999993,5.5127,1271.6872999999994,339,754,fifo
835,290.489,1567.3350999999993,1569.8140999999994,1276.8460999999993,2.479,1277.2874999999992,3914,283,fifo
836,290.62,1569.8140999999994,1570.4753999999994,1279.1940999999993,0.6613,1279.3873999999992,1433,65,fifo
837,290.961,1570.4753999999994,1572.6961999999994,1279.5143999999993,2.2208,1279.9567999999992,3924,247,fifo
838,291.189,1572.6961999999994,1573.7934999999993,1281.5071999999993,1.0973,1281.9420999999993,3849,92,fifo
839,291.345,1573.7934999999993,1577.2504999999994,1282.4484999999993,3.457,1282.6294999999993,1310,455,fifo
840,291.618,1577.2504999999994,1577.7469999999994,1285.6324999999995,0.4965,1285.7545999999995,721,52,fifo
841,291.946,1577.7469999999994,1578.4658999999995,1285.8009999999995,0.7189,1285.9942999999994,1433,73,fifo
842,291.947,1578.4658999999995,1579.1278999999995,1286.5188999999996,0.6619999999999999,1286.6696999999995,1008,71,fifo
843,292.12,1579.1278999999995,1580.7893999999994,1287.0078999999996,1.6615,1287.1573999999996,995,210,fifo
844,292.188,1580.7893999999994,1583.9725999999994,1288.6013999999996,3.1832,1288.7749999999996,1236,418,fifo
845,292.31,1583.9725999999994,1589.1552999999994,1291.6625999999994,5.1827,1291.8772999999994,1647,690,fifo
846,292.719,1589.1552999999994,1589.9412999999995,1296.4362999999994,0.786,1296.6246999999994,1384,83,fifo
847,293.321,1589.9412999999995,1591.0896999999995,1296.6202999999996,1.1484,1296.8182999999995,1480,132,fifo
848,293.617,1591.0896999999995,1593.5317999999995,1297.4726999999996,2.4421,1297.7547999999995,2321,300,fifo
849,293.841,1593.5317999999995,1594.3934999999994,1299.6907999999994,0.8617,1300.0772999999995,3365,66,fifo
850,293.943,1594.3934999999994,1595.8208999999995,1300.4504999999995,1.4274,1300.8770999999995,3766,139,fifo
851,294.144,1595.8208999999995,1598.5004999999994,1301.6768999999995,2.6795999999999998,1301.7860999999996,592,357,fifo
852,294.372,1598.5004999999994,1601.1554999999994,1304.1284999999993,2.655,1304.5730999999994,3946,307,fifo
853,294.487,1601.1554999999994,1604.4058999999993,1306.6684999999993,3.2504,1307.1540999999993,4356,384,fifo
854,295.074,1604.4058999999993,1606.6067999999993,1309.3318999999992,2.2009,1309.5023999999992,1205,282,fifo
855,295.438,1606.6067999999993,1610.1283999999994,1311.1687999999995,3.5216,1311.3423999999995,1236,465,fifo
856,295.547,1610.1283999999994,1611.4751999999994,1314.5813999999993,1.3468,1314.8769999999993,2456,146,fifo
857,295.645,1611.4751999999994,1612.5704999999994,1315.8301999999994,1.0953,1315.9174999999993,373,140,fifo
858,295.645,1612.5704999999994,1617.2708999999993,1316.9254999999994,4.700399999999999,1317.1546999999994,1792,621,fifo
859,295.695,1617.2708999999993,1617.9011999999993,1321.5758999999994,0.6303000000000001,1322.0549999999994,4291,21,fifo
860,295.969,1617.9011999999993,1620.9794999999992,1321.9321999999993,3.0783,1322.3896999999993,4075,364,fifo
861,296.26,1620.9794999999992,1621.4371999999992,1324.7194999999992,0.4577,1324.8387999999993,693,47,fifo
862,296.297,1621.4371999999992,1622.6895999999992,1325.1401999999991,1.2524,1325.290999999999,1008,153,fifo
863,296.834,1622.6895999999992,1623.9911999999993,1325.8555999999992,1.3015999999999999,1326.0195999999992,1140,158,fifo
864,297.547,1623.9911999999993,1625.2308999999993,1326.4441999999992,1.2397,1326.7334999999991,2393,132,fifo
865,297.591,1625.2308999999993,1625.3771999999994,1327.6398999999992,0.1463,1327.7717999999995,819,2,fifo
866,297.715,1625.3771999999994,1628.4469999999994,1327.6621999999995,3.0698,1328.5935999999995,8814,297,fifo
867,297.834,1628.4469999999994,1632.6978999999994,1330.6129999999994,4.2509,1331.1414999999993,4785,517,fifo
868,298.047,1632.6978999999994,1633.5730999999994,1334.6508999999994,0.8752,1334.7988999999993,980,101,fifo
869,298.547,1633.5730999999994,1634.0276999999994,1335.0260999999994,0.4546,1335.2646999999993,1886,30,fifo
870,298.573,1634.0276999999994,1636.3146999999994,1335.4546999999993,2.287,1335.9416999999994,4370,250,fifo
871,298.823,1636.3146999999994,1638.2422999999994,1337.4916999999996,1.9276,1337.9648999999995,4232,202,fifo
872,298.823,1638.2422999999994,1639.8136999999995,1339.4192999999996,1.5714000000000001,1339.9970999999996,5278,138,fifo
873,299.002,1639.8136999999995,1643.1643999999994,1340.8116999999995,3.3507000000000002,1340.9655999999995,1039,444,fifo
874,299.546,1643.1643999999994,1643.9226999999994,1343.6183999999994,0.7583,1343.7934999999993,1251,81,fifo
875,300.46,1643.9226999999994,1646.1143999999995,1343.4626999999994,2.1917,1343.8759999999993,3633,247,fifo
876,300.865,1646.1143999999995,1649.5329999999994,1345.2493999999995,3.4186,1346.2487999999994,9494,336,fifo
877,301.506,1649.5329999999994,1652.4391999999993,1348.0269999999996,2.9062,1348.1467999999995,698,387,fifo
878,301.592,1652.4391999999993,1653.2706999999994,1350.8471999999992,0.8315,1350.9298999999992,327,104,fifo
879,301.592,1653.2706999999994,1654.1335999999994,1351.6786999999995,0.8629,1351.8719999999994,1433,93,fifo
880,302.212,1654.1335999999994,1654.2998999999995,1351.9215999999994,0.1663,1352.0086999999994,371,11,fifo
881,303.299,1654.2998999999995,1657.7566999999995,1351.0008999999995,3.4568,1351.1744999999996,1236,456,fifo
882,304.324,1657.7566999999995,1658.2274999999995,1353.4326999999994,0.4708,1353.5074999999995,248,55,fifo
883,304.574,1658.2274999999995,1658.9485999999995,1353.6534999999994,0.7211,1353.7625999999993,591,85,fifo
884,304.692,1658.9485999999995,1660.1109999999994,1354.2565999999995,1.1623999999999999,1354.3821999999996,756,144,fifo
885,305.101,1660.1109999999994,1662.4132999999995,1355.0099999999993,2.3023,1355.2314999999994,1715,289,fifo
886,305.491,1662.4132999999995,1666.1868999999995,1356.9222999999995,3.7736,1357.0958999999996,1236,500,fifo
887,305.52,1666.1868999999995,1669.4762999999994,1360.6668999999995,3.2893999999999997,1360.8530999999996,1362,431,fifo
888,305.77,1669.4762999999994,1669.5746999999994,1363.7062999999994,0.0984,1363.7974999999994,412,1,fifo
889,306.442,1669.5746999999994,1671.1695999999995,1363.1326999999994,1.5949,1363.8491999999994,6665,122,fifo
890,306.837,1671.1695999999995,1674.2686999999994,1364.3325999999995,3.0991,1364.7892999999995,4067,367,fifo
891,307.095,1674.2686999999994,1677.3629999999994,1367.1736999999994,3.0942999999999996,1367.3303999999994,1067,408,fifo
892,307.694,1677.3629999999994,1679.4956999999995,1369.6689999999994,2.1327,1369.7856999999995,667,280,fifo
893,307.842,1679.4956999999995,1679.6366999999996,1371.6536999999994,0.14100000000000001,1371.7874999999995,838,1,fifo
894,308.004,1679.6366999999996,1680.0747999999996,1371.6326999999997,0.4381,1371.7539999999995,713,44,fifo
895,308.051,1680.0747999999996,1682.3644999999997,1372.0237999999997,2.2897,1372.3550999999998,2813,272,fifo
896,308.062,1682.3644999999997,1682.7873999999997,1374.3024999999998,0.4229,1374.5237999999995,1713,28,fifo
897,308.353,1682.7873999999997,1683.4466999999997,1374.4343999999996,0.6593,1374.8992999999996,4149,27,fifo
898,308.564,1683.4466999999997,1683.7310999999997,1374.8826999999997,0.2844,1375.0302999999997,976,19,fifo
899,308.843,1683.7310999999997,1684.2245999999998,1374.8880999999997,0.4935,1374.9639999999997,259,58,fifo
900,309.004,1684.2245999999998,1684.8048999999999,1375.2205999999996,0.5803,1375.3112999999998,407,68,fifo
901,309.195,1684.8048999999999,1688.3504999999998,1375.6099,3.5456,1376.0666999999999,4068,429,fifo
902,309.489,1688.3504999999998,1692.1455999999998,1378.8614999999998,3.7950999999999997,1378.9773999999998,659,511,fifo
903,309.591,1692.1455999999998,1692.2376,1382.5546,0.09200000000000001,1382.6394,348,1,fifo
904,309.814,1692.2376,1692.3839,1382.4235999999999,0.1463,1382.5555,819,2,fifo
905,310.707,1692.3839,1698.3728,1381.6769,5.9889,1381.8842,1573,803,fifo
906,310.941,1698.3728,1699.4982,1387.4318,1.1254,1387.7148,2330,117,fifo
907,311.302,1699.4982,1700.1086,1388.1961999999999,0.6104,1388.6770000000001,4308,18,fifo
908,311.958,1700.1086,1705.0475000000001,1388.1506,4.9389,1388.5247,3241,634,fifo
909,311.992,1705.0475000000001,1705.3480000000002,1393.0555000000002,0.3005,1393.14,345,30,fifo
910,312.006,1705.3480000000002,1706.9131000000002,1393.342,1.5651,1393.8559,4639,146,fifo
911,312.255,1706.9131000000002,1707.2963000000002,1394.6581,0.3832,1394.8541,1460,26,fifo
912,312.304,1707.2963000000002,1708.5679000000002,1394.9923000000003,1.2716,1395.2559,2136,140,fifo
913,312.801,1708.5679000000002,1709.3463000000002,1395.7669000000003,0.7784,1395.9333000000004,1164,85,fifo
914,313.008,1709.3463000000002,1709.7721000000001,1396.3383000000001,0.4258,1396.5625000000002,1742,28,fifo
915,313.55,1709.7721000000001,1710.2436000000002,1396.2221000000002,0.47150000000000003,1396.3408000000002,687,49,fifo
916,313.6,1710.2436000000002,1712.6582000000003,1396.6436000000003,2.4146,1397.0854000000004,3918,274,fifo
917,314.007,1712.6582000000003,1712.9896000000003,1398.6512000000002,0.33140000000000003,1398.7450000000003,438,33,fifo
918,314.505,1712.9896000000003,1713.4474000000002,1398.4846000000002,0.4578,1398.7120000000004,1774,32,fifo
919,314.572,1713.4474000000002,1716.5389000000002,1398.8754000000004,3.0915000000000004,1399.8069,8815,300,fifo
920,314.589,1716.5389000000002,1719.2438000000002,1401.9499000000003,2.7049,1402.1204000000002,1205,352,fifo
921,314.589,1719.2438000000002,1719.8049,1404.6548000000003,0.5610999999999999,1404.8775000000003,1727,47,fifo
922,314.71,1719.8049,1720.1697000000001,1405.0949,0.3648,1405.2509,1060,29,fifo
923,315.333,1720.1697000000001,1720.8601,1404.8367,0.6904,1404.9223000000002,356,84,fifo
924,315.334,1720.8601,1723.8866,1405.5261,3.0265,1406.4574,8813,291,fifo
925,315.741,1723.8866,1729.7418,1408.1456,5.8552,1408.2768,812,795,fifo
926,316.017,1729.7418,1729.8953,1413.7248,0.15350000000000003,1413.8567,819,3,fifo
927,316.251,1729.8953,1730.058,1413.6443,0.1627,1413.7638,695,6,fifo
928,316.335,1730.058,1730.8376,1413.723,0.7796,1413.9194,1464,81,fifo
929,316.898,1730.8376,1733.2461,1413.9396000000002,2.4085,1414.3537000000001,3641,277,fifo
930,316.943,1733.2461,1735.4265,1416.3031,2.1803999999999997,1416.4099,568,288,fifo
931,317.346,1735.4265,1735.5126,1418.0805,0.08610000000000001,1418.1378,73,4,fifo
932,317.589,1735.5126,1737.0699,1417.9236,1.5573,1418.1921,2185,179,fifo
933,317.691,1737.0699,1737.519,1419.3789,0.4491,1419.4968,679,46,fifo
934,317.869,1737.519,1740.657,1419.65,3.138,1419.7640000000001,640,420,fifo
935,318.272,1740.657,1740.8133,1422.385,0.15630000000000002,1422.5341,991,1,fifo
936,318.814,1740.8133,1741.1387,1421.9993,0.3254,1422.1590999999999,1098,23,fifo
937,318.942,1741.1387,1742.9032,1422.1967,1.7645,1423.2916,10449,93,fifo
938,318.987,1742.9032,1743.0908,1423.9162,0.1876,1424.0318,656,10,fifo
939,319.196,1743.0908,1744.4112,1423.8948,1.3204,1424.3296,3848,123,fifo
940,319.216,1744.4112,1746.2277,1425.1952,1.8165,1425.4636999999998,2185,215,fifo
941,319.218,1746.2277,1746.8045,1427.0096999999998,0.5768,1427.4857,4260,14,fifo
942,319.219,1746.8045,1748.2818,1427.5855,1.4773,1427.8747999999998,2393,165,fifo
943,319.221,1748.2818,1749.6624,1429.0608,1.3806,1429.1598,490,178,fifo
944,319.223,1749.6624,1750.9344999999998,1430.4394,1.2721,1430.7827,2933,129,fifo
945,319.506,1750.9344999999998,1751.3611999999998,1431.4285,0.4267,1431.6536,1751,28,fifo
946,319.554,1751.3611999999998,1754.1598,1431.8071999999997,2.7986,1431.9346,774,371,fifo
947,319.806,1754.1598,1756.5441999999998,1434.3537999999999,2.3844,1434.7941999999998,3904,270,fifo
948,319.944,1756.5441999999998,1759.3506999999997,1436.6001999999999,2.8065,1436.8866999999998,2365,350,fifo
949,320.009,1759.3506999999997,1762.5770999999997,1439.3416999999997,3.2264,1439.5152999999998,1236,424,fifo
950,320.01,1762.5770999999997,1762.8675999999998,1442.5670999999998,0.2905,1442.6415999999997,245,30,fifo
951,320.084,1762.8675999999998,1762.9369,1442.7835999999998,0.0693,1442.8456999999999,121,1,fifo
952,320.25,1762.9369,1764.0937,1442.6869,1.1568,1442.8645,1276,136,fifo
953,320.602,1764.0937,1764.5368999999998,1443.4917,0.44320000000000004,1443.6109000000001,692,45,fifo
954,320.761,1764.5368999999998,1765.5543999999998,1443.7758999999999,1.0175,1444.2894,4635,70,fifo
955,320.842,1765.5543999999998,1766.3477999999998,1444.7124,0.7934,1444.8505999999998,882,91,fifo
956,321.303,1766.3477999999998,1767.4457999999997,1445.0447999999997,1.098,1445.2428,1480,125,fifo
957,321.5,1767.4457999999997,1767.9317999999998,1445.9457999999997,0.486,1446.0213999999996,256,57,fifo
958,322.008,1767.9317999999998,1768.3288999999997,1445.9237999999998,0.3971,1446.0185,447,42,fifo
959,322.692,1768.3288999999997,1769.0296999999998,1445.6368999999997,0.7008,1445.8912999999998,2044,62,fifo
960,322.75,1769.0296999999998,1771.1260999999997,1446.2796999999998,2.0964,1446.4392999999998,1096,269,fifo
961,322.996,1771.1260999999997,1772.2029999999997,1448.1300999999999,1.0769,1448.2421999999997,621,134,fifo
962,323.342,1772.2029999999997,1772.5499999999997,1448.8609999999999,0.347,1449.0063999999998,954,28,fifo
963,323.351,1772.5499999999997,1772.9263999999998,1449.1989999999996,0.3764,1449.3377999999998,888,33,fifo
964,323.587,1772.9263999999998,1774.4633999999999,1449.3393999999998,1.5370000000000001,1449.494,1046,192,fifo
965,323.76,1774.4633999999999,1775.2144999999998,1450.7033999999999,0.7510999999999999,1450.8712999999998,1179,81,fifo
966,323.808,1775.2144999999998,1775.5617999999997,1451.4064999999998,0.34730000000000005,1451.5665999999999,1101,26,fifo
967,323.816,1775.5617999999997,1775.8883999999998,1451.7457999999997,0.3266,1451.8059999999996,102,37,fifo
968,323.843,1775.8883999999998,1776.9575999999997,1452.0453999999997,1.0692,1452.2433999999998,1480,121,fifo
969,324.001,1776.9575999999997,1777.3354999999997,1452.9565999999998,0.3779,1453.1328999999998,1263,28,fifo
970,324.042,1777.3354999999997,1779.8789999999997,1453.2934999999998,2.5435,1453.8929999999998,5495,270,fifo
971,324.367,1779.8789999999997,1786.6523999999997,1455.5119999999997,6.7734000000000005,1455.6181999999997,562,926,fifo
972,324.46,1786.6523999999997,1787.0947999999996,1462.1923999999997,0.4424,1462.2819999999997,396,49,fifo
973,324.742,1787.0947999999996,1789.0827999999997,1462.3527999999997,1.988,1462.5263999999997,1236,252,fifo
974,325.584,1789.0827999999997,1789.2443999999996,1463.4987999999996,0.16160000000000002,1463.6027999999997,540,8,fifo
975,325.584,1789.2443999999996,1792.0836999999997,1463.6603999999995,2.8392999999999997,1464.1020999999996,3917,333,fifo
976,325.75,1792.0836999999997,1792.5720999999996,1466.3336999999997,0.48839999999999995,1466.4548999999997,712,51,fifo
977,325.815,1792.5720999999996,1792.7368999999997,1466.7570999999996,0.1648,1466.8714999999995,644,7,fifo
978,325.994,1792.7368999999997,1793.0813999999996,1466.7428999999997,0.34450000000000003,1466.8857999999996,929,28,fifo
979,326.153,1793.0813999999996,1793.2071999999996,1466.9283999999996,0.12580000000000002,1467.0469999999996,686,1,fifo
980,326.243,1793.2071999999996,1795.8025999999995,1466.9641999999997,2.5954,1467.4139999999998,3998,298,fifo
981,326.249,1795.8025999999995,1797.2888999999996,1469.5535999999995,1.4863,1469.7006999999994,971,186,fifo
982,326.62,1797.2888999999996,1799.6718999999996,1470.6688999999997,2.383,1470.8702999999996,1514,303,fifo
983,326.749,1799.6718999999996,1800.0197999999996,1472.9228999999996,0.3479,1473.2131999999995,2403,8,fifo
984,327.092,1800.0197999999996,1801.5474999999997,1472.9277999999995,1.5276999999999998,1473.2170999999994,2393,172,fifo
985,327.438,1801.5474999999997,1802.3116999999997,1474.1094999999996,0.7642,1474.4488999999999,2894,59,fifo
986,327.468,1802.3116999999997,1802.6078999999997,1474.8436999999997,0.2962,1474.9598999999996,662,25,fifo
987,327.707,1802.6078999999997,1802.7613999999996,1474.9008999999996,0.15350000000000003,1475.0328,819,3,fifo
988,327.75,1802.7613999999996,1805.5214999999996,1475.0113999999996,2.7601,1475.4962999999996,4349,316,fifo
989,327.755,1805.5214999999996,1810.2368999999997,1477.7664999999997,4.7154,1478.5794999999998,7630,542,fifo
990,327.835,1810.2368999999997,1813.6493999999996,1482.4018999999996,3.4125,1482.6247999999996,1729,443,fifo
991,327.957,1813.6493999999996,1814.0111999999995,1485.6923999999995,0.3618,1485.8525999999997,1102,28,fifo
992,328.006,1814.0111999999995,1816.8470999999995,1486.0051999999996,2.8359,1486.1122999999993,571,379,fifo
993,328.505,1816.8470999999995,1817.3191999999995,1488.3420999999994,0.47209999999999996,1488.4181999999996,261,55,fifo
994,328.555,1817.3191999999995,1819.3677999999995,1488.7641999999994,2.0486,1488.8759999999993,618,269,fifo
995,328.584,1819.3677999999995,1821.0546999999995,1490.7837999999995,1.6869,1490.8794999999996,457,221,fifo
996,328.743,1821.0546999999995,1822.1229999999994,1492.3116999999995,1.0683,1492.7463999999995,3847,88,fifo
997,329.019,1822.1229999999994,1826.6933999999994,1493.1039999999994,4.5704,1493.8079999999993,6540,537,fifo
998,329.072,1826.6933999999994,1829.0224999999994,1497.6213999999995,2.3291,1497.8768999999993,2055,288,fifo
999,329.209,1829.0224999999994,1829.3839999999993,1499.8134999999993,0.36150000000000004,1499.9733999999994,1099,28,fifo
1000,329.242,1829.3839999999993,1830.5826999999992,1500.1419999999994,1.1987,1500.6134999999995,4215,101,fifo
1001,329.499,1830.5826999999992,1833.5236999999993,1501.0836999999992,2.941,1501.5694999999992,4358,341,fifo
1002,329.506,1833.5236999999993,1834.2413999999992,1504.0176999999994,0.7177,1504.166599999999,989,79,fifo
1003,329.59,1834.2413999999992,1834.4176999999993,1504.6513999999993,0.17630000000000004,1504.8204999999994,1191,1,fifo
1004,329.592,1834.4176999999993,1834.7304999999992,1504.8256999999994,0.3128,1504.9008999999992,252,33,fifo
1005,329.749,1834.7304999999992,1835.2387999999992,1504.9814999999992,0.5083,1505.1009999999992,695,54,fifo
1006,330.095,1835.2387999999992,1835.7342999999992,1505.1437999999991,0.4955,1505.2576999999992,639,53,fifo
1007,330.109,1835.7342999999992,1836.6742999999992,1505.6252999999992,0.9400000000000001,1505.8164999999992,1412,104,fifo
1008,330.242,1836.6742999999992,1837.0085999999992,1506.4322999999993,0.33430000000000004,1506.5793999999992,971,26,fifo
1009,330.462,1837.0085999999992,1837.8237999999992,1506.5465999999992,0.8151999999999999,1506.8433999999993,2468,72,fifo
1010,331.001,1837.8237999999992,1838.5992999999992,1506.8227999999992,0.7755,1506.9142999999992,415,95,fifo
1011,331.001,1838.5992999999992,1840.3485999999991,1507.5982999999992,1.7492999999999999,1507.7563999999993,1081,221,fifo
1012,331.211,1840.3485999999991,1842.3809999999992,1509.137599999999,2.0324,1509.283599999999,960,262,fifo
1013,331.351,1842.3809999999992,1842.7347999999993,1511.0299999999993,0.3538,1511.1965999999993,1166,26,fifo
1014,331.444,1842.7347999999993,1843.0783999999992,1511.2907999999993,0.3436,1511.3751999999993,344,36,fifo
1015,331.504,1843.0783999999992,1843.5175999999992,1511.574399999999,0.43920000000000003,1511.6679999999992,436,48,fifo
1016,331.718,1843.5175999999992,1844.0877999999993,1511.7995999999991,0.5702,1512.0025999999991,1530,51,fifo
1017,332.094,1844.0877999999993,1844.9422999999992,1511.9937999999993,0.8544999999999999,1512.1138999999994,701,102,fifo
1018,332.215,1844.9422999999992,1845.3006999999993,1512.7272999999993,0.35840000000000005,1512.8120999999994,348,38,fifo
1019,332.355,1845.3006999999993,1845.8158999999994,1512.9456999999993,0.5152,1513.0648999999994,692,55,fifo
1020,332.464,1845.8158999999994,1846.1815999999994,1513.3518999999994,0.3657,1513.5303999999994,1285,26,fifo
1021,332.56,1846.1815999999994,1846.7583999999995,1513.6215999999995,0.5768,1514.0975999999996,4260,14,fifo
1022,332.619,1846.7583999999995,1848.0636999999995,1514.1393999999996,1.3053,1514.7102999999993,5209,102,fifo
1023,332.697,1848.0636999999995,1848.5594999999994,1515.3666999999996,0.4958,1515.4880999999996,714,52,fifo
1024,332.999,1848.5594999999994,1849.0023999999994,1515.5604999999994,0.4429,1515.6793999999993,689,45,fifo
1025,333.005,1849.0023999999994,1852.1779999999994,1515.9973999999993,3.1756,1516.4513999999995,4040,378,fifo
1026,333.053,1852.1779999999994,1852.5075999999995,1519.1249999999995,0.3296,1519.2601999999993,852,27,fifo
1027,333.053,1852.5075999999995,1853.6732999999995,1519.4545999999996,1.1657000000000002,1519.5906999999993,861,143,fifo
1028,333.268,1853.6732999999995,1853.9979999999994,1520.4052999999994,0.3247,1520.5427999999995,875,26,fifo
1029,333.334,1853.9979999999994,1854.3333999999993,1520.6639999999993,0.3354,1520.8409999999992,1270,22,fifo
1030,333.443,1854.3333999999993,1855.7662999999993,1520.8903999999993,1.4329,1521.1496999999993,2093,163,fifo
1031,333.443,1855.7662999999993,1857.3496999999993,1522.3232999999993,1.5834,1522.6394999999993,2662,176,fifo
1032,333.748,1857.3496999999993,1857.5867999999994,1523.6016999999993,0.2371,1523.7235999999994,719,16,fifo
1033,333.77,1857.5867999999994,1859.3772999999994,1523.8167999999994,1.7905000000000002,1524.8800999999994,10133,101,fifo
1034,334.06,1859.3772999999994,1860.0745999999995,1525.3172999999995,0.6973,1525.5105999999994,1433,70,fifo
1035,334.094,1860.0745999999995,1861.4902999999995,1525.9805999999994,1.4157000000000002,1526.1146999999994,841,178,fifo
1036,334.494,1861.4902999999995,1862.7436999999995,1526.9962999999993,1.2534,1527.0904999999993,442,161,fifo
1037,334.963,1862.7436999999995,1863.1836999999996,1527.7806999999996,0.44,1528.0118999999995,1812,29,fifo
1038,335.246,1863.1836999999996,1863.6463999999996,1527.9376999999995,0.4627,1528.0691999999995,815,46,fifo
1039,335.292,1863.6463999999996,1867.6692999999996,1528.3543999999997,4.0229,1528.4820999999997,777,541,fifo
1040,335.491,1867.6692999999996,1867.8750999999995,1532.1782999999996,0.2058,1532.2976999999996,694,12,fifo
1041,335.59,1867.8750999999995,1868.4683999999995,1532.2850999999996,0.5933,1532.3743999999997,393,70,fifo
1042,335.812,1868.4683999999995,1871.7627999999995,1532.6563999999994,3.2944,1532.8259999999996,1196,434,fifo
1043,335.854,1871.7627999999995,1872.1838999999995,1535.9087999999995,0.42110000000000003,1536.0274999999995,687,42,fifo
1044,336.002,1872.1838999999995,1873.5333999999996,1536.1818999999996,1.3495,1536.6169999999995,3851,127,fifo
1045,336.056,1873.5333999999996,1877.3747999999996,1537.4773999999995,3.8414,1537.9275999999995,4002,471,fifo
1046,336.06,1877.3747999999996,1878.9684999999995,1541.3147999999997,1.5937000000000001,1541.7492999999997,3845,161,fifo
1047,336.242,1878.9684999999995,1882.7335999999996,1542.7264999999995,3.7651,1542.9275999999995,1511,495,fifo
1048,336.506,1882.7335999999996,1885.9164999999996,1546.2275999999997,3.1829,1547.1928999999996,9153,308,fifo
1049,336.965,1885.9164999999996,1886.4534999999996,1548.9514999999997,0.5369999999999999,1549.0708999999997,694,58,fifo
1050,337.21,1886.4534999999996,1889.5862999999997,1549.2434999999996,3.1328,1549.4170999999997,1236,411,fifo
1051,337.211,1889.5862999999997,1890.9363999999998,1552.3752999999997,1.3500999999999999,1552.4869999999996,617,172,fifo
1052,337.31,1890.9363999999998,1892.5504999999998,1553.6263999999999,1.6141,1553.9156999999998,2393,184,fifo
1053,337.438,1892.5504999999998,1892.9557999999997,1555.1124999999997,0.4053,1555.2513999999996,889,37,fifo
1054,337.495,1892.9557999999997,1893.3473999999997,1555.4607999999998,0.3916,1555.5787999999998,680,38,fifo
1055,337.552,1893.3473999999997,1896.9403999999997,1555.7953999999995,3.593,1555.9683999999997,1230,475,fifo
1056,337.799,1896.9403999999997,1897.6649999999997,1559.1413999999997,0.7246,1559.2611999999997,698,84,fifo
1057,337.943,1897.6649999999997,1899.5791999999997,1559.7219999999998,1.9142000000000001,1560.9305999999997,11586,98,fifo
1058,338.103,1899.5791999999997,1900.5619999999997,1561.4761999999996,0.9827999999999999,1561.7749999999996,2488,95,fifo
1059,338.104,1900.5619999999997,1901.0728999999997,1562.4579999999996,0.5109,1562.5440999999996,361,59,fifo
1060,338.209,1901.0728999999997,1902.1904999999997,1562.8638999999996,1.1176,1563.0094999999997,956,135,fifo
1061,338.347,1902.1904999999997,1904.0388999999998,1563.8434999999997,1.8484,1563.9278999999997,344,245,fifo
1062,338.494,1904.0388999999998,1905.1296999999997,1565.5448999999999,1.0908,1565.7428999999997,1480,124,fifo
1063,338.769,1905.1296999999997,1908.6403999999998,1566.3606999999997,3.5107,1566.5161999999998,1055,466,fifo
1064,339.061,1908.6403999999998,1911.7009999999998,1569.5793999999999,3.0606,1569.7312,1018,404,fifo
1065,339.301,1911.7009999999998,1912.2153999999998,1572.3999999999999,0.5144,1572.5184,684,55,fifo
1066,339.551,1912.2153999999998,1913.3649999999998,1572.6644,1.1496,1572.8852,1708,129,fifo
1067,339.595,1913.3649999999998,1917.3720999999998,1573.7699999999998,4.007099999999999,1573.8962999999997,763,539,fifo
1068,340.003,1917.3720999999998,1920.6083999999998,1577.3691,3.2363,1577.8477999999998,4287,383,fifo
1069,340.062,1920.6083999999998,1922.9975,1580.5463999999997,2.3891,1580.7826999999997,1863,299,fifo
1070,340.194,1922.9975,1924.8103999999998,1582.8035,1.8129,1582.9532,997,231,fifo
1071,340.246,1924.8103999999998,1926.483,1584.5643999999998,1.6726,1585.1209999999996,5066,155,fifo
1072,340.301,1926.483,1927.6028999999999,1586.182,1.1199000000000001,1586.4523,2203,118,fifo
1073,340.334,1927.6028999999999,1929.8999,1587.2688999999998,2.2969999999999997,1587.6794999999997,3606,262,fifo
1074,340.712,1929.8999,1931.715,1589.1879,1.8151,1589.3685999999998,1307,227,fifo
1075,340.81,1931.715,1933.6643,1590.905,1.9493,1591.1551,2001,236,fifo
1076,340.84,1933.6643,1937.9223,1592.8243,4.258,1593.2303,3560,535,fifo
1077,340.942,1937.9223,1938.866,1596.9803,0.9437,1597.1032,729,114,fifo
1078,340.962,1938.866,1941.088,1597.904,2.222,1598.8516,8976,177,fifo
1079,341.188,1941.088,1941.9898,1599.9,0.9018,1599.9953999999998,454,112,fifo
1080,341.275,1941.9898,1942.9874,1600.7148000000002,0.9975999999999999,1600.9276,1628,109,fifo
1081,341.301,1942.9874,1946.1388,1601.6864,3.1514,1602.145,4086,374,fifo
1082,341.938,1946.1388,1946.4585,1604.2008,0.3197,1604.2757000000001,249,34,fifo
1083,342.02,1946.4585,1949.6891,1604.4385,3.2306,1604.8826999999999,3942,387,fifo
1084,342.438,1949.6891,1951.0073,1607.2511,1.3182,1607.3453,442,170,fifo
1085,342.462,1951.0073,1951.7284,1608.5453,0.7211000000000001,1608.712,1167,77,fifo
1086,342.814,1951.7284,1955.8573,1608.9144,4.1289,1609.1625,1981,539,fifo
1087,343.592,1955.8573,1958.8445,1612.2653,2.9872,1613.4380999999998,11228,252,fifo
1088,343.843,1958.8445,1959.1823,1615.0014999999999,0.3378,1615.1592999999998,1078,25,fifo
1089,344.102,1959.1823,1960.2187999999999,1615.0803,1.0365,1615.2671999999998,1369,118,fifo
1090,344.355,1960.2187999999999,1964.3857999999998,1615.8637999999999,4.167000000000001,1615.9771999999998,634,563,fifo
1091,344.742,1964.3857999999998,1964.7690999999998,1619.6437999999998,0.38330000000000003,1619.7318999999998,381,41,fifo
1092,344.801,1964.7690999999998,1968.2818999999997,1619.9680999999998,3.5128,1621.1408999999999,11228,325,fifo
1093,345.06,1968.2818999999997,1968.4367999999997,1623.2218999999998,0.1549,1623.3695999999998,977,1,fifo
1094,345.242,1968.4367999999997,1968.9286999999997,1623.1947999999998,0.4919,1623.3770999999997,1323,43,fifo
1095,345.242,1968.9286999999997,1970.0338999999997,1623.6866999999997,1.1052,1623.9566999999997,2200,116,fifo
1096,345.269,1970.0338999999997,1971.0543999999998,1624.7648999999997,1.0205,1624.9861999999996,1713,111,fifo
1097,345.301,1971.0543999999998,1972.2012999999997,1625.7533999999998,1.1469,1626.0938999999998,2905,112,fifo
1098,346.003,1972.2012999999997,1972.6178999999997,1626.1982999999998,0.41659999999999997,1626.4204999999997,1722,27,fifo
1099,346.518,1972.6178999999997,1973.7807999999998,1626.0998999999997,1.1629,1626.3627999999997,2129,125,fifo
1100,346.571,1973.7807999999998,1977.4554999999998,1627.2097999999996,3.6747,1627.4500999999996,1903,477,fifo
1101,346.604,1977.4554999999998,1980.4732999999999,1630.8514999999998,3.0178,1631.3348999999998,4334,352,fifo
1102,347.194,1980.4732999999999,1981.9684,1633.2793,1.4950999999999999,1633.7087999999999,3795,148,fifo
1103,347.592,1981.9684,1982.879,1634.3764,0.9106,1634.7613999999999,3350,73,fifo
1104,347.842,1982.879,1984.0527,1635.0369999999998,1.1737000000000002,1635.5483,4613,92,fifo
1105,347.896,1984.0527,1988.603,1636.1567,4.5503,1636.3222,1155,609,fifo
1106,348.44,1988.603,1989.2101,1640.163,0.6071,1640.2445,315,73,fifo
1107,348.745,1989.2101,1992.4622,1640.4651,3.2521,1640.6356,1205,428,fifo
1108,349.442,1992.4622,1994.1616999999999,1643.0202,1.6995,1643.7332999999999,6631,137,fifo
1109,349.551,1994.1616999999999,1997.1091,1644.6107,2.9474,1645.5421,8814,280,fifo
1110,349.961,1997.1091,1997.6391999999998,1647.1480999999999,0.5301,1647.2677999999999,697,57,fifo
1111,350.319,1997.6391999999998,1999.3727999999999,1647.3201999999999,1.7336,1647.9953999999998,6252,147,fifo
1112,350.346,1999.3727999999999,2002.7864,1649.0267999999999,3.4136,1649.9923999999999,9156,340,fifo
1113,351.003,2002.7864,2004.1963,1651.7834,1.4099,1651.8829,495,182,fifo
1114,351.354,2004.1963,2006.4823000000001,1652.8423,2.286,1653.2851,3928,256,fifo
1115,351.592,2006.4823000000001,2007.0183000000002,1654.8903,0.536,1655.0087000000003,684,58,fifo
1116,351.746,2007.0183000000002,2009.2893000000001,1655.2723,2.271,1655.7073,3850,255,fifo
1117,351.812,2009.2893000000001,2012.0286,1657.4773,2.7393,1658.4094,8821,251,fifo
1118,352.338,2012.0286,2015.9901,1659.6906000000001,3.9615,1659.9513000000002,2107,514,fifo
1119,352.341,2015.9901,2017.1956,1663.6491,1.2055,1664.0841999999998,3851,107,fifo
1120,353.352,2017.1956,2021.0356,1663.8436000000002,3.84,1663.9684000000002,748,516,fifo
1121,354.053,2021.0356,2023.3719999999998,1666.9825999999998,2.3364,1667.2885999999999,2560,282,fifo
1122,354.722,2023.3719999999998,2028.5652999999998,1668.6499999999999,5.1933,1668.8392999999999,1393,695,fifo
1123,354.769,2028.5652999999998,2028.6518999999998,1673.7962999999997,0.08660000000000001,1673.8540999999998,78,4,fifo
1124,355.066,2028.6518999999998,2028.8291,1673.5858999999998,0.17720000000000002,1673.7558999999999,1200,1,fifo
1125,355.197,2028.8291,2029.4258,1673.6320999999998,0.5967,1673.7536,715,66,fifo
1126,355.21,2029.4258,2030.4927,1674.2158,1.0669,1674.3610999999999,953,128,fifo
1127,355.3,2030.4927,2031.3864,1675.1927,0.8937,1675.3376,949,104,fifo
1128,356.551,2031.3864,2032.6091000000001,1674.8354000000002,1.2227,1675.0717000000002,1863,137,fifo
1129,357.301,2032.6091000000001,2035.2971000000002,1675.3081000000002,2.6879999999999997,1675.5265000000002,1684,343,fifo
1130,357.505,2035.2971000000002,2035.6797000000001,1677.7921000000001,0.3826,1677.8867,446,40,fifo
1131,357.551,2035.6797000000001,2038.7495000000001,1678.1287000000002,3.0698,1679.0601000000001,8814,297,fifo
1132,357.752,2038.7495000000001,2040.1241000000002,1680.9975000000002,1.3745999999999998,1681.1193,718,174,fifo
1133,357.836,2040.1241000000002,2044.0661000000002,1682.2881000000002,3.9419999999999997,1682.5149000000001,1768,516,fifo
1134,358.742,2044.0661000000002,2044.7606000000003,1685.3241000000003,0.6945,1685.5794000000003,2053,61,fifo
1135,359.25,2044.7606000000003,2056.3441000000003,1685.5106000000003,11.5835,1695.6613000000002,101007,199,fifo
1136,359.269,2056.3441000000003,2056.5436000000004,1697.0751000000002,0.1995,1697.2170000000003,919,8,fifo
1137,359.801,2056.5436000000004,2058.4712000000004,1696.7426000000005,1.9276,1696.8918000000003,992,247,fifo
1138,360.395,2058.4712000000004,2058.5646000000006,1698.0762000000004,0.0934,1698.1624000000006,362,1,fifo
1139,361.095,2058.5646000000006,2060.6293000000005,1697.4696000000006,2.0646999999999998,1697.8783000000005,3587,230,fifo
1140,361.542,2060.6293000000005,2063.4296000000004,1699.0873000000006,2.8003,1699.2164000000007,791,371,fifo
1141,361.56,2063.4296000000004,2063.9959000000003,1701.8696000000004,0.5663,1702.2919000000006,3723,20,fifo
1142,362.246,2063.9959000000003,2065.2449,1701.7499000000003,1.249,1701.8901,902,154,fifo
1143,364.005,2065.2449,2067.9071000000004,1701.2399,2.6622,1701.4613,1714,339,fifo
1144,364.208,2067.9071000000004,2068.3042000000005,1703.6991000000003,0.3971,1703.7866000000004,375,43,fifo
1145,364.352,2068.3042000000005,2068.3894000000005,1703.9522000000006,0.0852,1704.0302000000006,280,1,fifo
1146,365.543,2068.3894000000005,2068.7766000000006,1702.8464000000004,0.3872,1703.0392000000002,1428,27,fifo
1147,365.753,2068.7766000000006,2069.9341000000004,1703.0236000000007,1.1575,1703.0867000000005,131,152,fifo
1148,365.825,2069.9341000000004,2078.6431000000002,1704.1091000000004,8.709,1704.5093000000004,3502,1154,fifo
1149,365.989,2078.6431000000002,2079.0788000000002,1712.6541000000002,0.4357,1712.8306000000002,1265,36,fifo
1150,366.567,2079.0788000000002,2079.1635,1712.5118000000002,0.0847,1712.5677,59,4,fifo
1151,366.599,2079.1635,2083.3891000000003,1712.5645000000002,4.2256,1712.8589000000004,2444,546,fifo
1152,367.264,2083.3891000000003,2083.6106000000004,1716.1251000000002,0.22150000000000003,1716.3250000000003,1499,3,fifo
1153,367.312,2083.6106000000004,2093.2348000000006,1716.2986000000005,9.6242,1716.8220000000006,4734,1264,fifo
1154,368.32,2093.2348000000006,2093.6931000000004,1724.9148000000007,0.4583,1725.0347000000008,699,47,fifo
1155,368.761,2093.6931000000004,2094.0690000000004,1724.9321000000004,0.3759,1725.0200000000004,379,40,fifo
1156,368.821,2094.0690000000004,2094.4685000000004,1725.2480000000005,0.3995,1725.4747000000007,1767,24,fifo
1157,369.074,2094.4685000000004,2095.1726000000003,1725.3945000000003,0.7041,1725.4866000000002,421,85,fifo
1158,369.268,2095.1726000000003,2096.0958000000005,1725.9046000000003,0.9232,1726.2446000000004,2900,81,fifo
1159,369.6,2096.0958000000005,2096.6185000000005,1726.4958000000006,0.5226999999999999,1726.6297000000004,839,54,fifo
1160,369.771,2096.6185000000005,2097.6386000000007,1726.8475000000005,1.0201,1727.1188000000004,2213,104,fifo
1161,370.085,2097.6386000000007,2097.9951000000005,1727.5536000000006,0.3565,1727.6293000000005,257,39,fifo
1162,370.768,2097.9951000000005,2098.3457000000008,1727.2271000000005,0.35059999999999997,1727.3113000000003,342,37,fifo
1163,370.806,2098.3457000000008,2098.679600000001,1727.5397000000007,0.3339,1727.6144000000008,247,36,fifo
1164,371.509,2098.679600000001,2099.8695000000007,1727.1706000000008,1.1899,1727.3453000000009,1247,141,fifo
1165,372.023,2099.8695000000007,2100.9926000000005,1727.8465000000006,1.1231,1728.1128000000003,2163,119,fifo
1166,372.209,2100.9926000000005,2101.6611000000007,1728.7836000000004,0.6685000000000001,1728.9121000000002,785,75,fifo
1167,372.334,2101.6611000000007,2104.788400000001,1729.3271000000007,3.1273,1729.4520000000005,749,417,fifo
1168,372.551,2104.788400000001,2105.189800000001,1732.237400000001,0.4014,1732.322000000001,346,44,fifo
1169,373.248,2105.189800000001,2105.736500000001,1731.941800000001,0.5467,1732.063700000001,719,59,fifo
1170,373.508,2105.736500000001,2106.985000000001,1732.2285000000008,1.2485,1732.663400000001,3849,113,fifo
1171,373.552,2106.985000000001,2108.002700000001,1733.433000000001,1.0177,1733.8675000000007,3845,81,fifo
1172,375.042,2108.002700000001,2109.109800000001,1732.960700000001,1.1071,1733.175000000001,1643,124,fifo
1173,375.321,2109.109800000001,2110.022800000001,1733.7888000000012,0.913,1733.9242000000013,854,108,fifo
1174,376.269,2110.022800000001,2110.5719000000013,1733.753800000001,0.5491,1734.2165000000011,4127,12,fifo
1175,377.07,2110.5719000000013,2111.4343000000013,1733.5019000000013,0.8624,1733.6587000000015,1068,98,fifo
1176,377.321,2111.4343000000013,2112.2206000000015,1734.1133000000013,0.7863,1734.2804000000015,1171,86,fifo
1177,377.554,2112.2206000000015,2112.5654000000013,1734.6666000000014,0.3448,1734.9538000000016,2372,8,fifo
1178,377.59,2112.5654000000013,2112.7608000000014,1734.9754000000014,0.19540000000000002,1735.1132000000014,878,8,fifo
1179,377.754,2112.7608000000014,2115.0829000000012,1735.0068000000015,2.3221,1735.4497000000015,3929,261,fifo
1180,378.098,2115.0829000000012,2115.583500000001,1736.9849000000013,0.5006,1737.2407000000012,2058,34,fifo
1181,378.504,2115.583500000001,2115.673700000001,1737.0795000000012,0.0902,1737.1625000000013,330,1,fifo
1182,378.541,2115.673700000001,2116.8939000000014,1737.1327000000013,1.2202,1737.4745000000014,2918,122,fifo
1183,378.756,2116.8939000000014,2117.5639000000015,1738.1379000000015,0.6699999999999999,1738.3615000000013,1736,62,fifo
1184,379.524,2117.5639000000015,2118.3068000000017,1738.0399000000016,0.7428999999999999,1738.2068000000017,1169,80,fifo
1185,379.551,2118.3068000000017,2122.0773000000017,1738.7558000000017,3.7705,1738.926300000002,1205,500,fifo
1186,379.75,2122.0773000000017,2122.680300000002,1742.3273000000017,0.603,1742.4911000000016,1138,61,fifo
1187,379.758,2122.680300000002,2124.7283000000016,1742.9223000000018,2.048,1743.0335000000016,612,269,fifo
1188,379.843,2124.7283000000016,2125.1390000000015,1744.8853000000015,0.41069999999999995,1745.0080000000014,727,40,fifo
1189,380.041,2125.1390000000015,2132.1537000000017,1745.0980000000015,7.0146999999999995,1745.5463000000016,3983,912,fifo
1190,380.073,2132.1537000000017,2132.3072000000016,1752.0807000000018,0.15350000000000003,1752.2126000000017,819,3,fifo
1191,380.244,2132.3072000000016,2133.1269000000016,1752.0632000000014,0.8197,1752.2565000000013,1433,87,fifo
1192,380.27,2133.1269000000016,2134.0994000000014,1752.8569000000016,0.9724999999999999,1753.0518000000015,1449,108,fifo
1193,380.339,2134.0994000000014,2134.9551000000015,1753.7604000000015,0.8557,1753.9249000000013,1145,96,fifo
1194,380.541,2134.9551000000015,2136.7237000000014,1754.4141000000016,1.7686,1754.5267000000015,626,230,fifo
1195,380.998,2136.7237000000014,2137.967300000001,1755.7257000000013,1.2436,1756.1125000000015,3368,119,fifo
1196,381.495,2137.967300000001,2141.0519000000013,1756.4723000000013,3.0846,1757.404100000001,8818,299,fifo
1197,381.522,2141.0519000000013,2142.487500000001,1759.5299000000014,1.4356,1760.4327000000012,8528,74,fifo
1198,381.588,2142.487500000001,2143.631100000001,1760.8995000000011,1.1436,1761.0783000000013,1288,134,fifo
1199,381.834,2143.631100000001,2146.468300000001,1761.797100000001,2.8372,1762.546300000001,6992,290,fifo
1200,381.996,2146.468300000001,2147.7861000000007,1764.4723000000008,1.3178,1764.6957000000007,1734,152,fifo
1201,382.246,2147.7861000000007,2149.8922000000007,1765.5401000000006,2.1061,1765.6878000000006,977,272,fifo
1202,382.738,2149.8922000000007,2153.186100000001,1767.1542000000006,3.2939,1767.2729000000006,687,441,fifo
1203,382.745,2153.186100000001,2156.277600000001,1770.441100000001,3.0915,1770.6094000000007,1183,406,fifo
1204,383.084,2156.277600000001,2157.410300000001,1773.1936000000007,1.1327,1773.3399000000006,963,137,fifo
1205,383.193,2157.410300000001,2157.606900000001,1774.217300000001,0.1966,1774.356300000001,890,8,fifo
1206,383.799,2157.606900000001,2160.0757000000012,1773.8079000000012,2.4688,1773.936700000001,788,325,fifo
1207,383.799,2160.0757000000012,2161.144900000001,1776.2767000000013,1.0692,1776.4747000000011,1480,121,fifo
1208,383.824,2161.144900000001,2161.452800000001,1777.320900000001,0.30789999999999995,1777.405600000001,347,31,fifo
1209,384.02,2161.452800000001,2161.9390000000008,1777.432800000001,0.48619999999999997,1777.508600000001,258,57,fifo
1210,384.073,2161.9390000000008,2162.3052000000007,1777.866000000001,0.3662,1778.030600000001,1146,28,fifo
1211,384.246,2162.3052000000007,2165.8886000000007,1778.0592000000006,3.5834,1778.1866000000005,774,480,fifo
1212,384.268,2165.8886000000007,2167.7856000000006,1781.6206000000006,1.897,1782.1784000000007,5078,186,fifo
1213,384.268,2167.7856000000006,2170.1649000000007,1783.5176000000006,2.3793,1784.4857000000006,9181,196,fifo
1214,385.341,2170.1649000000007,2171.193100000001,1784.8239000000008,1.0282,1785.571300000001,6974,39,fifo
1215,385.835,2171.193100000001,2171.5995000000007,1785.3581000000008,0.4064,1785.4765000000007,684,40,fifo
1216,386.023,2171.5995000000007,2174.090800000001,1785.5765000000006,2.4913,1785.7278000000006,1013,325,fifo
1217,386.073,2174.090800000001,2178.2791000000007,1788.017800000001,4.1883,1788.375700000001,3079,532,fifo
1218,386.321,2178.2791000000007,2180.902400000001,1791.9581000000007,2.6233,1792.889400000001,8813,235,fifo
1219,386.33,2180.902400000001,2181.568200000001,1794.572400000001,0.6658,1794.7414000000008,1190,69,fifo
1220,386.518,2181.568200000001,2184.647500000001,1795.050200000001,3.0793,1795.2207000000012,1205,404,fifo
1221,386.592,2184.647500000001,2185.401800000001,1798.0555000000008,0.7543,1798.269800000001,1643,75,fifo
1222,387.076,2185.401800000001,2185.827900000001,1798.325800000001,0.42610000000000003,1798.5503000000008,1745,28,fifo
1223,387.408,2185.827900000001,2186.889900000001,1798.4199000000012,1.062,1798.617900000001,1480,120,fifo
1224,387.591,2186.889900000001,2187.690400000001,1799.2989000000011,0.8005,1799.4658000000013,1169,88,fifo
1225,387.755,2187.690400000001,2190.427800000001,1799.9354000000008,2.7374,1800.3976000000007,4122,316,fifo
1226,387.824,2190.427800000001,2190.977800000001,1802.6038000000008,0.55,1802.7218000000007,680,60,fifo
1227,388.001,2190.977800000001,2191.727700000001,1802.976800000001,0.7499,1803.7123000000008,6855,2,fifo
1228,388.075,2191.727700000001,2192.1094000000007,1803.6527000000008,0.38170000000000004,1803.8472000000008,1445,26,fifo
1229,388.197,2192.1094000000007,2192.5129000000006,1803.9124000000006,0.4035,1804.1431000000007,1807,24,fifo
1230,388.247,2192.5129000000006,2195.1057000000005,1804.2659000000006,2.5928,1804.4395000000006,1236,336,fifo
1231,388.322,2195.1057000000005,2195.7773000000007,1806.7837000000004,0.6716,1806.9801000000002,1464,66,fifo
1232,388.519,2195.7773000000007,2196.1599000000006,1807.2583000000006,0.3826,1807.4393000000007,1310,28,fifo
1233,388.647,2196.1599000000006,2200.1419000000005,1807.5129000000006,3.9819999999999998,1807.6357000000007,728,536,fifo
1234,388.841,2200.1419000000005,2200.4885000000004,1811.3009000000006,0.3466,1811.4459000000006,950,28,fifo
1235,389.577,2200.4885000000004,2200.8458000000005,1810.9115000000004,0.35730000000000006,1811.0816000000002,1201,26,fifo
1236,389.802,2200.8458000000005,2201.2412000000004,1811.0438000000004,0.39540000000000003,1811.2664000000004,1726,24,fifo
1237,389.822,2201.2412000000004,2201.9776,1811.4192000000003,0.7364,1811.6156,1464,75,fifo
1238,390.074,2201.9776,2203.1316,1811.9036,1.154,1812.3736,4200,95,fifo
1239,390.156,2203.1316,2203.2851,1812.9756000000002,0.15350000000000003,1813.1075,819,3,fifo
1240,390.586,2203.2851,2203.4643,1812.6991,0.1792,1812.8135,644,9,fifo
1241,390.773,2203.4643,2203.7866,1812.6913,0.32230000000000003,1812.7759999999998,347,33,fifo
1242,390.904,2203.7866,2205.0613,1812.8826,1.2747,1813.3004999999998,3679,119,fifo
1243,391.334,2205.0613,2205.2565,1813.7272999999998,0.19519999999999998,1813.8648999999998,876,8,fifo
1244,391.349,2205.2565,2215.345,1813.9075,10.0885,1814.4415999999999,4841,1327,fifo
1245,391.521,2215.345,2215.4988999999996,1823.8239999999998,0.15389999999999998,1823.8987,247,11,fifo
1246,391.742,2215.4988999999996,2216.2393999999995,1823.7568999999996,0.7405,1823.9501999999995,1433,76,fifo
1247,391.755,2216.2393999999995,2219.2657999999997,1824.4843999999994,3.0263999999999998,1824.8323999999993,2980,372,fifo
1248,391.835,2219.2657999999997,2219.7254999999996,1827.4307999999996,0.4597,1827.6672999999996,1865,31,fifo
1249,392.027,2219.7254999999996,2220.9251999999997,1827.6984999999995,1.1997,1827.8397999999993,913,147,fifo
1250,392.577,2220.9251999999997,2221.6872999999996,1828.3481999999997,0.7621,1828.5414999999996,1433,79,fifo
1251,392.742,2221.6872999999996,2223.5875999999994,1828.9452999999996,1.9003,1829.3335999999997,3383,210,fifo
1252,392.971,2223.5875999999994,2224.1456999999996,1830.6165999999994,0.5581,1830.8218999999995,1553,49,fifo
1253,393.497,2224.1456999999996,2224.6061999999997,1830.6486999999995,0.4605,1830.7563999999995,577,49,fifo
1254,393.505,2224.6061999999997,2225.0290999999997,1831.1011999999996,0.4229,1831.1856999999995,345,47,fifo
1255,393.525,2225.0290999999997,2227.7128,1831.5040999999997,2.6837,1831.9485999999997,3945,311,fifo
1256,394.816,2227.7128,2233.5018999999998,1832.8967999999998,5.7890999999999995,1832.9978999999996,511,790,fifo
1257,395.022,2233.5018999999998,2237.4842999999996,1838.4798999999998,3.9823999999999997,1838.8910999999998,3612,496,fifo
1258,395.071,2237.4842999999996,2240.6561999999994,1842.4132999999997,3.1719,1843.3459999999995,8827,311,fifo
1259,395.251,2240.6561999999994,2240.9977999999996,1845.4051999999995,0.3416,1845.5595999999994,1044,26,fifo
1260,395.252,2240.9977999999996,2241.3109999999997,1845.7457999999997,0.31320000000000003,1845.879,832,25,fifo
1261,395.257,2241.3109999999997,2242.553,1846.0539999999996,1.242,1846.2519999999995,1480,145,fifo
1262,395.26,2242.553,2242.7354,1847.293,0.1824,1847.4178,748,8,fifo
1263,396.099,2242.7354,2245.0823,1846.6364,2.3468999999999998,1846.7441000000001,577,311,fifo
1264,396.406,2245.0823,2248.1757000000002,1848.6763,3.0934,1849.0193,2930,382,fifo
1265,396.523,2248.1757000000002,2249.0441,1851.6527,0.8684,1851.7435,408,108,fifo
1266,396.797,2249.0441,2251.2663000000002,1852.2471,2.2222,1852.3957,986,288,fifo
1267,397.004,2251.2663000000002,2251.6326000000004,1854.2623000000003,0.3663,1854.5494000000003,2371,11,fifo
1268,397.085,2251.6326000000004,2252.7605000000003,1854.5476000000003,1.1279,1854.7107000000005,1131,134,fifo
1269,397.395,2252.7605000000003,2258.2645,1855.3655000000003,5.5040000000000004,1855.8943000000004,4788,691,fifo
1270,397.522,2258.2645,2258.6856000000002,1860.7425000000003,0.42110000000000003,1860.8180000000002,255,48,fifo
1271,397.584,2258.6856000000002,2259.1145,1861.1016000000002,0.4289,1861.3289000000002,1773,28,fifo
1272,397.691,2259.1145,2259.9672,1861.4235,0.8527,1862.1106000000002,6371,23,fifo
1273,397.756,2259.9672,2263.757,1862.2112000000002,3.7897999999999996,1862.6602000000003,3990,464,fifo
1274,397.999,2263.757,2264.7924000000003,1865.758,1.0354,1866.1166,3086,94,fifo
1275,398.253,2264.7924000000003,2265.0491,1866.5394000000003,0.2567,1866.7601000000002,1707,5,fifo
1276,398.334,2265.0491,2266.0115,1866.7151000000001,0.9623999999999999,1867.1447,3796,74,fifo
1277,398.845,2266.0115,2266.5534000000002,1867.1665,0.5419,1867.298,815,57,fifo
1278,399.086,2266.5534000000002,2269.1549000000005,1867.4674000000002,2.6015,1868.2041000000002,6867,259,fifo
1279,399.296,2269.1549000000005,2269.4588000000003,1869.8589000000004,0.3039,1870.0116000000005,1027,21,fifo
1280,399.591,2269.4588000000003,2270.8262000000004,1869.8678000000004,1.3674,1870.2128000000002,2950,142,fifo
1281,399.987,2270.8262000000004,2273.9764000000005,1870.8392000000003,3.1502000000000003,1870.9582000000005,690,421,fifo
1282,400.753,2273.9764000000005,2274.8915000000006,1873.2234000000005,0.9151,1873.6489000000004,3755,68,fifo
1283,400.775,2274.8915000000006,2276.182300000001,1874.1165000000005,1.2908,1874.2481000000007,816,161,fifo
1284,400.996,2276.182300000001,2276.719600000001,1875.1863000000008,0.5373,1875.306000000001,697,58,fifo
1285,401.803,2276.719600000001,2280.6397000000006,1874.916600000001,3.9201,1876.0863000000008,11197,382,fifo
1286,402.691,2280.6397000000006,2281.0698000000007,1877.9487000000006,0.43010000000000004,1878.0332000000005,345,48,fifo
1287,402.753,2281.0698000000007,2281.5842000000007,1878.3168000000007,0.5144,1878.4352000000006,684,55,fifo
1288,402.998,2281.5842000000007,2281.7717000000007,1878.5862000000006,0.1875,1878.7521000000006,1159,3,fifo
1289,403.446,2281.7717000000007,2287.721900000001,1878.3257000000008,5.9502,1878.4511000000007,754,809,fifo
1290,403.502,2287.721900000001,2289.0224000000007,1884.219900000001,1.3005,1884.483600000001,2137,144,fifo
1291,403.823,2289.0224000000007,2290.8875000000007,1885.1994000000009,1.8651,1885.2861000000007,367,247,fifo
1292,404.324,2290.8875000000007,2291.7802000000006,1886.5635000000007,0.8926999999999999,1886.7146000000007,1011,103,fifo
1293,404.505,2291.7802000000006,2292.9984000000004,1887.2752000000005,1.2182,1887.4206000000004,954,149,fifo
1294,404.693,2292.9984000000004,2293.4563000000003,1888.3054000000004,0.4579,1888.5473000000004,1919,30,fifo
1295,404.756,2293.4563000000003,2300.7724000000003,1888.7003000000004,7.3161000000000005,1888.8164000000006,661,1000,fifo
1296,405.156,2300.7724000000003,2301.083,1895.6164000000003,0.3106,1895.7398000000003,734,26,fifo
1297,405.589,2301.083,2301.4995,1895.4940000000001,0.4165,1895.7161,1721,27,fifo
1298,406.02,2301.4995,2302.6911,1895.4795,1.1916,1895.6774999999998,1480,138,fifo
1299,406.352,2302.6911,2308.1485,1896.3391000000001,5.4574,1896.9149000000002,5258,678,fifo
1300,406.839,2308.1485,2308.6022999999996,1901.3094999999998,0.4538,1901.3961,366,51,fifo
1301,407.022,2308.6022999999996,2312.1423999999997,1901.5802999999996,3.5401,1901.7507999999998,1205,468,fifo
1302,407.312,2312.1423999999997,2319.0262,1904.8303999999998,6.883799999999999,1905.1117999999997,2314,917,fifo
1303,407.345,2319.0262,2319.2947999999997,1911.6811999999998,0.2686,1911.8993999999996,1682,7,fifo
1304,407.59,2319.2947999999997,2320.4077999999995,1911.7047999999998,1.113,1911.8817999999999,1270,130,fifo
1305,407.591,2320.4077999999995,2320.8485999999994,1912.8167999999996,0.4408,1913.1567999999997,2900,14,fifo
1306,407.907,2320.8485999999994,2321.3134999999993,1912.9415999999994,0.46490000000000004,1913.0608999999993,693,48,fifo
1307,408.56,2321.3134999999993,2322.200799999999,1912.7534999999993,0.8873,1912.8415999999993,381,111,fifo
1308,408.75,2322.200799999999,2322.728799999999,1913.4507999999992,0.528,1913.6043999999993,1036,52,fifo
1309,408.75,2322.728799999999,2323.245199999999,1913.978799999999,0.5164,1914.0991999999987,704,55,fifo
1310,408.838,2323.245199999999,2323.613899999999,1914.407199999999,0.3687,1914.5958999999991,1387,25,fifo
1311,409.651,2323.613899999999,2323.938199999999,1913.9628999999989,0.32430000000000003,1914.1359999999988,1231,21,fifo
1312,409.819,2323.938199999999,2324.942699999999,1914.1191999999992,1.0045,1914.209299999999,401,127,fifo
1313,409.902,2324.942699999999,2327.299299999999,1915.040699999999,2.3566000000000003,1915.4820999999993,3914,266,fifo
1314,410.75,2327.299299999999,2328.4917999999993,1916.5492999999992,1.1925,1916.978599999999,3793,106,fifo
1315,412.518,2328.4917999999993,2331.5392999999995,1915.9737999999993,3.0475,1916.4148999999993,3911,362,fifo
1316,412.943,2331.5392999999995,2335.3128999999994,1918.5962999999995,3.7736,1918.7698999999996,1236,500,fifo
1317,413.5,2335.3128999999994,2335.9346999999993,1921.8128999999994,0.6217999999999999,1921.9090999999994,462,73,fifo
1318,413.898,2335.9346999999993,2336.8489999999993,1922.0366999999992,0.9143000000000001,1922.2525999999993,1659,97,fifo
1319,413.989,2336.8489999999993,2346.632399999999,1922.8599999999992,9.7834,1925.2705999999994,23606,1024,fifo
1320,414.268,2346.632399999999,2347.8462999999992,1932.364399999999,1.2138999999999998,1932.5126999999989,983,148,fifo
1321,415.076,2347.8462999999992,2348.6873999999993,1932.7702999999992,0.8411000000000001,1932.9705999999992,1503,89,fifo
1322,415.087,2348.6873999999993,2349.5387999999994,1933.6003999999994,0.8514,1933.8973999999994,2470,77,fifo
1323,415.338,2349.5387999999994,2360.7101999999995,1934.2007999999994,11.1714,1934.5217999999993,2710,1507,fifo
1324,415.443,2360.7101999999995,2361.4685999999997,1945.2671999999995,0.7584,1945.4135999999996,964,85,fifo
1325,415.518,2361.4685999999997,2361.8655,1945.9505999999997,0.39690000000000003,1946.1746999999996,1741,24,fifo
1326,415.768,2361.8655,2363.0292999999997,1946.0974999999999,1.1638000000000002,1946.2316999999998,842,143,fifo
1327,415.898,2363.0292999999997,2363.7585,1947.1312999999996,0.7292,1947.3276999999994,1464,74,fifo
1328,416.768,2363.7585,2366.932,1946.9904999999999,3.1734999999999998,1947.9247999999998,8843,311,fifo
1329,416.942,2366.932,2368.1315999999997,1949.9899999999998,1.1996,1950.3759999999997,3360,113,fifo
1330,417.342,2368.1315999999997,2371.7142,1950.7895999999996,3.5826,1950.9017999999996,622,482,fifo
1331,417.822,2371.7142,2372.5108,1953.8921999999998,0.7966,1954.1127999999999,1706,80,fifo
1332,417.844,2372.5108,2375.4417,1954.6668,2.9309,1954.8833,1665,377,fifo
1333,418.217,2375.4417,2377.1825,1957.2246999999998,1.7408000000000001,1958.2526999999995,9780,99,fifo
1334,419.149,2377.1825,2380.3875,1958.0335,3.205,1958.8625000000002,7790,330,fifo
1335,419.503,2380.3875,2381.0368999999996,1960.8845,0.6494,1961.0514999999998,1170,67,fifo
1336,419.506,2381.0368999999996,2381.7028999999998,1961.5308999999997,0.6659999999999999,1961.6136999999999,328,81,fifo
1337,420.018,2381.7028999999998,2384.1198,1961.6848999999997,2.4169,1961.8554,1205,312,fifo
1338,420.097,2384.1198,2387.2524,1964.0228,3.1326,1964.1242,514,421,fifo
1339,420.098,2387.2524,2390.5355999999997,1967.1544,3.2832,1967.3415999999997,1372,430,fifo
1340,420.253,2390.5355999999997,2391.9249999999997,1970.2825999999998,1.3894,1970.3975999999996,650,177,fifo
1341,420.769,2391.9249999999997,2392.7951,1971.1559999999997,0.8701,1971.3492999999996,1433,94,fifo
1342,421.518,2392.7951,2396.7428,1971.2770999999998,3.9476999999999998,1971.3871999999997,601,533,fifo
1343,422.004,2396.7428,2398.5967,1974.7388,1.8538999999999999,1974.8503,615,242,fifo
1344,422.492,2398.5967,2401.3922000000002,1976.1047,2.7955,1976.3802000000003,2255,350,fifo
1345,422.503,2401.3922000000002,2402.7986,1978.8892000000003,1.4064,1978.9996000000003,604,180,fifo
1346,422.59,2402.7986,2406.2088,1980.2086000000002,3.4102,1980.3572000000001,986,453,fifo
1347,422.753,2406.2088,2407.6083,1983.4558,1.3995,1983.6456999999998,1399,168,fifo
1348,423.896,2407.6083,2407.7617999999998,1983.7123,0.15350000000000003,1983.8441999999998,819,3,fifo
1349,424.499,2407.7617999999998,2408.5274,1983.2627999999997,0.7656000000000001,1983.4163999999998,1036,85,fifo
1350,424.753,2408.5274,2412.2062,1983.7744,3.6788,1985.4876000000002,16632,273,fifo
1351,426.249,2412.2062,2412.3826,1985.9572,0.17640000000000003,1986.1263999999999,1192,1,fifo
1352,426.752,2412.3826,2415.1726,1985.6306,2.79,1986.1093999999998,4288,321,fifo
1353,428.254,2415.1726,2416.1982,1986.9186,1.0255999999999998,1987.4114,4428,74,fifo
1354,428.894,2416.1982,2419.1740999999997,1987.3041999999998,2.9758999999999998,1987.7312999999997,3771,354,fifo
1355,429.144,2419.1740999999997,2422.4062999999996,1990.0300999999997,3.2322,1990.7782999999997,6982,345,fifo
1356,430.312,2422.4062999999996,2422.6521,1992.0942999999997,0.24580000000000002,1992.2392999999997,950,14,fifo
1357,430.518,2422.6521,2425.611,1992.1340999999998,2.9589,1992.5801999999999,3961,349,fifo
1358,431.943,2425.611,2425.9784999999997,1993.668,0.3675,1993.8410999999999,1231,27,fifo
1359,432.019,2425.9784999999997,2428.7753999999995,1993.9594999999997,2.7969,1994.1644,1549,360,fifo
1360,432.442,2428.7753999999995,2429.2847999999994,1996.3333999999995,0.5094000000000001,1996.4971999999993,1138,48,fifo
1361,434.005,2429.2847999999994,2432.7515999999996,1995.2797999999993,3.4668,1996.2121999999995,8824,352,fifo
1362,434.525,2432.7515999999996,2433.2735999999995,1998.2265999999995,0.522,1998.5901999999996,3136,22,fifo
1363,434.893,2433.2735999999995,2434.3508999999995,1998.3805999999995,1.0773,1998.5146999999997,841,131,fifo
1364,435.192,2434.3508999999995,2435.4066999999995,1999.1588999999994,1.0558,1999.2642999999994,554,132,fifo
1365,436.894,2435.4066999999995,2436.2516999999993,1998.5126999999995,0.845,1998.6160999999995,534,103,fifo
1366,438.192,2436.2516999999993,2439.1156999999994,1998.0596999999993,2.864,1998.1660999999995,564,383,fifo
1367,439.944,2439.1156999999994,2439.5477999999994,1999.1716999999994,0.43210000000000004,1999.4021999999995,1805,28,fifo
1368,440.312,2439.5477999999994,2439.7012999999993,1999.2357999999995,0.15350000000000003,1999.3676999999993,819,3,fifo
1369,440.489,2439.7012999999993,2448.915499999999,1999.2122999999992,9.2142,1999.8584999999994,5962,1190,fifo
1370,441.766,2448.915499999999,2450.1684999999993,2007.149499999999,1.2530000000000001,2007.2936999999993,942,154,fifo
1371,442.421,2450.1684999999993,2453.9409999999993,2007.7474999999993,3.7725,2008.5967999999991,7993,406,fifo
1372,442.944,2453.9409999999993,2454.7775999999994,2010.9969999999994,0.8366,2011.1351999999993,882,97,fifo
1373,443.405,2454.7775999999994,2455.1278999999995,2011.3725999999995,0.35030000000000006,2011.5356999999997,1131,26,fifo
1374,443.467,2455.1278999999995,2455.7046999999993,2011.6608999999994,0.5768,2012.1368999999995,4260,14,fifo
1375,444.09,2455.7046999999993,2459.2918999999993,2011.6146999999994,3.5871999999999997,2011.7530999999992,884,479,fifo
1376,444.263,2459.2918999999993,2460.5418999999993,2015.0288999999993,1.25,2015.5876999999991,5088,96,fifo
1377,444.51,2460.5418999999993,2461.148399999999,2016.0318999999993,0.6065,2016.1199999999992,381,72,fifo
1378,444.762,2461.148399999999,2463.005599999999,2016.3863999999992,1.8572,2016.781999999999,3456,203,fifo
1379,444.772,2463.005599999999,2463.391399999999,2018.2335999999991,0.38580000000000003,2018.3457999999991,622,38,fifo
1380,444.942,2463.391399999999,2463.900199999999,2018.449399999999,0.5088,2018.857399999999,3580,14,fifo
1381,444.965,2463.900199999999,2464.240599999999,2018.9351999999992,0.34040000000000004,2019.0739999999994,888,28,fifo
1382,445.046,2464.240599999999,2465.178699999999,2019.1945999999991,0.9380999999999999,2019.621499999999,3769,71,fifo
1383,445.271,2465.178699999999,2465.538399999999,2019.907699999999,0.3597,2020.0657999999992,1081,28,fifo
1384,445.466,2465.538399999999,2466.169499999999,2020.072399999999,0.6311,2020.1634999999992,411,75,fifo
1385,445.547,2466.169499999999,2466.503199999999,2020.622499999999,0.3337,2020.7689999999989,965,26,fifo
1386,445.812,2466.503199999999,2467.303999999999,2020.6911999999993,0.8008,2020.8655999999992,1244,87,fifo
1387,445.946,2467.303999999999,2467.841099999999,2021.3579999999993,0.5371,2021.477499999999,695,58,fifo
1388,446.942,2467.841099999999,2468.250199999999,2020.8990999999992,0.4091,2021.034599999999,855,38,fifo
1389,447.062,2468.250199999999,2468.657399999999,2021.1881999999991,0.4072,2021.2641999999992,260,46,fifo
1390,447.194,2468.657399999999,2469.0092999999993,2021.4633999999992,0.3519,2021.628099999999,1147,26,fifo
1391,447.266,2469.0092999999993,2469.4812999999995,2021.7432999999992,0.472,2021.8192999999992,260,55,fifo
1392,447.311,2469.4812999999995,2470.4626999999996,2022.1702999999995,0.9813999999999999,2022.3164999999997,962,116,fifo
1393,447.311,2470.4626999999996,2470.8235999999997,2023.1516999999997,0.3609,2023.3109999999995,1093,28,fifo
1394,447.32,2470.8235999999997,2473.1168999999995,2023.5035999999998,2.2933,2023.6080999999997,545,304,fifo
1395,447.715,2473.1168999999995,2474.5289999999995,2025.4018999999996,1.4121,2025.8275999999994,3757,137,fifo
1396,447.941,2474.5289999999995,2474.8752999999997,2026.5879999999995,0.3463,2026.7758999999994,1379,22,fifo
1397,448.048,2474.8752999999997,2478.0761999999995,2026.8272999999997,3.2009,2027.2849999999996,4077,381,fifo
1398,448.06,2478.0761999999995,2479.5696999999996,2030.0161999999996,1.4935,2030.3864999999996,3203,156,fifo
1399,448.3,2479.5696999999996,2479.6790999999994,2031.2696999999996,0.10940000000000001,2031.3718999999994,522,1,fifo
1400,448.405,2479.6790999999994,2480.2990999999993,2031.2740999999994,0.62,2031.4476999999995,1236,62,fifo
1401,448.459,2480.2990999999993,2480.9721999999992,2031.8400999999992,0.6730999999999999,2031.9803999999992,903,74,fifo
1402,448.472,2480.9721999999992,2481.617799999999,2032.5001999999993,0.6456,2032.591399999999,412,77,fifo
1403,449.466,2481.617799999999,2483.998699999999,2032.1517999999992,2.3809,2032.3222999999994,1205,307,fifo
1404,449.546,2483.998699999999,2485.0351999999993,2034.4526999999991,1.0365,2034.5963999999992,937,124,fifo
1405,449.546,2485.0351999999993,2486.2125999999994,2035.4891999999993,1.1774,2035.9177999999995,3786,104,fifo
1406,449.617,2486.2125999999994,2486.638999999999,2036.5955999999994,0.4264,2036.8275999999994,1820,27,fifo
1407,449.617,2486.638999999999,2486.9890999999993,2037.0219999999993,0.35009999999999997,2037.184899999999,1129,26,fifo
1408,449.691,2486.9890999999993,2487.6970999999994,2037.2980999999993,0.708,2037.4444999999994,964,78,fifo
1409,449.81,2487.6970999999994,2489.1975999999995,2037.8870999999995,1.5005,2037.9835999999996,465,195,fifo
1410,450.263,2489.1975999999995,2489.5710999999997,2038.9345999999996,0.3735,2039.1064999999994,1219,28,fifo
1411,450.295,2489.5710999999997,2490.229,2039.2760999999996,0.6579,2039.3939999999998,679,75,fifo
1412,450.312,2490.229,2491.0042999999996,2039.917,0.7752999999999999,2040.1091000000001,1421,81,fifo
1413,450.312,2491.0042999999996,2491.3509999999997,2040.6922999999997,0.3467,2040.8518,1095,26,fifo
1414,450.442,2491.3509999999997,2492.6859999999997,2040.9089999999997,1.335,2041.0631999999996,1042,164,fifo
1415,450.945,2492.6859999999997,2493.2164999999995,2041.7409999999998,0.5305,2041.9115,1205,50,fifo
1416,451.01,2493.2164999999995,2493.8849999999998,2042.2064999999996,0.6685000000000001,2042.3997999999995,1433,66,fifo
1417,451.56,2493.8849999999998,2494.4076999999997,2042.3249999999998,0.5226999999999999,2042.4013,263,62,fifo
1418,451.761,2494.4076999999997,2495.7153999999996,2042.6466999999998,1.3077,2043.0472,3505,126,fifo
1419,451.941,2495.7153999999996,2496.0606,2043.7743999999996,0.3452,2043.9323999999995,1080,26,fifo
1420,452.017,2496.0606,2498.2497,2044.0435999999997,2.1891,2044.4830999999997,3895,243,fifo
1421,452.154,2498.2497,2499.8059,2046.0956999999999,1.5562,2046.2767,1310,191,fifo
1422,452.154,2499.8059,2500.4771,2047.6518999999998,0.6712,2047.8190999999997,1172,70,fifo
1423,452.465,2500.4771,2501.4887,2048.0121,1.0116,2048.2101,1480,113,fifo
1424,452.69,2501.4887,2502.0108,2048.7987,0.5221,2048.9175999999998,689,56,fifo
1425,452.695,2502.0108,2502.405,2049.3158,0.3942,2049.4076,418,42,fifo
1426,452.715,2502.405,2505.6895000000004,2049.69,3.2845,2050.6561,9161,322,fifo
1427,452.767,2505.6895000000004,2506.0676000000003,2052.9225000000006,0.3781,2053.0990000000006,1265,28,fifo
1428,452.834,2506.0676000000003,2506.3738000000003,2053.2336000000005,0.3062,2053.3094000000006,258,32,fifo
1429,452.944,2506.3738000000003,2506.5598000000005,2053.4298000000003,0.18600000000000003,2053.6086000000005,1288,1,fifo
1430,453.021,2506.5598000000005,2509.8079000000002,2053.5388000000003,3.2481,2054.5045000000005,9157,317,fifo
1431,453.024,2509.8079000000002,2510.1695000000004,2056.7839000000004,0.36160000000000003,2056.9295,956,30,fifo
1432,453.062,2510.1695000000004,2510.9084000000003,2057.1075000000005,0.7389,2057.2848000000004,1273,78,fifo
1433,453.153,2510.9084000000003,2511.1702000000005,2057.7554,0.2618,2058.01,2046,1,fifo
1434,453.763,2511.1702000000005,2511.5370000000003,2057.4072000000006,0.3668,2057.5580000000004,1008,30,fifo
1435,453.904,2511.5370000000003,2514.2089,2057.6330000000003,2.6719,2057.9793000000004,2963,323,fifo
1436,453.969,2514.2089,2514.5506,2060.2399,0.3417,2060.3944,1045,26,fifo
1437,454.189,2514.5506,2515.5951,2060.3616,1.0445,2060.5565,1449,118,fifo
1438,454.438,2515.5951,2516.235,2061.1571,0.6398999999999999,2061.3001999999997,931,69,fifo
1439,454.692,2516.235,2516.5857,2061.543,0.3507,2061.7065000000002,1135,26,fifo
1440,454.94,2516.5857,2517.6635,2061.6457,1.0778,2062.0323,3366,96,fifo
1441,454.941,2517.6635,2518.4662000000003,2062.7225000000003,0.8027,2062.8412000000003,687,95,fifo
1442,454.994,2518.4662000000003,2518.9177000000004,2063.4722,0.4515,2063.5421,199,53,fifo
1443,455.117,2518.9177000000004,2519.2624000000005,2063.8007000000002,0.3447,2064.0878000000002,2371,8,fifo
1444,455.692,2519.2624000000005,2522.4680000000003,2063.5704000000005,3.2056,2064.5368000000003,9164,311,fifo
1445,455.836,2522.4680000000003,2523.2720000000004,2066.6320000000005,0.804,2066.7232000000004,412,99,fifo
1446,455.904,2523.2720000000004,2525.0198000000005,2067.3680000000004,1.7478,2067.4670000000006,490,229,fifo
1447,456.06,2525.0198000000005,2525.6314000000007,2068.9598000000005,0.6116,2069.0674000000004,576,70,fifo
1448,456.297,2525.6314000000007,2526.9284000000007,2069.3344000000006,1.297,2069.4794000000006,950,160,fifo
1449,456.407,2526.9284000000007,2529.4502000000007,2070.5214000000005,2.5218,2070.9624000000003,3910,289,fifo
1450,456.693,2529.4502000000007,2531.3139000000006,2072.757200000001,1.8637000000000001,2073.7929000000004,9857,115,fifo
1451,456.812,2531.3139000000006,2531.8006000000005,2074.5019000000007,0.48669999999999997,2074.6214000000004,695,51,fifo
1452,456.834,2531.8006000000005,2533.0143000000003,2074.9666000000007,1.2136999999999998,2075.1147000000005,981,148,fifo
1453,457.011,2533.0143000000003,2534.5529,2076.0033000000003,1.5386,2076.1523,990,193,fifo
1454,457.047,2534.5529,2545.3333000000002,2077.5059,10.7804,2077.7959,2400,1457,fifo
1455,457.155,2545.3333000000002,2548.4107000000004,2088.1783000000005,3.0774,2088.5773,3490,372,fifo
1456,457.189,2548.4107000000004,2548.675,2091.2217000000005,0.2643,2091.3060000000005,343,25,fifo
1457,457.445,2548.675,2549.2544000000003,2091.23,0.5794,2091.3486,686,64,fifo
1458,457.563,2549.2544000000003,2555.1998000000003,2091.6914,5.9454,2091.8408,994,805,fifo
1459,457.833,2555.1998000000003,2558.5829000000003,2097.3668000000002,3.3830999999999998,2097.8411,4243,404,fifo
1460,457.867,2558.5829000000003,2559.4060000000004,2100.7159,0.8230999999999999,2100.8046,387,102,fifo
1461,458.047,2559.4060000000004,2561.0066000000006,2101.3590000000004,1.6006,2102.4916000000003,10826,65,fifo
1462,458.188,2561.0066000000006,2562.986700000001,2102.8186000000005,1.9801,2102.9987000000006,1301,250,fifo
1463,458.188,2562.986700000001,2566.279700000001,2104.7987000000007,3.293,2105.7301000000007,8814,328,fifo
1464,458.521,2566.279700000001,2566.993500000001,2107.7587000000008,0.7138,2107.8461000000007,374,87,fifo
1465,458.546,2566.993500000001,2568.0541000000007,2108.447500000001,1.0606,2108.672900000001,1754,116,fifo
1466,458.622,2568.0541000000007,2568.6611000000007,2109.432100000001,0.607,2109.599900000001,1178,61,fifo
1467,458.692,2568.6611000000007,2569.989000000001,2109.9691000000007,1.3278999999999999,2110.404200000001,3851,124,fifo
1468,458.715,2569.989000000001,2570.399700000001,2111.274000000001,0.4107,2111.447100000001,1231,33,fifo
1469,458.715,2570.399700000001,2571.056900000001,2111.6847000000007,0.6572,2111.8811000000005,1464,64,fifo
1470,458.744,2571.056900000001,2571.4399000000008,2112.312900000001,0.383,2112.4007000000006,378,41,fifo
1471,458.835,2571.4399000000008,2572.2051000000006,2112.6049000000007,0.7652,2112.8013000000005,1464,79,fifo
1472,458.945,2572.2051000000006,2573.5402000000004,2113.2601000000004,1.3351,2113.5296000000003,2195,148,fifo
1473,459.086,2573.5402000000004,2574.6432000000004,2114.4542,1.103,2114.5924000000005,882,134,fifo
1474,459.193,2574.6432000000004,2574.9289000000003,2115.4502,0.2857,2115.6279000000004,1277,15,fifo
1475,459.297,2574.9289000000003,2576.4869000000003,2115.6319000000003,1.558,2115.7427000000002,608,201,fifo
1476,459.834,2576.4869000000003,2580.0945,2116.6529000000005,3.6075999999999997,2116.9917000000005,2888,454,fifo
1477,459.835,2580.0945,2581.2191000000003,2120.2595,1.1246,2120.4337,1242,132,fifo
1478,459.946,2581.2191000000003,2581.4412,2121.2731000000003,0.2221,2121.4592000000002,1361,5,fifo
1479,459.966,2581.4412,2582.1502,2121.4752000000003,0.7090000000000001,2121.5938,686,82,fifo
1480,460.084,2582.1502,2582.2965,2122.0662,0.1463,2122.1981,819,2,fifo
1481,460.199,2582.2965,2583.3521,2122.0975,1.0556,2122.2459,984,126,fifo
1482,460.2,2583.3521,2584.6719000000003,2123.1521000000002,1.3198,2123.4279,2258,145,fifo
1483,460.246,2584.6719000000003,2587.7976000000003,2124.4259,3.1257,2125.3916000000004,9157,300,fifo
1484,460.31,2587.7976000000003,2588.2584,2127.4876000000004,0.4608,2127.7468000000003,2092,28,fifo
1485,460.311,2588.2584,2589.952,2127.9474,1.6936,2128.0426,452,222,fifo
1486,460.405,2589.952,2590.4039000000002,2129.5470000000005,0.45189999999999997,2129.7757,1787,31,fifo
1487,460.44,2590.4039000000002,2592.3775,2129.9639,1.9736,2130.1375000000003,1236,250,fifo
1488,460.495,2592.3775,2592.7438,2131.8825,0.3663,2132.1696,2371,11,fifo
1489,460.693,2592.7438,2593.1103000000003,2132.0508,0.3665,2132.2157000000007,1149,28,fifo
1490,461.19,2593.1103000000003,2593.4451000000004,2131.9203,0.3348,2132.0967,1264,22,fifo
1491,461.561,2593.4451000000004,2594.5200000000004,2131.8841,1.0749,2132.0086,745,132,fifo
1492,461.594,2594.5200000000004,2595.3250000000003,2132.9260000000004,0.8049999999999999,2133.0614000000005,854,93,fifo
1493,461.864,2595.3250000000003,2596.2274,2133.4610000000002,0.9024000000000001,2133.6722000000004,1612,96,fifo
1494,462.061,2596.2274,2596.5645000000004,2134.1664,0.3371,2134.3163,999,26,fifo
1495,462.062,2596.5645000000004,2598.5648000000006,2134.5025000000005,2.0003,2134.7388000000005,1863,245,fifo
1496,462.215,2598.5648000000006,2602.3384000000005,2136.3498000000004,3.7736,2136.5234000000005,1236,500,fifo
1497,462.243,2602.3384000000005,2602.5340000000006,2140.0954000000006,0.1956,2140.2334000000005,880,8,fifo
1498,462.266,2602.5340000000006,2605.2736000000004,2140.2680000000005,2.7396000000000003,2140.7180000000003,4000,318,fifo
1499,462.296,2605.2736000000004,2605.4492000000005,2142.9776000000006,0.1756,2143.1172000000006,896,5,fifo
1500,462.59,2605.4492000000005,2606.1777000000006,2142.8592000000003,0.7284999999999999,2143.0261000000005,1169,78,fifo
1501,462.715,2606.1777000000006,2607.112600000001,2143.4627000000005,0.9349,2143.6560000000004,1433,103,fifo
1502,462.837,2607.112600000001,2607.548500000001,2144.275600000001,0.43589999999999995,2144.3947000000007,691,44,fifo
1503,463.44,2607.548500000001,2607.834800000001,2144.1085000000007,0.2863,2144.337200000001,1787,8,fifo
1504,463.517,2607.834800000001,2608.277700000001,2144.317800000001,0.44289999999999996,2144.5159000000012,1481,34,fifo
1505,463.59,2608.277700000001,2608.941500000001,2144.687700000001,0.6638,2144.854700000001,1170,69,fifo
1506,463.816,2608.941500000001,2609.924300000001,2145.125500000001,0.9827999999999999,2145.323500000001,1480,109,fifo
1507,463.951,2609.924300000001,2610.753600000001,2145.973300000001,0.8292999999999999,2146.140200000001,1169,92,fifo
1508,464.088,2610.753600000001,2612.486100000001,2146.6656000000007,1.7325000000000002,2147.6925000000006,9769,98,fifo
1509,464.151,2612.486100000001,2612.668900000001,2148.335100000001,0.18280000000000005,2148.510700000001,1256,1,fifo
1510,464.34,2612.668900000001,2614.481700000001,2148.328900000001,1.8128,2148.478500000001,996,231,fifo
1511,464.494,2614.481700000001,2617.440100000001,2149.987700000001,2.9584,2151.160500000001,11228,248,fifo
1512,464.495,2617.440100000001,2618.736100000001,2152.9451000000013,1.296,2153.413100000001,4180,115,fifo
1513,464.69,2618.736100000001,2619.115800000001,2154.046100000001,0.37970000000000004,2154.130600000001,345,41,fifo
1514,464.767,2619.115800000001,2620.844600000001,2154.348800000001,1.7288,2154.522400000001,1236,216,fifo
1515,464.768,2620.844600000001,2621.201600000001,2156.076600000001,0.357,2156.1528000000008,262,39,fifo
1516,465.266,2621.201600000001,2621.896100000001,2155.9356000000007,0.6945,2156.0541000000007,685,80,fifo
1517,465.266,2621.896100000001,2622.9046000000008,2156.6301000000008,1.0085,2156.7746000000006,945,120,fifo
1518,465.438,2622.9046000000008,2625.3357000000005,2157.4666000000007,2.4311,2157.910500000001,3939,276,fifo
1519,465.443,2625.3357000000005,2625.7679000000007,2159.8927000000003,0.43220000000000003,2160.0873,1446,33,fifo
1520,465.59,2625.7679000000007,2628.564500000001,2160.1779000000006,2.7965999999999998,2160.490500000001,2626,345,fifo
1521,465.817,2628.564500000001,2628.9738000000007,2162.747500000001,0.4093,2162.969600000001,1721,26,fifo
1522,466.044,2628.9738000000007,2629.1959000000006,2162.929800000001,0.2221,2163.1159000000007,1361,5,fifo
1523,466.15,2629.1959000000006,2629.703400000001,2163.0459000000005,0.5075,2163.1646000000005,687,54,fifo
1524,466.441,2629.703400000001,2630.7926000000007,2163.262400000001,1.0892,2163.732400000001,4200,86,fifo
1525,466.509,2630.7926000000007,2632.211300000001,2164.2836000000007,1.4186999999999999,2164.4351000000006,1015,176,fifo
1526,466.563,2632.211300000001,2633.263200000001,2165.6483000000007,1.0518999999999998,2165.7642000000005,659,130,fifo
1527,466.568,2633.263200000001,2634.4419000000007,2166.695200000001,1.1787,2167.125100000001,3799,104,fifo
1528,467.401,2634.4419000000007,2635.2573000000007,2167.040900000001,0.8154,2167.2083000000007,1174,90,fifo
1529,467.506,2635.2573000000007,2638.1478000000006,2167.751300000001,2.8905,2168.201000000001,3997,339,fifo
1530,467.516,2638.1478000000006,2639.6926000000008,2170.6318000000006,1.5448,2170.7438000000006,620,199,fifo
1531,467.651,2639.6926000000008,2640.5358000000006,2172.041600000001,0.8432,2172.467200000001,3756,58,fifo
1532,468.151,2640.5358000000006,2641.5763000000006,2172.3848000000007,1.0405,2172.590100000001,1553,116,fifo
1533,468.508,2641.5763000000006,2644.669000000001,2173.068300000001,3.0927000000000002,2174.0010000000007,8827,300,fifo
1534,468.546,2644.669000000001,2647.952300000001,2176.123000000001,3.2833,2176.612700000001,4397,388,fifo
1535,468.697,2647.952300000001,2648.2252000000008,2179.2553000000007,0.27290000000000003,2179.377000000001,717,21,fifo
1536,468.94,2648.2252000000008,2648.6390000000006,2179.2852000000007,0.41380000000000006,2179.4038000000005,686,41,fifo
1537,469.121,2648.6390000000006,2650.6900000000005,2179.5180000000005,2.051,2179.8122000000003,2442,244,fifo
1538,469.315,2650.6900000000005,2651.0528000000004,2181.3750000000005,0.3628,2181.5650000000005,1400,24,fifo
1539,469.545,2651.0528000000004,2654.0662,2181.5078000000003,3.0134,2181.8356000000003,2778,373,fifo
1540,470.006,2654.0662,2656.1457,2184.0602000000003,2.0795,2184.1885,783,271,fifo
1541,470.016,2656.1457,2659.23,2186.1297,3.0843,2186.5932,4135,364,fifo
1542,470.063,2659.23,2661.9298,2189.167,2.6998,2189.5052,2882,328,fifo
1543,470.068,2661.9298,2664.3226999999997,2191.8617999999997,2.3929,2192.3035,3917,271,fifo
1544,470.316,2664.3226999999997,2664.4761999999996,2194.0067,0.15350000000000003,2194.1385999999998,819,3,fifo
1545,470.563,2664.4761999999996,2664.9203999999995,2193.9131999999995,0.44420000000000004,2194.1125999999995,1494,34,fifo
1546,470.586,2664.9203999999995,2665.4421999999995,2194.3343999999997,0.5218,2194.5465999999997,1622,43,fifo
1547,470.651,2665.4421999999995,2665.6837999999993,2194.7911999999997,0.24159999999999998,2194.9031999999997,620,18,fifo
1548,470.834,2665.6837999999993,2666.101199999999,2194.8497999999995,0.4174,2194.9791999999993,794,40,fifo
1549,471.563,2666.101199999999,2667.801699999999,2194.538199999999,1.7005,2195.115499999999,5273,156,fifo
1550,472.067,2667.801699999999,2668.642299999999,2195.734699999999,0.8406,2195.956099999999,1714,86,fifo
1551,472.248,2668.642299999999,2671.600999999999,2196.394299999999,2.9587,2196.832999999999,3887,350,fifo
1552,472.261,2671.600999999999,2671.6956999999993,2199.3399999999992,0.09469999999999999,2199.4274999999993,375,1,fifo
1553,472.742,2671.6956999999993,2676.2181999999993,2198.953699999999,4.5225,2199.0553999999993,517,614,fifo
1554,472.816,2676.2181999999993,2677.0989999999993,2203.4021999999995,0.8807999999999999,2203.5485999999996,964,102,fifo
1555,474.261,2677.0989999999993,2678.5872999999992,2202.8379999999993,1.4883,2203.2678999999994,3799,147,fifo
1556,474.297,2678.5872999999992,2680.4782999999993,2204.290299999999,1.891,2204.402899999999,626,247,fifo
1557,474.651,2680.4782999999993,2682.1702999999993,2205.8272999999995,1.692,2205.9208999999996,436,222,fifo
1558,474.816,2682.1702999999993,2682.280399999999,2207.3542999999995,0.1101,2207.4139999999993,97,7,fifo
1559,475.258,2682.280399999999,2683.3746999999994,2207.0223999999994,1.0943,2207.2382999999995,1659,122,fifo
1560,475.293,2683.3746999999994,2685.2718999999993,2208.0816999999993,1.8971999999999998,2208.1932999999995,616,248,fifo
1561,475.317,2685.2718999999993,2690.0722999999994,2209.9548999999993,4.8004,2210.5288999999993,5240,587,fifo
1562,475.345,2690.0722999999994,2691.3555999999994,2214.7272999999996,1.2832999999999999,2214.8225999999995,453,165,fifo
1563,475.996,2691.3555999999994,2695.2002999999995,2215.3595999999993,3.8447,2215.8490999999995,4395,466,fifo
1564,476.1,2695.2002999999995,2695.5300999999995,2219.1002999999996,0.32980000000000004,2219.2572999999998,1070,24,fifo
1565,476.402,2695.5300999999995,2697.3855999999996,2219.1280999999994,1.8555000000000001,2219.8099999999995,6319,163,fifo
1566,478.34,2697.3855999999996,2697.8029999999994,2219.0455999999995,0.4174,2219.1749999999993,794,40,fifo
1567,478.403,2697.8029999999994,2700.9727999999996,2219.3999999999996,3.1698,2219.8481999999995,3982,378,fifo
1568,478.651,2700.9727999999996,2701.8826999999997,2222.3217999999997,0.9098999999999999,2222.7061,3343,73,fifo
1569,478.902,2701.8826999999997,2703.1926,2222.9806999999996,1.3099,2223.0665999999997,359,170,fifo
1570,479.441,2703.1926,2709.7708,2223.7516,6.5782,2223.9002,986,893,fifo
1571,479.594,2709.7708,2712.9918,2230.1767999999997,3.2209999999999996,2230.2585999999997,318,436,fifo
1572,479.902,2712.9918,2713.1452999999997,2233.0897999999997,0.15350000000000003,2233.2216999999996,819,3,fifo
1573,482.25,2713.1452999999997,2713.8063999999995,2230.8952999999997,0.6611,2231.1027999999997,1575,63,fifo
1574,482.404,2713.8063999999995,2715.5649999999996,2231.4023999999995,1.7586,2231.7065999999995,2542,202,fifo
1575,482.443,2715.5649999999996,2715.6865,2233.1219999999994,0.12150000000000001,2233.2362999999996,643,1,fifo
1576,484.752,2715.6865,2717.3624999999997,2230.9345,1.6760000000000002,2231.4800999999998,4956,157,fifo
1577,485.325,2717.3624999999997,2717.5559,2232.0375,0.19340000000000002,2232.1085,210,17,fifo
1578,485.943,2717.5559,2717.7322999999997,2231.6129,0.17640000000000003,2231.7820999999994,1192,1,fifo
1579,487.51,2717.7322999999997,2719.7805,2230.2222999999994,2.0482,2230.7441,4718,212,fifo
1580,488.403,2719.7805,2720.5618999999997,2231.3774999999996,0.7814,2231.5972999999994,1698,78,fifo
1581,488.741,2720.5618999999997,2721.2076999999995,2231.8208999999997,0.6457999999999999,2231.9410999999996,702,73,fifo
1582,489.459,2721.2076999999995,2721.3623999999995,2231.7486999999996,0.15470000000000003,2231.8961999999997,975,1,fifo
1583,489.992,2721.3623999999995,2722.0461999999993,2231.3703999999993,0.6838,2231.5573999999992,1370,69,fifo
1584,491.188,2722.0461999999993,2728.699899999999,2230.858199999999,6.6537,2230.9310999999993,229,914,fifo
1585,491.266,2728.699899999999,2728.896299999999,2237.433899999999,0.19640000000000002,2237.5726999999993,888,8,fifo
1586,491.715,2728.896299999999,2729.242999999999,2237.181299999999,0.3467,2237.261599999999,303,37,fifo
1587,492.335,2729.242999999999,2745.116899999999,2236.907999999999,15.873899999999999,2237.244299999999,2863,2158,fifo
1588,493.24,2745.116899999999,2746.124799999999,2251.8768999999993,1.0079,2252.0279999999993,1011,119,fifo
1589,494.991,2746.124799999999,2747.244299999999,2251.133799999999,1.1195000000000002,2251.223699999999,399,143,fifo
1590,496.746,2747.244299999999,2754.528999999999,2250.498299999999,7.2847,2250.5829999999987,347,1000,fifo
1591,497.265,2754.528999999999,2754.727299999999,2257.263999999999,0.19829999999999998,2257.404699999999,907,8,fifo
1592,497.692,2754.727299999999,2760.385599999999,2257.035299999999,5.6583,2257.862399999999,7771,671,fifo
1593,497.759,2760.385599999999,2760.7952999999993,2262.626599999999,0.4097,2262.798699999999,1221,33,fifo
1594,500.315,2760.7952999999993,2760.9906999999994,2260.4802999999993,0.19540000000000002,2260.6180999999992,878,8,fifo
1595,501.348,2760.9906999999994,2762.4674999999993,2259.6426999999994,1.4768,2259.7298999999994,372,193,fifo
1596,501.709,2762.4674999999993,2766.933499999999,2260.7584999999995,4.466,2261.3652999999995,5568,536,fifo
1597,501.802,2766.933499999999,2767.636299999999,2265.131499999999,0.7028,2265.265499999999,840,79,fifo
1598,503.316,2767.636299999999,2769.186599999999,2264.3202999999994,1.5503,2264.6753999999996,3051,166,fifo
1599,503.864,2769.186599999999,2773.372499999999,2265.322599999999,4.1859,2265.7356999999993,3631,524,fifo
1600,506.815,2773.372499999999,2789.980399999999,2266.557499999999,16.607899999999997,2267.541399999999,9339,2170,fifo
1601,507.242,2789.980399999999,2797.319499999999,2282.738399999999,7.3391,2282.8774999999987,891,1000,fifo
1602,508.019,2797.319499999999,2798.065399999999,2289.3004999999994,0.7459,2289.383999999999,335,92,fifo
1603,508.62,2798.065399999999,2802.029999999999,2289.445399999999,3.9646,2289.593999999999,986,530,fifo
1604,509.694,2802.029999999999,2805.600799999999,2292.335999999999,3.5707999999999998,2292.501199999999,1152,473,fifo
1605,510.586,2805.600799999999,2805.788399999999,2295.014799999999,0.1876,2295.087199999999,224,16,fifo
1606,512.314,2805.788399999999,2810.856799999999,2293.474399999999,5.0684,2293.596399999999,720,687,fifo
1607,514.042,2810.856799999999,2811.737599999999,2296.814799999999,0.8808,2297.393199999999,5284,42,fifo
1608,514.199,2811.737599999999,2811.921399999999,2297.538599999999,0.18380000000000002,2297.664799999999,762,8,fifo
1609,517.022,2811.921399999999,2816.350899999999,2294.899399999999,4.4295,2295.008899999999,595,600,fifo
1610,518.992,2816.350899999999,2821.537299999999,2297.3588999999993,5.1864,2297.469299999999,604,705,fifo
1611,520.015,2821.537299999999,2823.389799999999,2301.522299999999,1.8525,2301.718799999999,1465,230,fifo
1612,521.756,2823.389799999999,2823.796999999999,2301.633799999999,0.4072,2301.7961999999993,1124,34,fifo
1613,523.244,2823.796999999999,2823.9944999999993,2300.552999999999,0.1975,2300.692899999999,899,8,fifo
1614,525.573,2823.9944999999993,2824.2496999999994,2298.4214999999995,0.25520000000000004,2298.6262999999994,1548,7,fifo
1615,526.026,2824.2496999999994,2825.6065999999996,2298.2236999999996,1.3569,2298.6085999999996,3349,135,fifo
1616,527.215,2825.6065999999996,2826.3254999999995,2298.3915999999995,0.7189000000000001,2298.9592999999995,5177,21,fifo
1617,529.217,2826.3254999999995,2827.0522999999994,2297.1084999999994,0.7268,2297.1800999999996,216,91,fifo
1618,531.766,2827.0522999999994,2827.4392999999995,2295.2862999999993,0.387,2295.486099999999,1498,26,fifo
1619,533.145,2827.4392999999995,2828.2479999999996,2294.2942999999996,0.8087,2294.6781999999994,3339,59,fifo
1620,534.747,2828.2479999999996,2828.9374999999995,2293.5009999999997,0.6895,2293.6216999999997,707,79,fifo
1621,535.456,2828.9374999999995,2830.0375999999997,2293.4814999999994,1.1001,2293.6311999999994,997,132,fifo
1622,535.814,2830.0375999999997,2830.1838999999995,2294.2236,0.1463,2294.3554999999997,819,2,fifo
1623,536.069,2830.1838999999995,2830.4898999999996,2294.1148999999996,0.30600000000000005,2294.2481,832,24,fifo
1624,536.713,2830.4898999999996,2832.1499999999996,2293.7769,1.6601000000000001,2293.888999999999,621,215,fifo
1625,536.77,2832.1499999999996,2834.3124999999995,2295.3799999999997,2.1625,2297.1896999999994,17597,49,fifo
1626,537.096,2834.3124999999995,2846.1774999999993,2297.2164999999995,11.865000000000002,2308.6782999999996,114118,56,fifo
1627,537.26,2846.1774999999993,2848.027899999999,2308.9174999999996,1.8503999999999998,2309.0326999999997,652,241,fifo
1628,537.522,2848.027899999999,2848.677399999999,2310.505899999999,0.6495,2310.6729999999993,1171,67,fifo
1629,537.894,2848.677399999999,2849.872499999999,2310.7833999999993,1.1951,2311.200899999999,3675,108,fifo
1630,538.315,2849.872499999999,2851.118399999999,2311.557499999999,1.2459,2311.975399999999,3679,115,fifo
1631,538.849,2851.118399999999,2855.089599999999,2312.2693999999988,3.9712,2312.683799999999,3644,494,fifo
1632,539.26,2855.089599999999,2857.5496999999987,2315.829599999999,2.4601,2316.0000999999993,1205,318,fifo
1633,539.46,2857.5496999999987,2861.430399999999,2318.0896999999986,3.8807,2319.2775999999985,11379,374,fifo
1634,540.507,2861.430399999999,2861.866999999999,2320.9233999999988,0.4366,2321.172799999999,1994,26,fifo
1635,540.845,2861.866999999999,2862.246699999999,2321.021999999999,0.37970000000000004,2321.106499999999,345,41,fifo
1636,541.696,2862.246699999999,2863.1768999999986,2320.550699999999,0.9302,2320.890499999999,2898,82,fifo
1637,541.817,2863.1768999999986,2866.2325999999985,2321.3598999999986,3.0557000000000003,2322.2915999999987,8817,295,fifo
1638,542.143,2866.2325999999985,2867.0331999999985,2324.0895999999984,0.8006,2324.2565999999983,1170,88,fifo
1639,542.444,2867.0331999999985,2867.3025999999986,2324.5891999999985,0.26940000000000003,2324.7793999999985,1402,11,fifo
1640,543.094,2867.3025999999986,2867.7074999999986,2324.2085999999986,0.4049,2324.4334999999987,1749,25,fifo
1641,543.546,2867.7074999999986,2868.5302999999985,2324.1614999999983,0.8228,2324.357899999998,1464,87,fifo
1642,543.709,2868.5302999999985,2868.8162999999986,2324.8212999999987,0.286,2325.0496999999987,1784,8,fifo
1643,544.695,2868.8162999999986,2873.3636999999985,2324.1212999999984,4.5474000000000006,2324.2190999999984,478,618,fifo
1644,545.021,2873.3636999999985,2876.1837999999984,2328.3426999999983,2.8201,2329.333999999999,9413,254,fifo
1645,545.06,2876.1837999999984,2876.3606999999984,2331.1237999999985,0.17690000000000003,2331.2934999999984,1197,1,fifo
1646,546.258,2876.3606999999984,2876.5816999999984,2330.1026999999985,0.22099999999999997,2330.266099999998,1134,8,fifo
1647,546.4,2876.5816999999984,2877.1133999999984,2330.1816999999983,0.5317,2330.346199999998,1145,51,fifo
1648,546.755,2877.1133999999984,2878.7138999999984,2330.3583999999983,1.6005,2330.8716999999983,4633,151,fifo
1649,546.87,2878.7138999999984,2879.3000999999986,2331.8438999999985,0.5862,2332.1708999999987,2770,36,fifo
1650,546.943,2879.3000999999986,2880.2781999999984,2332.3570999999984,0.9781,2332.5503999999983,1433,109,fifo
1651,547.77,2880.2781999999984,2881.8826999999983,2332.5081999999984,1.6045,2333.5942999999984,10361,72,fifo
1652,547.816,2881.8826999999983,2885.6562999999983,2334.0666999999985,3.7736,2334.2402999999986,1236,500,fifo
1653,548.004,2885.6562999999983,2889.4267999999984,2337.6522999999984,3.7705,2337.8227999999986,1205,500,fifo
1654,548.046,2889.4267999999984,2889.5077999999985,2341.380799999998,0.081,2341.454599999998,238,1,fifo
1655,548.093,2889.5077999999985,2889.9598999999985,2341.4147999999986,0.45209999999999995,2341.4996999999985,349,51,fifo
1656,548.865,2889.9598999999985,2899.8010999999983,2341.0948999999982,9.841199999999999,2341.5112999999983,3664,1309,fifo
1657,549.193,2899.8010999999983,2900.6551999999983,2350.6080999999986,0.8541000000000001,2351.339799999998,6817,17,fifo
1658,549.21,2900.6551999999983,2903.1115999999984,2351.4451999999983,2.4564,2352.4687999999983,9736,199,fifo
1659,549.271,2903.1115999999984,2904.8275999999983,2353.8405999999986,1.716,2353.936599999998,460,225,fifo
1660,549.864,2904.8275999999983,2905.4986999999983,2354.963599999998,0.6711,2355.1306999999983,1171,70,fifo
1661,550.303,2905.4986999999983,2905.8247999999985,2355.1956999999984,0.3261,2355.3705999999984,1249,21,fifo
1662,550.341,2905.8247999999985,2907.7986999999985,2355.4837999999986,1.9739,2355.9960999999985,4623,203,fifo
1663,550.509,2907.7986999999985,2908.1478999999986,2357.2896999999984,0.3492,2357.4372999999982,976,28,fifo
1664,551.081,2908.1478999999986,2908.4965999999986,2357.0668999999984,0.3487,2357.2139999999986,971,28,fifo
1665,551.261,2908.4965999999986,2908.8730999999984,2357.2355999999986,0.37650000000000006,2357.525699999999,2401,12,fifo
1666,551.566,2908.8730999999984,2909.0590999999986,2357.307099999998,0.18600000000000003,2357.4858999999988,1288,1,fifo
1667,551.592,2909.0590999999986,2910.6775999999986,2357.4670999999985,1.6185,2357.7319999999986,2149,188,fifo
1668,551.811,2910.6775999999986,2916.000999999999,2358.8665999999985,5.3234,2359.0203999999985,1038,718,fifo
1669,552.261,2916.000999999999,2916.1883999999986,2363.739999999999,0.1874,2363.9129999999986,1230,2,fifo
1670,552.544,2916.1883999999986,2918.0207999999984,2363.6443999999988,1.8323999999999998,2364.310399999999,6160,162,fifo
1671,552.551,2918.0207999999984,2918.1841999999983,2365.4697999999985,0.1634,2365.5323999999987,126,14,fifo
1672,553.095,2918.1841999999983,2918.4915999999985,2365.0891999999985,0.3074,2365.266999999998,1278,18,fifo
1673,553.266,2918.4915999999985,2920.8565999999983,2365.2255999999984,2.365,2365.4377999999983,1622,299,fifo
1674,554.067,2920.8565999999983,2924.6301999999982,2366.7895999999982,3.7736,2366.9631999999983,1236,500,fifo
1675,554.116,2924.6301999999982,2927.0117999999984,2370.5141999999983,2.3815999999999997,2370.699799999998,1356,305,fifo
1676,554.757,2927.0117999999984,2929.9519999999984,2372.2547999999983,2.9402,2372.7109999999984,4062,345,fifo
1677,554.774,2929.9519999999984,2932.7480999999984,2375.1779999999985,2.7961,2375.3604999999984,1325,363,fifo
1678,554.96,2932.7480999999984,2934.0776999999985,2377.7880999999984,1.3296,2377.9512999999984,1132,162,fifo
1679,555.258,2934.0776999999985,2935.5467999999983,2378.819699999998,1.4690999999999999,2378.935199999998,655,188,fifo
1680,555.693,2935.5467999999983,2941.989599999998,2379.853799999998,6.4428,2380.0037999999986,1000,874,fifo
1681,555.767,2941.989599999998,2942.184699999998,2386.2225999999982,0.1951,2386.360099999998,875,8,fifo
1682,556.65,2942.184699999998,2942.543599999998,2385.534699999998,0.3589,2385.727999999998,1433,23,fifo
1683,557.143,2942.543599999998,2944.543599999998,2385.400599999998,2.0,2386.241399999998,7908,161,fifo
1684,557.407,2944.543599999998,2945.5622999999982,2387.136599999998,1.0187,2387.262499999998,759,124,fifo
1685,557.962,2945.5622999999982,2951.156399999998,2387.6002999999982,5.5941,2389.4719999999984,18217,517,fifo
1686,558.02,2951.156399999998,2957.279899999998,2393.136399999998,6.1235,2393.219099999998,327,839,fifo
1687,558.154,2957.279899999998,2957.746799999998,2399.125899999998,0.4669,2399.4487999999983,2729,20,fifo
1688,558.567,2957.746799999998,2958.297999999998,2399.179799999998,0.5512,2399.298999999998,692,60,fifo
1689,558.842,2958.297999999998,2959.084599999998,2399.455999999998,0.7866,2399.752999999998,2470,68,fifo
1690,559.044,2959.084599999998,2959.463899999998,2400.040599999998,0.3793,2400.239899999998,1493,25,fifo
1691,559.504,2959.463899999998,2959.943999999998,2399.959899999998,0.4801,2400.187999999998,1781,35,fifo
1692,559.57,2959.943999999998,2962.312899999998,2400.373999999998,2.3689,2400.813299999998,3893,268,fifo
1693,559.798,2962.312899999998,2964.113199999998,2402.5148999999983,1.8003,2403.2423999999983,6775,149,fifo
1694,560.646,2964.113199999998,2967.135299999998,2403.4671999999982,3.0221,2403.926099999998,4089,356,fifo
1695,560.962,2967.135299999998,2968.127199999998,2406.173299999998,0.9919,2406.337199999998,1139,115,fifo
1696,560.962,2968.127199999998,2969.084699999998,2407.165199999998,0.9575,2407.3810999999982,1659,103,fifo
1697,561.092,2969.084699999998,2970.308799999998,2407.992699999998,1.2241,2408.086399999998,437,157,fifo
1698,561.295,2970.308799999998,2970.694299999998,2409.013799999998,0.38549999999999995,2409.204899999998,1411,27,fifo
1699,561.843,2970.694299999998,2971.357299999998,2408.851299999998,0.663,2409.017499999998,1162,69,fifo
1700,562.154,2971.357299999998,2971.9340999999977,2409.203299999998,0.5768,2409.679299999998,4260,14,fifo
1701,562.302,2971.9340999999977,2972.439599999998,2409.6320999999975,0.5055,2409.7271999999975,451,57,fifo
1702,562.314,2972.439599999998,2973.110699999998,2410.125599999998,0.6711,2410.271099999998,955,73,fifo
1703,563.742,2973.110699999998,2974.222499999998,2409.368699999998,1.1118000000000001,2409.450899999998,322,143,fifo
1704,563.798,2974.222499999998,2977.117699999998,2410.4244999999983,2.8952,2410.5980999999983,1236,378,fifo
1705,564.816,2977.117699999998,2979.723499999998,2412.301699999998,2.6058,2412.6178999999984,2662,318,fifo
1706,565.401,2979.723499999998,2980.510399999998,2414.322499999998,0.7868999999999999,2414.490199999998,1177,86,fifo
1707,566.044,2980.510399999998,2980.874699999998,2414.466399999998,0.3643,2414.629099999998,1127,28,fifo
1708,566.401,2980.874699999998,2981.334799999998,2414.473699999998,0.4601,2414.703399999998,1797,32,fifo
1709,566.459,2981.334799999998,2984.493299999998,2414.875799999998,3.1585,2415.046299999998,1205,415,fifo
1710,566.867,2984.493299999998,2985.345699999998,2417.626299999998,0.8524,2417.8522999999977,1760,87,fifo
1711,567.066,2985.345699999998,2989.172099999998,2418.2796999999982,3.8264,2418.722099999998,3924,470,fifo
1712,567.366,2989.172099999998,2990.052199999998,2421.806099999998,0.8800999999999999,2422.160599999998,3045,73,fifo
1713,567.504,2990.052199999998,2993.1995999999976,2422.548199999998,3.1473999999999998,2422.779599999998,1814,405,fifo
1714,567.545,2993.1995999999976,2997.0787999999975,2425.6545999999976,3.8792,2426.2865999999976,5820,451,fifo
1715,567.713,2997.0787999999975,2998.2698999999975,2429.3657999999978,1.1911,2429.8008999999975,3851,105,fifo
1716,567.754,2998.2698999999975,3001.0884999999976,2430.5158999999976,2.8186,2430.9656999999975,3998,329,fifo
1717,567.904,3001.0884999999976,3002.5299999999975,2433.1844999999976,1.4415,2433.3371999999977,1027,179,fifo
1718,568.961,3002.5299999999975,3004.3399999999974,2433.5689999999977,1.81,2433.679799999997,608,236,fifo
1719,569.845,3004.3399999999974,3009.4753999999975,2434.494999999997,5.1354,2434.8135999999977,2686,669,fifo
1720,570.1,3009.4753999999975,3013.4037999999973,2439.3753999999976,3.9284,2439.6749999999975,2496,504,fifo
1721,571.901,3013.4037999999973,3016.738699999997,2441.5027999999975,3.3348999999999998,2442.4688999999976,9161,329,fifo
1722,572.022,3016.738699999997,3017.675699999997,2444.716699999997,0.937,2444.804099999997,374,118,fifo
1723,572.444,3017.675699999997,3020.825899999997,2445.231699999997,3.1502,2445.3794999999973,978,417,fifo
1724,573.688,3020.825899999997,3021.435399999997,2447.137899999997,0.6095,2447.322599999997,1347,59,fifo
1725,574.563,3021.435399999997,3028.576099999997,2446.872399999997,7.1407,2447.216299999997,2939,944,fifo
1726,574.797,3028.576099999997,3029.129199999997,2453.779099999997,0.5531,2453.871399999997,423,64,fifo
1727,575.901,3029.129199999997,3032.634999999997,2453.2281999999973,3.5058,2453.4867999999974,2086,451,fifo
1728,576.502,3032.634999999997,3033.687899999997,2456.132999999997,1.0529,2456.221099999997,381,134,fifo
1729,581.191,3033.687899999997,3033.864599999997,2452.4968999999974,0.17670000000000002,2452.6663999999973,1195,1,fifo
1730,582.341,3033.864599999997,3034.8873999999973,2451.5235999999973,1.0228000000000002,2451.797599999997,2240,104,fifo
1731,583.987,3034.8873999999973,3035.5687999999973,2450.9003999999973,0.6814,2451.524199999997,5738,8,fifo
1732,584.457,3035.5687999999973,3035.7473999999975,2451.1117999999974,0.1786,2451.2831999999976,1214,1,fifo
1733,587.533,3035.7473999999975,3036.7173999999973,2448.2143999999976,0.97,2448.2987999999978,344,123,fifo
1734,587.564,3036.7173999999973,3038.859399999997,2449.1533999999974,2.142,2449.5169999999976,3136,247,fifo
1735,588.561,3038.859399999997,3040.298899999997,2450.298399999997,1.4395,2450.391499999997,431,187,fifo
1736,589.5,3040.298899999997,3041.575899999997,2450.798899999997,1.277,2450.952699999997,1038,156,fifo
1737,590.019,3041.575899999997,3042.703299999997,2451.556899999997,1.1274,2451.7338999999974,1270,132,fifo
1738,590.503,3042.703299999997,3043.514499999997,2452.200299999997,0.8112,2452.421099999997,1708,82,fifo
1739,590.742,3043.514499999997,3043.575399999997,2452.7724999999973,0.0609,2452.826199999997,37,1,fifo
1740,590.865,3043.575399999997,3044.382599999997,2452.710399999997,0.8072,2452.8623999999973,1020,91,fifo
1741,591.1,3044.382599999997,3044.469099999997,2453.2825999999973,0.0865,2453.340299999997,77,4,fifo
1742,592.753,3044.469099999997,3045.658299999997,2451.716099999997,1.1892,2452.098899999997,3328,112,fifo
1743,593.446,3045.658299999997,3046.732499999997,2452.212299999997,1.0741999999999998,2452.350499999997,882,130,fifo
1744,597.004,3046.732499999997,3047.1316999999967,2449.728499999997,0.3992,2449.846899999997,684,39,fifo
1745,598.692,3047.1316999999967,3048.931199999997,2448.4396999999967,1.7995,2449.475999999997,9863,106,fifo
1746,598.772,3048.931199999997,3050.502699999997,2450.159199999997,1.5715000000000001,2450.585899999997,3767,159,fifo
1747,598.852,3050.502699999997,3051.459399999997,2451.650699999997,0.9567,2451.7937999999967,931,113,fifo
1748,599.442,3051.459399999997,3052.091199999997,2452.017399999997,0.6318,2452.166799999997,994,67,fifo
1749,599.6,3052.091199999997,3052.6483999999973,2452.491199999997,0.5572,2452.587599999997,464,64,fifo
1750,599.946,3052.6483999999973,3053.8947999999973,2452.7023999999974,1.2464,2452.8759999999975,1236,149,fifo
1751,600.547,3053.8947999999973,3054.0698999999972,2453.3477999999973,0.1751,2453.429299999997,315,13,fifo
1752,600.855,3054.0698999999972,3054.767199999997,2453.214899999997,0.6973,2453.408199999997,1433,70,fifo
1753,601.525,3054.767199999997,3055.4520999999972,2453.242199999997,0.6849,2453.351099999997,589,80,fifo
1754,601.574,3055.4520999999972,3056.6400999999973,2453.878099999997,1.188,2454.072499999997,1444,138,fifo
1755,601.59,3056.6400999999973,3059.3768999999975,2455.050099999997,2.7368,2455.2236999999973,1236,356,fifo
1756,601.753,3059.3768999999975,3060.1533999999974,2457.6238999999973,0.7765,2457.766799999997,929,88,fifo
1757,601.754,3060.1533999999974,3060.2996999999973,2458.3993999999975,0.1463,2458.5312999999974,819,2,fifo
1758,602.257,3060.2996999999973,3060.496599999997,2458.0426999999972,0.19690000000000002,2458.181999999997,893,8,fifo
1759,602.27,3060.496599999997,3061.8376999999973,2458.2265999999972,1.3411,2458.6964999999973,4199,121,fifo
1760,602.323,3061.8376999999973,3066.349099999997,2459.5146999999974,4.511399999999999,2459.6268999999975,622,611,fifo
1761,603.005,3066.349099999997,3066.8266999999973,2463.344099999997,0.4776,2463.605699999997,2116,30,fifo
1762,603.615,3066.8266999999973,3068.054799999997,2463.211699999997,1.2281,2463.3453999999974,837,152,fifo
1763,603.859,3068.054799999997,3068.8468999999973,2464.1957999999972,0.7921,2464.858299999997,6125,18,fifo
1764,604.196,3068.8468999999973,3070.002899999997,2464.6508999999974,1.156,2464.863699999997,1628,131,fifo
1765,604.362,3070.002899999997,3073.0438999999974,2465.640899999997,3.041,2465.996299999997,3054,373,fifo
1766,605.009,3073.0438999999974,3074.2271999999975,2468.0348999999974,1.1833,2468.1957999999972,1109,142,fifo
1767,605.505,3074.2271999999975,3075.4805999999976,2468.7221999999974,1.2533999999999998,2468.8235999999974,514,160,fifo
1768,606.351,3075.4805999999976,3078.186399999998,2469.1295999999975,2.7058,2470.1289999999976,9494,237,fifo
1769,606.445,3078.186399999998,3078.3767999999977,2471.7413999999976,0.1904,2471.816599999998,252,16,fifo
1770,606.445,3078.3767999999977,3082.1503999999977,2471.9317999999976,3.7736,2472.1053999999976,1236,500,fifo
1771,606.503,3082.1503999999977,3084.2652999999978,2475.6473999999976,2.1149,2475.7534999999975,561,279,fifo
1772,607.329,3084.2652999999978,3084.817699999998,2476.9362999999976,0.5524,2477.1070999999974,1208,53,fifo
1773,607.945,3084.817699999998,3086.3016999999977,2476.8726999999976,1.484,2477.0462999999977,1236,182,fifo
1774,608.443,3086.3016999999977,3086.5039999999976,2477.858699999998,0.2023,2477.9673999999977,587,13,fifo
1775,608.569,3086.5039999999976,3086.687299999998,2477.9349999999977,0.18330000000000002,2478.0606999999977,757,8,fifo
1776,608.696,3086.687299999998,3087.0059999999976,2477.991299999998,0.3187,2478.122799999998,815,26,fifo
1777,609.007,3087.0059999999976,3087.7563999999975,2477.9989999999975,0.7504,2478.1661999999974,1172,81,fifo
1778,609.069,3087.7563999999975,3089.9076999999975,2478.6873999999975,2.1513,2478.7722999999974,349,287,fifo
1779,609.197,3089.9076999999975,3091.9873999999973,2480.7106999999974,2.0797,2480.9183999999973,1577,260,fifo
1780,609.353,3091.9873999999973,3093.038799999997,2482.634399999997,1.0514000000000001,2482.7209999999973,366,134,fifo
1781,610.102,3093.038799999997,3093.6782999999973,2482.936799999997,0.6395,2483.158699999997,1719,58,fifo
1782,610.194,3093.6782999999973,3096.687199999997,2483.4842999999973,3.0088999999999997,2484.3259999999973,7917,301,fifo
1783,610.194,3096.687199999997,3099.505799999997,2486.493199999997,2.8186,2486.942999999997,3998,329,fifo
1784,610.351,3099.505799999997,3100.5950999999973,2489.154799999997,1.0893000000000002,2489.293699999997,889,132,fifo
1785,611.692,3100.5950999999973,3101.046899999997,2488.9030999999973,0.4518,2489.131699999997,1786,31,fifo
1786,611.944,3101.046899999997,3103.504799999997,2489.102899999997,2.4579,2489.2135999999973,607,326,fifo
1787,612.188,3103.504799999997,3103.702899999997,2491.316799999997,0.1981,2491.457299999997,905,8,fifo
1788,612.5,3103.702899999997,3104.727299999997,2491.202899999997,1.0244,2491.543299999997,2904,95,fifo
1789,613.101,3104.727299999997,3108.022599999997,2491.6262999999967,3.2953,2491.796799999997,1205,434,fifo
1790,614.046,3108.022599999997,3108.8252999999972,2493.9765999999972,0.8027,2494.1312999999973,1047,90,fifo
1791,614.357,3108.8252999999972,3109.655299999997,2494.4682999999973,0.83,2494.664699999997,1464,88,fifo
1792,616.688,3109.655299999997,3110.987699999997,2492.967299999997,1.3324,2493.054099999997,368,173,fifo
1793,617.084,3110.987699999997,3112.115399999997,2493.903699999997,1.1277,2494.044999999997,913,137,fifo
1794,617.602,3112.115399999997,3114.542599999997,2494.513399999997,2.4272,2494.686999999997,1236,313,fifo
1795,619.19,3114.542599999997,3115.524199999997,2495.352599999997,0.9816,2495.779799999997,3772,77,fifo
1796,619.754,3115.524199999997,3117.5806999999973,2495.770199999997,2.0565,2495.925899999997,1057,264,fifo
1797,619.943,3117.5806999999973,3117.9010999999973,2497.6376999999975,0.3204,2497.7708999999977,832,26,fifo
1798,621.442,3117.9010999999973,3118.7063999999973,2496.4590999999973,0.8053,2496.652399999997,1433,85,fifo
1799,622.003,3118.7063999999973,3122.1207999999974,2496.703399999997,3.4144,2497.0217999999973,2684,430,fifo
1800,622.088,3122.1207999999974,3122.9431999999974,2500.032799999997,0.8224,2500.271999999997,1892,81,fifo
1801,622.35,3122.9431999999974,3126.0012999999976,2500.5931999999975,3.0581,2500.9224999999974,2793,379,fifo
1802,622.692,3126.0012999999976,3126.4162999999976,2503.3092999999976,0.415,2503.3858999999975,266,47,fifo
1803,622.692,3126.4162999999976,3128.8146999999976,2503.7242999999976,2.3984,2503.8978999999977,1236,309,fifo
1804,623.505,3128.8146999999976,3129.0876999999978,2505.3096999999975,0.273,2505.5754999999976,2158,1,fifo
1805,624.049,3129.0876999999978,3131.488399999998,2505.038699999998,2.4006999999999996,2505.142599999998,539,319,fifo
1806,624.443,3131.488399999998,3131.855599999998,2507.045399999998,0.36719999999999997,2507.2253999999975,1300,26,fifo
1807,624.583,3131.855599999998,3132.760399999998,2507.272599999998,0.9048,2508.011799999998,6892,23,fifo
1808,625.102,3132.760399999998,3133.261999999998,2507.658399999998,0.5016,2507.778399999998,700,53,fifo
1809,625.778,3133.261999999998,3137.837599999998,2507.4839999999976,4.5756,2507.9699999999975,4360,568,fifo
1810,626.692,3137.837599999998,3138.600599999998,2511.145599999998,0.763,2511.296599999998,1010,85,fifo
1811,627.601,3138.600599999998,3139.687899999998,2510.999599999998,1.0873,2511.143699999998,941,131,fifo
1812,627.693,3139.687899999998,3143.102199999998,2511.994899999998,3.4143,2512.413999999998,3691,416,fifo
1813,628.339,3143.102199999998,3143.949699999998,2514.763199999998,0.8475,2514.854699999998,415,105,fifo
1814,630.749,3143.949699999998,3147.091299999998,2513.2006999999976,3.1416,2513.368699999998,1180,413,fifo
1815,631.692,3147.091299999998,3148.3403999999978,2515.3992999999978,1.2490999999999999,2515.5107999999977,615,158,fifo
1816,631.94,3148.3403999999978,3151.4715999999976,2516.4003999999977,3.1311999999999998,2517.5731999999975,11228,272,fifo
1817,632.692,3151.4715999999976,3152.7689999999975,2518.7795999999976,1.2973999999999999,2518.9393999999975,1098,158,fifo
1818,632.819,3152.7689999999975,3153.6279999999974,2519.9499999999975,0.859,2520.1393999999977,1394,93,fifo
1819,632.942,3153.6279999999974,3156.6516999999976,2520.6859999999974,3.0237,2520.9952999999973,2593,377,fifo
1820,633.083,3156.6516999999976,3158.0243999999975,2523.5686999999975,1.3727,2523.7173999999977,987,170,fifo
1821,633.956,3158.0243999999975,3158.2297999999973,2524.0683999999974,0.20540000000000003,2524.1657999999975,474,15,fifo
1822,635.192,3158.2297999999973,3158.7990999999975,2523.0377999999973,0.5693,2523.153499999997,657,63,fifo
1823,636.312,3158.7990999999975,3159.8673999999974,2522.4870999999976,1.0683,2522.626599999998,895,129,fifo
1824,636.6,3159.8673999999974,3161.3894999999975,2523.2673999999975,1.5221,2523.6518999999976,3345,158,fifo
1825,636.901,3161.3894999999975,3161.8058999999976,2524.4884999999977,0.4164,2524.8976999999977,3592,1,fifo
1826,638.339,3161.8058999999976,3162.007899999998,2523.4668999999976,0.202,2523.5320999999976,152,19,fifo
1827,639.208,3162.007899999998,3162.697699999998,2522.7998999999977,0.6898,2523.280899999998,4310,29,fifo
1828,640.396,3162.697699999998,3162.8742999999977,2522.301699999998,0.1766,2522.471099999998,1194,1,fifo
1829,641.864,3162.8742999999977,3168.2707999999975,2521.0102999999976,5.3965000000000005,2521.6331999999975,5729,663,fifo
1830,642.081,3168.2707999999975,3169.4836999999975,2526.1897999999974,1.2128999999999999,2526.3370999999975,973,148,fifo
1831,642.767,3169.4836999999975,3169.8907999999974,2526.716699999997,0.4071,2526.9437999999973,1771,25,fifo
1832,642.991,3169.8907999999974,3170.873399999997,2526.8997999999974,0.9825999999999999,2527.0903999999973,1406,110,fifo
1833,643.33,3170.873399999997,3171.7749999999974,2527.5433999999973,0.9016,2527.9265999999975,3332,72,fifo
1834,643.603,3171.7749999999974,3172.1333999999974,2528.1719999999973,0.35840000000000005,2528.2567999999974,348,38,fifo
1835,644.459,3172.1333999999974,3172.4913999999976,2527.6743999999976,0.358,2527.758799999998,344,38,fifo
1836,645.08,3172.4913999999976,3172.7503999999976,2527.4113999999977,0.259,2527.5335999999975,722,19,fifo
1837,645.081,3172.7503999999976,3173.7679999999978,2527.6693999999975,1.0176,2527.9237999999973,2044,106,fifo
1838,645.082,3173.7679999999978,3174.052499999998,2528.685999999998,0.2845,2528.7616999999977,257,29,fifo
1839,645.602,3174.052499999998,3174.9129999999977,2528.450499999998,0.8604999999999999,2528.526199999998,257,109,fifo
1840,646.441,3174.9129999999977,3175.1921999999977,2528.471999999998,0.2792,2528.6143999999977,924,19,fifo
1841,646.767,3175.1921999999977,3175.7689999999975,2528.425199999998,0.5768,2528.9011999999975,4260,14,fifo
1842,647.354,3175.7689999999975,3177.9623999999976,2528.4149999999972,2.1934,2529.211599999998,7466,194,fifo
1843,647.97,3177.9623999999976,3179.0301999999974,2529.9923999999974,1.0677999999999999,2530.0737999999974,314,137,fifo
1844,648.021,3179.0301999999974,3179.4555999999975,2531.0091999999977,0.4254,2531.2329999999974,1738,28,fifo
1845,648.266,3179.4555999999975,3181.0775999999973,2531.1895999999974,1.6219999999999999,2531.2707999999975,312,214,fifo
1846,651.082,3181.0775999999973,3181.3878999999974,2529.9955999999975,0.3103,2530.1834999999974,1379,17,fifo
1847,651.347,3181.3878999999974,3181.5858999999973,2530.0408999999972,0.198,2530.1812999999975,904,8,fifo
1848,651.712,3181.5858999999973,3182.9647999999975,2529.8738999999973,1.3789,2530.532799999997,6089,100,fifo
1849,651.839,3182.9647999999975,3183.7054999999973,2531.1257999999975,0.7407,2531.2184999999977,427,90,fifo
1850,652.101,3183.7054999999973,3186.7967999999973,2531.604499999997,3.0913000000000004,2532.5357999999974,8813,300,fifo
1851,653.055,3186.7967999999973,3187.1187999999975,2533.7417999999975,0.322,2533.8261999999977,344,33,fifo
1852,653.063,3187.1187999999975,3187.2752999999975,2534.0557999999974,0.1565,2534.2050999999974,993,1,fifo
1853,653.104,3187.2752999999975,3187.8369999999977,2534.1712999999972,0.5617,2534.2937999999976,725,61,fifo
1854,654.273,3187.8369999999977,3188.4572999999978,2533.5639999999976,0.6203,2533.6514999999977,375,74,fifo
1855,655.083,3188.4572999999978,3191.834799999998,2533.3742999999977,3.3775,2534.3397999999975,9155,335,fifo
1856,655.269,3191.834799999998,3192.0763999999976,2536.5657999999976,0.24160000000000004,2536.756999999998,1412,7,fifo
1857,655.348,3192.0763999999976,3192.8705999999975,2536.7283999999977,0.7942,2537.0257999999976,2474,69,fifo
1858,655.352,3192.8705999999975,3194.2852999999973,2537.5185999999976,1.4147,2537.9684999999977,3999,134,fifo
1859,655.585,3194.2852999999973,3196.2256999999972,2538.7002999999972,1.9404,2538.862299999997,1120,247,fifo
1860,656.189,3196.2256999999972,3196.422599999997,2540.0366999999974,0.19690000000000002,2540.175999999997,893,8,fifo
1861,656.594,3196.422599999997,3196.770599999997,2539.828599999997,0.348,2540.118999999997,2404,8,fifo
1862,657.602,3196.770599999997,3198.6728999999973,2539.1685999999972,1.9022999999999999,2539.3356999999974,1171,241,fifo
1863,657.606,3198.6728999999973,3200.8516999999974,2541.066899999997,2.1788,2541.5104999999976,3936,241,fifo
1864,657.837,3200.8516999999974,3203.7495999999974,2543.0146999999974,2.8979,2543.1837999999975,1191,379,fifo
1865,658.353,3203.7495999999974,3207.779399999997,2545.3965999999973,4.0298,2545.797599999997,3510,504,fifo
1866,658.524,3207.779399999997,3209.739299999997,2549.2553999999973,1.9599000000000002,2549.840099999997,5347,191,fifo
1867,658.805,3209.739299999997,3212.206599999997,2550.934299999997,2.4673,2551.1047999999973,1205,319,fifo
1868,659.272,3212.206599999997,3212.695599999997,2552.934599999997,0.489,2553.0131999999967,286,57,fifo
1869,659.522,3212.695599999997,3214.0169999999966,2553.173599999997,1.3214000000000001,2553.998199999997,7746,69,fifo
1870,659.523,3214.0169999999966,3216.8516999999965,2554.4939999999965,2.8346999999999998,2554.9814999999967,4375,326,fifo
1871,659.695,3216.8516999999965,3217.1294999999964,2557.1566999999964,0.27780000000000005,2557.2472999999964,406,26,fifo
1872,659.822,3217.1294999999964,3217.5935999999965,2557.3074999999963,0.4641,2557.3899999999962,325,53,fifo
1873,660.3,3217.5935999999965,3217.7767999999965,2557.2935999999963,0.18319999999999997,2557.4191999999966,756,8,fifo
1874,660.348,3217.7767999999965,3218.7168999999963,2557.4287999999965,0.9400999999999999,2557.8144999999963,3357,77,fifo
1875,661.024,3218.7168999999963,3219.1517999999965,2557.6928999999964,0.4349,2557.9189999999962,1761,29,fifo
1876,661.024,3219.1517999999965,3219.6600999999964,2558.1277999999966,0.5083,2558.2472999999964,695,54,fifo
1877,661.556,3219.6600999999964,3220.685399999996,2558.1040999999964,1.0252999999999999,2558.4453999999964,2913,95,fifo
1878,661.714,3220.685399999996,3221.2890999999963,2558.9713999999963,0.6037,2559.164699999996,1433,57,fifo
1879,661.839,3221.2890999999963,3221.4984999999965,2559.4500999999964,0.2094,2559.5514999999964,514,15,fifo
1880,662.25,3221.4984999999965,3227.9698999999964,2559.2484999999965,6.4714,2559.5566999999965,2582,856,fifo
1881,662.856,3227.9698999999964,3231.1507999999963,2565.1138999999966,3.1809,2565.587599999996,4237,376,fifo
1882,663.257,3231.1507999999963,3235.1354999999962,2567.893799999996,3.9846999999999997,2568.0048999999963,611,538,fifo
1883,663.521,3235.1354999999962,3238.5057999999963,2571.614499999996,3.3703,2571.730399999996,659,452,fifo
1884,663.711,3238.5057999999963,3239.6063999999965,2574.794799999996,1.1006,2574.944999999996,1002,132,fifo
1885,663.718,3239.6063999999965,3240.6903999999963,2575.8883999999966,1.0839999999999999,2575.9787999999967,404,138,fifo
1886,664.218,3240.6903999999963,3242.750099999996,2576.4723999999965,2.0597,2576.7176999999965,1953,252,fifo
1887,665.522,3242.750099999996,3246.150999999996,2577.228099999996,3.4009,2577.784999999996,5069,395,fifo
1888,665.604,3246.150999999996,3246.644599999996,2580.546999999996,0.49360000000000004,2580.666199999996,692,52,fifo
1889,666.083,3246.644599999996,3249.608599999996,2580.561599999996,2.964,2581.005599999996,3940,350,fifo
1890,666.357,3249.608599999996,3249.914899999996,2583.251599999996,0.3063,2583.349099999996,475,29,fifo
1891,667.206,3249.914899999996,3251.204399999996,2582.708899999996,1.2894999999999999,2583.177599999996,4187,114,fifo
1892,667.25,3251.204399999996,3251.308899999996,2583.954399999996,0.1045,2584.051699999996,473,1,fifo
1893,668.043,3251.308899999996,3251.977699999996,2583.265899999996,0.6688000000000001,2583.833899999996,5180,14,fifo
1894,668.073,3251.977699999996,3252.485599999996,2583.904699999996,0.5079,2583.987799999996,331,59,fifo
1895,668.5,3252.485599999996,3252.946899999996,2583.985599999996,0.4613,2584.0868999999957,513,50,fifo
1896,668.518,3252.946899999996,3253.293199999996,2584.428899999996,0.3463,2584.753599999996,2747,3,fifo
1897,670.267,3253.293199999996,3253.471799999996,2583.0261999999957,0.1786,2583.197599999996,1214,1,fifo
1898,670.34,3253.471799999996,3256.327199999996,2583.131799999996,2.8554,2583.431199999996,2494,355,fifo
1899,670.865,3256.327199999996,3258.6570999999963,2585.4621999999963,2.3299,2585.8408999999965,3287,271,fifo
1900,671.068,3258.6570999999963,3259.2758999999965,2587.5890999999965,0.6188,2587.703899999996,648,70,fifo
1901,672.007,3259.2758999999965,3259.7757999999963,2587.2688999999964,0.4999,2587.3439999999964,251,59,fifo
1902,672.253,3259.7757999999963,3261.057399999996,2587.522799999996,1.2816,2587.990799999996,4180,113,fifo
1903,672.253,3261.057399999996,3262.834199999996,2588.804399999996,1.7768,2589.465199999996,6108,155,fifo
1904,672.254,3262.834199999996,3264.9814999999962,2590.5801999999962,2.1473,2591.179499999996,5493,215,fifo
1905,673.587,3264.9814999999962,3268.2112999999963,2591.3944999999962,3.2298,2591.650699999996,2062,413,fifo
1906,674.74,3268.2112999999963,3269.4352999999965,2593.4712999999965,1.2240000000000002,2594.1336999999967,6124,78,fifo
1907,675.253,3269.4352999999965,3269.8270999999963,2594.1822999999963,0.39180000000000004,2594.300499999996,682,38,fifo
1908,676.193,3269.8270999999963,3269.981699999996,2593.6340999999966,0.15460000000000002,2593.7814999999964,974,1,fifo
1909,676.505,3269.981699999996,3271.1671999999962,2593.476699999996,1.1855,2593.949399999996,4227,99,fifo
1910,676.518,3271.1671999999962,3274.6737999999964,2594.649199999996,3.5065999999999997,2595.110199999996,4110,423,fifo
1911,677.019,3274.6737999999964,3275.1757999999963,2597.6547999999966,0.502,2597.7391999999963,344,58,fifo
1912,677.043,3275.1757999999963,3277.8810999999964,2598.132799999996,2.7053000000000003,2598.5844999999963,4017,313,fifo
1913,677.093,3277.8810999999964,3279.4212999999963,2600.7880999999966,1.5402,2601.2194999999965,3814,154,fifo
1914,679.709,3279.4212999999963,3283.1136999999962,2599.7122999999965,3.6923999999999997,2599.8550999999966,928,493,fifo
1915,680.206,3283.1136999999962,3286.7245999999964,2602.907699999996,3.6109,2603.372199999996,4145,437,fifo
1916,680.845,3286.7245999999964,3289.5125999999964,2605.8795999999966,2.788,2606.2195999999967,2900,340,fifo
1917,680.845,3289.5125999999964,3292.2318999999966,2608.667599999996,2.7193,2609.5724999999966,8549,252,fifo
1918,680.957,3292.2318999999966,3292.7777999999967,2611.2748999999967,0.5459,2611.4679999999967,1431,49,fifo
1919,681.144,3292.7777999999967,3299.1786999999968,2611.633799999997,6.4009,2611.7778999999964,941,869,fifo
1920,681.334,3299.1786999999968,3299.3377999999966,2617.844699999997,0.15910000000000002,2617.9605999999967,659,6,fifo
1921,681.799,3299.3377999999966,3302.6229999999964,2617.5387999999966,3.2852,2617.7711999999965,1824,424,fifo
1922,681.994,3302.6229999999964,3308.7037999999966,2620.6289999999963,6.0808,2620.7625999999964,836,826,fifo
1923,681.995,3308.7037999999966,3313.6764999999964,2626.7087999999967,4.9727,2626.850299999997,915,671,fifo
1924,682.253,3313.6764999999964,3314.427299999996,2631.4234999999962,0.7508,2631.619899999996,1464,77,fifo
1925,682.492,3314.427299999996,3314.870399999996,2631.9352999999965,0.44310000000000005,2632.1623999999965,1771,30,fifo
1926,683.008,3314.870399999996,3315.5347999999963,2631.8623999999963,0.6644,2632.058799999996,1464,65,fifo
1927,683.008,3315.5347999999963,3315.965699999996,2632.526799999996,0.4309,2632.662499999996,857,41,fifo
1928,683.488,3315.965699999996,3316.142299999996,2632.477699999996,0.1766,2632.6470999999965,1194,1,fifo
1929,684.198,3316.142299999996,3316.6630999999957,2631.944299999996,0.5207999999999999,2632.155499999996,1612,43,fifo
1930,685.691,3316.6630999999957,3317.549899999996,2630.9720999999954,0.8867999999999999,2631.0812999999953,592,108,fifo
1931,685.741,3317.549899999996,3320.433099999996,2631.808899999996,2.8832,2631.977699999996,1188,377,fifo
1932,685.752,3320.433099999996,3320.765399999996,2634.681099999996,0.33230000000000004,2634.8261999999963,951,26,fifo
1933,686.005,3320.765399999996,3321.1069999999963,2634.760399999996,0.3416,2635.080399999996,2700,3,fifo
1934,686.008,3321.1069999999963,3322.0446999999963,2635.0989999999965,0.9377,2635.6118999999962,4629,59,fifo
1935,686.241,3322.0446999999963,3323.2643999999964,2635.8036999999963,1.2197,2636.274599999996,4209,104,fifo
1936,686.674,3323.2643999999964,3327.0192999999963,2636.5903999999964,3.7549,2636.910899999996,2705,477,fifo
1937,686.968,3327.0192999999963,3327.1602999999964,2640.0512999999964,0.14100000000000001,2640.1562999999965,550,5,fifo
1938,687.469,3327.1602999999964,3327.4966999999965,2639.6912999999963,0.33640000000000003,2639.876499999996,1352,21,fifo
1939,687.823,3327.4966999999965,3328.6193999999964,2639.6736999999966,1.1227,2639.9035999999965,1799,124,fifo
1940,688.053,3328.6193999999964,3328.9693999999963,2640.5663999999965,0.35000000000000003,2640.8947999999964,2784,3,fifo
1941,689.492,3328.9693999999963,3330.5730999999964,2639.477399999996,1.6037000000000001,2640.051499999996,5241,143,fifo
1942,689.837,3330.5730999999964,3332.4246999999964,2640.7360999999964,1.8516,2640.8812999999964,952,237,fifo
1943,690.441,3332.4246999999964,3334.0072999999966,2641.983699999996,1.5826,2642.2198999999964,1862,187,fifo
1944,690.491,3334.0072999999966,3334.3583999999964,2643.5162999999966,0.35109999999999997,2643.6009999999965,347,37,fifo
1945,690.564,3334.3583999999964,3336.1036999999965,2643.7943999999966,1.7452999999999999,2643.8836999999967,393,230,fifo
1946,690.958,3336.1036999999965,3336.2571999999964,2645.1456999999964,0.15350000000000003,2645.2775999999963,819,3,fifo
1947,691.708,3336.2571999999964,3339.4923999999965,2644.5491999999963,3.2352,2644.7387999999964,1396,423,fifo
1948,692.253,3339.4923999999965,3339.9499999999966,2647.2393999999963,0.4576,2647.466599999996,1772,32,fifo
1949,692.291,3339.9499999999966,3340.4220999999966,2647.6589999999965,0.4721,2647.7782999999963,693,49,fifo
1950,692.292,3340.4220999999966,3340.7023999999965,2648.1300999999967,0.2803,2648.3455999999965,1655,9,fifo
1951,692.957,3340.7023999999965,3340.8308999999963,2647.7453999999966,0.1285,2647.8666999999964,713,1,fifo
1952,693.792,3340.8308999999963,3342.0804999999964,2647.0388999999964,1.2496,2647.251699999996,1628,144,fifo
1953,693.991,3342.0804999999964,3343.578599999996,2648.0894999999964,1.4981,2648.5075999999963,3681,150,fifo
1954,694.215,3343.578599999996,3343.759599999996,2649.363599999996,0.181,2649.443799999996,302,14,fifo
1955,694.254,3343.759599999996,3346.7108999999964,2649.5055999999963,2.9513,2649.756899999996,2013,375,fifo
1956,694.268,3346.7108999999964,3347.6543999999963,2652.4428999999964,0.9435,2652.5871999999963,943,111,fifo
1957,695.206,3347.6543999999963,3348.3619999999964,2652.448399999996,0.7076,2652.644799999996,1464,71,fifo
1958,696.491,3348.3619999999964,3352.1355999999964,2651.8709999999965,3.7736,2652.0445999999965,1236,500,fifo
1959,696.708,3352.1355999999964,3352.7313999999965,2655.4275999999963,0.5958,2655.4977999999965,202,73,fifo
1960,697.55,3352.7313999999965,3354.1398999999965,2655.1813999999968,1.4084999999999999,2655.322699999996,913,176,fifo
1961,697.968,3354.1398999999965,3357.6745999999966,2656.1718999999966,3.5347,2656.3081999999968,863,472,fifo
1962,699.087,3357.6745999999966,3358.8780999999967,2658.5875999999967,1.2035,2658.8622999999966,2247,129,fifo
1963,699.492,3358.8780999999967,3360.3094999999967,2659.386099999997,1.4314,2659.7734999999966,3374,145,fifo
1964,700.099,3360.3094999999967,3361.0540999999967,2660.2104999999965,0.7446,2660.3142999999964,538,89,fifo
1965,700.793,3361.0540999999967,3364.8661999999968,2660.2610999999965,3.8121,2661.4307999999965,11197,367,fifo
1966,701.248,3364.8661999999968,3368.474899999997,2663.6181999999967,3.6087,2663.756499999997,883,482,fifo
1967,702.09,3368.474899999997,3368.652799999997,2666.384899999997,0.17790000000000003,2666.555599999997,1207,1,fifo
1968,702.245,3368.652799999997,3369.007999999997,2666.407799999997,0.3552,2666.5757999999973,1180,26,fifo
1969,702.393,3369.007999999997,3370.502799999997,2666.614999999997,1.4948000000000001,2667.648999999997,9840,64,fifo
1970,702.576,3370.502799999997,3371.852799999997,2667.926799999997,1.3499999999999999,2668.124799999997,1480,160,fifo
1971,702.738,3371.852799999997,3372.0509999999967,2669.1147999999966,0.1982,2669.2553999999973,906,8,fifo
1972,703.047,3372.0509999999967,3374.9643999999967,2669.0039999999967,2.9134,2669.490999999997,4370,337,fifo
1973,703.496,3374.9643999999967,3375.4068999999968,2671.4683999999966,0.4425,2671.5436999999965,253,51,fifo
1974,703.585,3375.4068999999968,3375.7775999999967,2671.8218999999967,0.37070000000000003,2672.019799999997,1479,24,fifo
1975,703.745,3375.7775999999967,3376.498199999997,2672.032599999997,0.7206,2672.097999999997,154,91,fifo
1976,704.991,3376.498199999997,3377.184199999997,2671.507199999997,0.6859999999999999,2671.6819999999966,1248,71,fifo
1977,705.208,3377.184199999997,3377.760999999997,2671.976199999997,0.5768,2672.452199999997,4260,14,fifo
1978,706.073,3377.760999999997,3381.016199999997,2671.687999999997,3.2552,2671.861599999997,1236,428,fifo
1979,706.219,3381.016199999997,3381.359799999997,2674.797199999997,0.3436,2675.119199999997,2720,3,fifo
1980,706.547,3381.359799999997,3382.349399999997,2674.812799999997,0.9896,2675.413599999997,5508,54,fifo
1981,706.587,3382.349399999997,3383.039199999997,2675.762399999997,0.6898,2676.243399999997,4310,29,fifo
1982,707.458,3383.039199999997,3383.8371999999968,2675.581199999997,0.798,2675.666399999997,352,99,fifo
1983,707.742,3383.8371999999968,3384.2685999999967,2676.095199999997,0.4314,2676.303399999997,1582,31,fifo
1984,709.561,3384.2685999999967,3384.718099999997,2674.7075999999965,0.4495,2674.8762999999967,1187,39,fifo
1985,710.215,3384.718099999997,3384.917599999997,2674.5030999999967,0.1995,2674.644999999997,919,8,fifo
1986,710.441,3384.917599999997,3395.9765999999972,2674.4765999999972,11.059,2675.138799999997,6122,1444,fifo
1987,710.494,3395.9765999999972,3399.0074999999974,2685.482599999997,3.0309,2685.928699999997,3961,359,fifo
1988,711.073,3399.0074999999974,3402.9133999999976,2687.9344999999976,3.9059,2688.3555999999976,3711,484,fifo
1989,711.323,3402.9133999999976,3403.3187999999977,2691.5903999999978,0.4054,2691.678999999998,386,44,fifo
1990,711.334,3403.3187999999977,3403.6882999999975,2691.984799999998,0.3695,2692.275099999998,2403,11,fifo
1991,711.749,3403.6882999999975,3410.9274999999975,2691.9392999999973,7.2392,2692.5832999999975,5940,916,fifo
1992,713.243,3410.9274999999975,3411.5718999999976,2697.6844999999976,0.6444000000000001,2697.9832999999976,2488,48,fifo
1993,714.269,3411.5718999999976,3412.3349999999978,2697.302899999998,0.7630999999999999,2697.6195999999973,2667,62,fifo
1994,716.461,3412.3349999999978,3412.589999999998,2695.873999999998,0.255,2695.948999999998,250,25,fifo
1995,717.21,3412.589999999998,3413.010599999998,2695.379999999998,0.4206,2695.5125999999977,826,40,fifo
1996,718.334,3413.010599999998,3413.5835999999977,2694.676599999998,0.573,2694.795999999998,694,63,fifo
1997,718.461,3413.5835999999977,3416.243099999998,2695.122599999998,2.6595,2695.2908999999972,1183,346,fifo
1998,719.742,3416.243099999998,3417.865199999998,2696.5010999999977,1.6221,2697.2303999999976,6793,124,fifo
1999,721.072,3417.865199999998,3419.236599999998,2696.793199999998,1.3714000000000002,2696.882999999998,398,178,fifo
0,0.0,0.0,3.6622000000000003,0.0,3.6622000000000003,0.127,770,491,two_stage
1,5.55,5.55,6.6021,0.0,1.0520999999999998,0.1448999999999998,949,126,two_stage
2,6.244,6.6021,7.3172999999999995,0.3581000000000003,0.7151999999999998,0.5045000000000002,964,79,two_stage
3,7.063,7.3172999999999995,8.0625,0.25429999999999975,0.0938000000000003,0.31210000000000004,78,5,two_stage
4,7.297,7.8041,8.3433,0.5071000000000003,0.4240000000000004,0.7295000000000007,1724,28,two_stage
5,7.297,7.5164,8.1417,0.21940000000000026,0.2237999999999996,0.3639999999999999,946,11,two_stage
6,7.354,7.3751,12.652099999999999,0.021099999999999675,2.8053000000000003,0.16239999999999988,913,370,two_stage
7,7.544,7.661,12.652099999999999,0.11699999999999999,0.7623000000000004,0.26010000000000044,931,86,two_stage
8,8.146,8.3433,8.994499999999999,0.19729999999999848,0.17669999999999933,0.3667999999999978,1195,1,two_stage
9,8.266,8.512799999999999,12.652099999999999,0.24679999999999858,3.8407999999999993,0.42999999999999794,1332,508,two_stage
10,8.619,8.695999999999998,12.652099999999999,0.07699999999999818,3.0774000000000004,0.2527999999999988,1258,403,two_stage
11,8.865,8.871799999999999,12.652099999999999,0.006799999999998363,2.966700000000001,0.12229999999999919,655,396,two_stage
12,10.603,12.934599999999998,15.514299999999999,2.331599999999998,2.5797000000000008,2.492099999999999,1105,336,two_stage
13,11.494,12.813799999999999,15.514299999999999,1.319799999999999,2.460799999999999,1.440599999999998,708,325,two_stage
14,12.494,12.7275,15.514299999999999,0.23349999999999937,1.5766999999999995,0.319799999999999,363,207,two_stage
15,12.553,12.652099999999999,15.514299999999999,0.09909999999999819,0.3634000000000001,0.17449999999999832,254,40,two_stage
16,13.504,16.475699999999996,27.5305,2.9716999999999967,1.2708000000000004,3.169699999999997,1480,149,two_stage
17,13.834,16.312899999999996,27.5305,2.478899999999996,6.0956,2.6416999999999966,1128,824,two_stage
18,13.905,17.014499999999998,27.5305,3.109499999999999,1.283900000000001,3.7813999999999997,6219,85,two_stage
19,14.148,16.0068,19.1676,1.8587999999999987,0.1557999999999983,2.007399999999997,986,1,two_stage
20,14.199,15.585999999999999,27.5305,1.3869999999999987,0.41319999999999973,1.4617999999999984,248,47,two_stage
21,14.407,15.737699999999998,27.5305,1.3306999999999984,1.2466000000000002,1.4540999999999986,734,156,two_stage
22,14.448,15.861099999999999,27.5305,1.4130999999999982,0.8368999999999998,1.558799999999998,957,96,two_stage
23,14.709,15.514299999999999,19.218,0.805299999999999,0.12209999999999988,0.8769999999999989,217,7,two_stage
24,14.796,15.660799999999998,19.3188,0.8647999999999989,0.1777000000000002,0.9416999999999991,269,14,two_stage
25,15.052,16.155399999999997,21.4028,1.103399999999997,0.3806999999999988,1.260899999999996,1075,31,two_stage
26,15.542,18.0354,27.5305,2.4933999999999994,3.1420999999999992,3.4250999999999987,8817,307,two_stage
27,16.656,16.673699999999997,27.5305,0.01769999999999783,0.9960000000000016,0.3584999999999994,2908,91,two_stage
28,17.217,17.8054,19.4988,0.5884,0.4100000000000004,0.8184000000000005,1800,25,two_stage
29,17.404,17.6864,27.5305,0.2823999999999991,0.4645999999999998,0.40139999999999887,690,48,two_stage
30,18.851,18.9671,27.5305,0.11609999999999943,0.6325000000000007,0.3094000000000001,1433,61,two_stage
31,19.341,19.4988,27.5305,0.15779999999999816,0.9502999999999996,0.30889999999999773,1011,111,two_stage
32,19.595,19.6499,27.5305,0.05489999999999995,1.8969000000000018,1.5846000000000018,14797,51,two_stage
33,21.353,21.4028,27.5305,0.049799999999997624,1.1957000000000004,0.24469999999999814,1449,139,two_stage
34,21.8,36.53609999999999,47.562599999999975,14.73609999999999,3.8332999999999995,15.22859999999999,4425,464,two_stage
35,22.005,30.70509999999999,47.562599999999975,8.700099999999992,3.029499999999999,8.950399999999991,2003,386,two_stage
36,22.117,30.197799999999994,47.562599999999975,8.080799999999993,0.6444999999999985,8.293299999999991,1625,60,two_stage
37,22.492,35.05809999999999,47.562599999999975,12.566099999999988,2.7772000000000006,13.053699999999989,4376,318,two_stage
38,22.688,27.7976,47.562599999999975,5.1096,2.898400000000001,5.214400000000001,548,388,two_stage
39,22.757,31.18039999999999,40.780799999999985,8.42339999999999,0.3382000000000011,8.739999999999991,2666,3,two_stage
40,22.794,32.85389999999999,47.562599999999975,10.059899999999988,2.5201999999999964,10.506499999999985,3966,288,two_stage
41,22.835,29.061399999999995,47.562599999999975,6.226399999999995,2.6560000000000006,6.398399999999995,1220,345,two_stage
42,22.94,28.1466,41.140799999999984,5.206599999999998,0.33239999999999914,5.351799999999997,952,26,two_stage
43,23.051,27.6059,47.562599999999975,4.5549,1.3126000000000004,4.6507000000000005,458,169,two_stage
44,25.052,29.988399999999995,47.562599999999975,4.9363999999999955,3.9821999999999984,5.145799999999994,1594,524,two_stage
45,25.299,29.791999999999994,47.562599999999975,4.492999999999995,0.6356000000000006,4.689399999999996,1464,61,two_stage
46,25.468,34.06089999999999,47.562599999999975,8.59289999999999,1.5495999999999999,9.06249999999999,4196,150,two_stage
47,25.585,28.432599999999997,47.562599999999975,2.8475999999999964,2.213499999999998,2.9946999999999946,971,287,two_stage
48,25.85,27.9024,47.562599999999975,2.0523999999999987,0.5814999999999994,2.173099999999998,707,64,two_stage
49,26.543,28.0231,47.562599999999975,1.4801000000000002,2.2258999999999998,1.6036000000000001,735,292,two_stage
50,26.843,29.233399999999996,47.562599999999975,2.390399999999996,3.510999999999999,2.5677999999999948,1274,463,two_stage
51,26.971,29.598699999999994,47.562599999999975,2.6276999999999937,0.5173000000000008,2.8209999999999944,1433,45,two_stage
52,26.998,29.410799999999995,40.95359999999999,2.4127999999999936,0.3606999999999991,2.6006999999999927,1379,24,two_stage
53,27.214,28.893799999999995,47.562599999999975,1.6797999999999966,2.5652,1.8473999999999968,1176,333,two_stage
54,27.349,27.5305,42.679499999999976,0.18149999999999977,0.2985999999999983,0.25689999999999813,254,31,two_stage
55,27.494,27.7017,47.562599999999975,0.2076999999999991,0.3551000000000003,0.3035999999999994,459,36,two_stage
56,28.19,28.579699999999995,42.08109999999998,0.38969999999999416,0.3534000000000015,0.5414999999999957,1018,28,two_stage
57,28.209,28.731499999999997,47.562599999999975,0.5224999999999973,1.4654999999999982,0.6847999999999956,1123,181,two_stage
58,28.244,28.2918,47.562599999999975,0.04779999999999873,0.5871999999999986,0.18859999999999744,908,62,two_stage
59,28.743,31.496999999999993,47.562599999999975,2.7539999999999942,3.8745000000000003,3.0860999999999947,2821,492,two_stage
60,30.268,30.410299999999992,47.562599999999975,0.14229999999999166,4.459399999999999,0.26009999999999067,678,603,two_stage
61,30.35,30.52809999999999,47.562599999999975,0.17809999999998993,0.7889999999999996,0.35509999999998954,1270,85,two_stage
62,30.71,30.95539999999999,40.75199999999999,0.2453999999999894,0.08730000000000161,0.325499999999991,301,1,two_stage
63,30.744,31.035499999999992,47.562599999999975,0.2914999999999921,1.0593,0.4363999999999919,949,127,two_stage
64,30.798,33.52659999999999,47.562599999999975,2.7285999999999895,2.4442999999999993,3.178499999999989,3999,277,two_stage
65,31.692,31.829099999999993,47.562599999999975,0.13709999999999312,1.277999999999997,0.33509999999998996,1480,150,two_stage
66,31.945,32.02709999999999,47.562599999999975,0.08209999999998985,0.5040999999999983,0.1757999999999882,437,57,two_stage
67,32.001,32.22209999999999,47.562599999999975,0.22109999999999275,1.7179000000000002,0.32619999999999294,551,224,two_stage
68,32.066,32.12079999999999,47.562599999999975,0.05479999999998597,0.6629000000000019,0.15609999999998792,513,78,two_stage
69,32.106,32.32719999999999,47.562599999999975,0.22119999999998896,2.9504999999999972,0.40689999999998605,1357,384,two_stage
70,32.447,32.51289999999999,47.562599999999975,0.06589999999998497,0.42699999999999777,0.21929999999998273,1034,38,two_stage
71,32.659,32.666299999999985,40.759199999999986,0.0072999999999865395,0.10100000000000166,0.1010999999999882,438,1,two_stage
72,32.749,32.76009999999999,47.562599999999975,0.011099999999984789,0.5762000000000016,0.10489999999998645,438,67,two_stage
73,32.94,33.36929999999999,41.32799999999998,0.4292999999999907,0.34449999999999936,0.58659999999999,1073,26,two_stage
74,32.99,33.300499999999985,47.562599999999975,0.31049999999998334,2.5312000000000032,0.3792999999999864,188,342,two_stage
75,33.745,33.97649999999999,41.60389999999998,0.23149999999998983,0.2716000000000023,0.3158999999999921,344,26,two_stage
76,34.5,34.53049999999999,47.562599999999975,0.030499999999989313,2.3452,0.43889999999998963,3584,269,two_stage
77,34.693,34.93889999999999,47.562599999999975,0.2458999999999918,0.4359999999999993,0.3650999999999911,692,44,two_stage
78,35.218,39.476699999999994,47.562599999999975,4.25869999999999,3.5418999999999974,5.194199999999988,8855,362,two_stage
79,35.269,35.54569999999999,47.562599999999975,0.27669999999999106,2.957699999999997,0.46239999999998815,1357,385,two_stage
80,35.552,35.73139999999999,47.562599999999975,0.1793999999999869,2.796500000000002,0.32629999999998915,969,368,two_stage
81,35.718,36.03969999999999,47.562599999999975,0.32169999999998566,1.1119000000000034,0.6631999999999891,2915,107,two_stage
82,35.855,35.87829999999999,42.28269999999998,0.023299999999991883,0.36300000000000043,0.18469999999999231,1114,28,two_stage
83,36.101,36.38119999999999,47.562599999999975,0.28019999999999357,1.5876999999999977,0.4350999999999914,1049,199,two_stage
84,36.546,37.48009999999999,47.562599999999975,0.9340999999999937,3.889900000000001,1.5479999999999947,5639,455,two_stage
85,36.619,37.02859999999999,47.562599999999975,0.4095999999999904,0.5360000000000018,0.5063999999999922,468,61,two_stage
86,36.747,37.12539999999999,47.562599999999975,0.3783999999999921,0.39070000000000005,0.5170999999999921,887,35,two_stage
87,37.194,37.26409999999999,47.562599999999975,0.07009999999998939,3.002400000000001,0.2860999999999905,1660,387,two_stage
88,37.516,38.18019999999999,47.562599999999975,0.6641999999999939,4.8866000000000005,0.8131999999999948,990,658,two_stage
89,37.94,38.093999999999994,47.562599999999975,0.15399999999999636,0.6405999999999981,0.24019999999999442,362,77,two_stage
90,38.043,38.32919999999999,47.562599999999975,0.2861999999999938,2.6776999999999993,0.5806999999999931,2445,331,two_stage
91,38.1,38.62369999999999,47.562599999999975,0.523699999999991,0.8313999999999979,0.908699999999989,3350,62,two_stage
92,38.854,39.00869999999999,47.562599999999975,0.15469999999999118,0.9216000000000035,0.6226999999999947,4180,63,two_stage
93,39.766,40.52459999999999,47.562599999999975,0.7585999999999942,3.625799999999998,0.9787999999999926,1702,473,two_stage
94,40.218,40.41219999999999,47.562599999999975,0.19419999999998794,1.7468000000000008,0.3065999999999889,624,227,two_stage
95,41.311,41.32799999999998,47.562599999999975,0.016999999999981696,0.9887000000000029,0.10569999999998458,387,125,two_stage
96,41.499,41.60389999999998,47.562599999999975,0.10489999999997934,3.292399999999997,0.3804999999999765,2256,419,two_stage
97,42.19,42.28269999999998,47.562599999999975,0.09269999999997935,3.7736000000000005,0.2662999999999798,1236,500,two_stage
98,42.52,42.679499999999976,47.562599999999975,0.15949999999997289,1.7438999999999985,0.3049999999999713,955,222,two_stage
99,43.44,48.253099999999975,52.61499999999997,4.813099999999977,0.7261000000000006,5.006399999999978,1433,74,two_stage
100,44.313,47.623199999999976,52.61499999999997,3.3101999999999734,2.0745999999999976,3.390399999999971,302,277,two_stage
101,44.324,48.11579999999997,52.61499999999997,3.7917999999999736,3.4709000000000034,3.929099999999977,873,463,two_stage
102,45.296,47.99319999999997,52.61499999999997,2.697199999999974,0.43939999999999846,2.8197999999999723,726,44,two_stage
103,45.944,47.87859999999997,52.61499999999997,1.9345999999999677,1.6554000000000029,2.0491999999999706,646,214,two_stage
104,46.096,47.78869999999997,52.61499999999997,1.6926999999999737,0.8027000000000001,1.7825999999999738,399,99,two_stage
105,46.599,48.446399999999976,52.61499999999997,1.847399999999979,0.613999999999997,2.043799999999976,1464,58,two_stage
106,46.742,47.562599999999975,52.61499999999997,0.8205999999999776,0.32700000000000085,0.8811999999999784,106,37,two_stage
107,46.905,48.64279999999997,52.61499999999997,1.7377999999999716,3.2643999999999984,1.98539999999997,1976,419,two_stage
108,47.188,47.703399999999974,52.61499999999997,0.5153999999999712,1.4676999999999967,0.6006999999999678,353,192,two_stage
109,48.805,48.89039999999997,52.61499999999997,0.0853999999999715,2.8839999999999995,0.2045999999999708,692,384,two_stage
110,48.991,49.00959999999997,52.61499999999997,0.018599999999970862,2.2298000000000022,0.20359999999997314,1350,284,two_stage
111,49.068,49.19459999999997,52.61499999999997,0.12659999999997495,1.1523999999999965,0.2133999999999716,368,148,two_stage
112,50.1,52.82829999999996,59.123699999999964,2.7282999999999618,0.8810000000000011,3.069299999999963,2910,75,two_stage
113,51.146,52.61499999999997,59.123699999999964,1.4689999999999657,6.052199999999999,1.566799999999965,478,827,two_stage
114,52.6,52.712799999999966,59.123699999999964,0.11279999999996448,3.017099999999997,0.22829999999996176,655,403,two_stage
115,53.248,61.62529999999996,74.40399999999995,8.377299999999963,3.225000000000001,8.635899999999964,2086,412,two_stage
116,53.843,59.77659999999996,74.40399999999995,5.933599999999956,5.659599999999999,6.092399999999955,1088,764,two_stage
117,54.031,61.88389999999996,64.67429999999995,7.852899999999963,0.501499999999999,8.138399999999962,2355,30,two_stage
118,54.087,60.27359999999996,64.45829999999995,6.186599999999956,0.17700000000000218,6.356399999999958,1198,1,two_stage
119,54.589,60.61389999999996,74.40399999999995,6.02489999999996,3.192200000000003,6.2218999999999625,1470,416,two_stage
120,55.364,59.123699999999964,74.40399999999995,3.7596999999999667,1.4054999999999975,3.8475999999999644,379,183,two_stage
121,55.469,60.44339999999996,74.40399999999995,4.97439999999996,3.770499999999997,5.144899999999957,1205,500,two_stage
122,55.549,59.48859999999996,74.40399999999995,3.939599999999963,3.3418999999999968,4.09189999999996,1023,443,two_stage
123,55.994,62.16939999999996,74.40399999999995,6.175399999999961,9.850199999999996,6.838399999999957,6130,1276,two_stage
124,56.468,62.83239999999996,74.40399999999995,6.364399999999954,3.4317999999999986,7.2977999999999525,8834,347,two_stage
125,56.561,61.37589999999996,74.40399999999995,4.814899999999959,1.6174000000000013,5.06429999999996,1994,190,two_stage
126,56.941,59.21159999999996,74.40399999999995,2.270599999999959,1.0196000000000027,2.397399999999962,768,124,two_stage
127,56.942,59.93539999999996,74.40399999999995,2.9933999999999585,4.524999999999997,3.1623999999999555,1190,605,two_stage
128,57.492,59.338399999999965,74.40399999999995,1.8463999999999672,4.419799999999998,1.9965999999999653,1002,593,two_stage
129,58.19,60.104399999999956,64.44389999999996,1.914399999999958,0.17640000000000358,2.0835999999999615,1192,1,two_stage
130,59.083,61.159399999999955,74.40399999999995,2.076399999999957,0.7133000000000034,2.2928999999999604,1665,69,two_stage
131,59.548,59.64089999999996,74.40399999999995,0.09289999999995757,2.6485,0.2285999999999575,857,349,two_stage
132,60.576,60.96019999999996,65.21679999999995,0.38419999999995724,0.4295999999999976,0.5833999999999548,1492,32,two_stage
133,60.754,60.81089999999996,74.40399999999995,0.05689999999996331,1.2148999999999965,0.20619999999995997,993,148,two_stage
134,63.47,63.765799999999956,64.45109999999995,0.2957999999999572,0.15470000000000086,0.44329999999995806,975,1,two_stage
135,63.822,63.91329999999996,74.40399999999995,0.0912999999999542,6.915799999999996,0.2390999999999508,978,940,two_stage
136,64.041,64.06109999999995,74.40399999999995,0.020099999999956708,3.4284000000000057,0.3956999999999624,3256,424,two_stage
137,64.471,64.67429999999995,74.40399999999995,0.20329999999994186,4.588700000000002,0.4143999999999437,1611,608,two_stage
138,64.829,64.88539999999995,64.98639999999995,0.05639999999995382,0.10100000000000166,0.15019999999995548,438,1,two_stage
139,65.493,75.70619999999997,88.05719999999997,10.213199999999972,1.3930000000000047,10.360599999999977,974,173,two_stage
140,65.561,75.85359999999997,82.33269999999997,10.292599999999965,0.32059999999999855,10.454799999999963,1122,22,two_stage
141,65.617,75.44449999999996,88.05719999999997,9.827499999999958,3.369800000000003,9.957299999999961,798,450,two_stage
142,65.754,74.67109999999997,88.05719999999997,8.917099999999962,2.0098,9.011699999999962,446,266,two_stage
143,65.803,74.98639999999996,88.05719999999997,9.183399999999963,2.917700000000001,9.300299999999964,669,389,two_stage
144,65.816,74.87269999999997,88.05719999999997,9.056699999999964,2.7272999999999943,9.170399999999958,637,363,two_stage
145,65.853,80.60719999999998,88.05719999999997,14.754199999999983,3.420700000000006,15.719699999999989,9155,341,two_stage
146,66.257,77.24899999999998,88.05719999999997,10.991999999999976,2.7479999999999998,11.443199999999976,4012,319,two_stage
147,68.49,74.40399999999995,88.05719999999997,5.913999999999959,0.6757000000000037,5.9992999999999626,353,82,two_stage
148,68.77,74.48929999999996,88.05719999999997,5.719299999999961,1.1319000000000048,5.807199999999966,379,145,two_stage
149,69.775,76.83209999999998,88.05719999999997,7.057099999999977,1.4968999999999983,7.473999999999975,3669,150,two_stage
150,70.742,76.18629999999997,88.05719999999997,5.44429999999997,3.8574999999999995,5.6441999999999695,1499,508,two_stage
151,71.155,76.38619999999997,88.05719999999997,5.231199999999973,1.1971000000000027,5.4418999999999755,1607,137,two_stage
152,71.298,74.57719999999996,82.17429999999997,3.2791999999999604,0.24510000000000498,3.3730999999999653,439,21,two_stage
153,71.691,77.70019999999998,88.05719999999997,6.009199999999979,4.7141999999999955,6.489799999999974,4306,588,two_stage
154,71.852,78.18079999999998,88.05719999999997,6.328799999999973,3.238900000000002,6.817299999999975,4385,382,two_stage
155,72.1,76.59689999999998,88.05719999999997,4.496899999999982,0.4800000000000061,4.732099999999988,1852,34,two_stage
156,72.349,75.31899999999996,81.96549999999998,2.9699999999999562,0.18310000000000237,3.0954999999999586,755,8,two_stage
157,72.349,76.01579999999997,88.05719999999997,3.6667999999999665,3.518500000000004,3.8372999999999706,1205,465,two_stage
158,72.8,74.76569999999997,88.05719999999997,1.9656999999999698,2.504599999999999,2.072699999999969,570,333,two_stage
159,73.803,75.19959999999996,88.05719999999997,1.3965999999999639,0.7025999999999988,1.5159999999999627,694,81,two_stage
160,74.321,79.38599999999998,88.05719999999997,5.0649999999999835,2.772500000000005,5.655899999999988,5409,303,two_stage
161,74.571,75.57429999999997,81.90789999999998,1.0032999999999674,0.1535000000000017,1.1351999999999691,819,3,two_stage
162,75.07,75.10329999999996,88.05719999999997,0.03329999999996858,1.0898999999999992,0.12959999999996796,463,138,two_stage
163,78.191,78.79139999999998,82.02309999999997,0.6003999999999792,0.18450000000000621,0.7272999999999854,769,8,two_stage
164,78.198,78.66929999999998,88.05719999999997,0.4712999999999852,2.958900000000003,0.5933999999999884,721,394,two_stage
165,78.552,78.91829999999999,88.05719999999997,0.3662999999999812,1.100099999999995,0.717599999999976,3013,104,two_stage
166,78.941,79.26959999999998,88.05719999999997,0.32859999999998024,3.0179999999999985,0.44499999999997897,664,403,two_stage
167,79.65,79.97689999999999,88.05719999999997,0.32689999999998065,4.003899999999994,0.4499999999999744,731,539,two_stage
168,80.046,80.09999999999998,88.05719999999997,0.053999999999973625,2.6136000000000013,0.16919999999997515,652,347,two_stage
169,80.097,80.21519999999998,88.05719999999997,0.11819999999998743,5.627799999999995,0.4035999999999831,2354,742,two_stage
170,80.247,80.50059999999998,88.05719999999997,0.2535999999999774,0.6754000000000002,0.36019999999997765,566,79,two_stage
171,80.752,81.57269999999998,88.05719999999997,0.820699999999988,3.6255999999999937,1.1342999999999819,2636,460,two_stage
172,82.244,82.33269999999997,88.05719999999997,0.08869999999997447,1.397299999999994,0.4707999999999686,3321,141,two_stage
173,83.091,88.17379999999997,110.37309999999994,5.082799999999978,2.622300000000006,5.206699999999984,739,347,two_stage
174,83.505,88.87899999999996,110.37309999999994,5.373999999999967,0.6220999999999971,5.535299999999964,1113,64,two_stage
175,84.31,88.72329999999997,110.37309999999994,4.413299999999964,3.748499999999996,4.56899999999996,1057,499,two_stage
176,84.7,89.04029999999996,110.37309999999994,4.3402999999999565,3.7222000000000053,4.505699999999962,1154,494,two_stage
177,85.244,88.43469999999998,99.36459999999994,3.1906999999999783,0.35379999999999345,3.342899999999972,1022,28,two_stage
178,85.334,89.40359999999997,92.24809999999997,4.069599999999966,0.3564999999999966,4.267699999999962,1481,22,two_stage
179,85.843,88.05719999999997,110.37309999999994,2.2141999999999626,2.9318000000000053,2.330799999999968,666,391,two_stage
180,88.097,88.29769999999998,110.37309999999994,0.20069999999998345,2.6570000000000005,0.3376999999999839,870,350,two_stage
181,88.583,88.58689999999997,110.37309999999994,0.003899999999973147,3.030799999999995,0.1402999999999679,864,402,two_stage
182,88.742,89.60169999999997,110.37309999999994,0.859699999999961,0.9649000000000068,1.327799999999968,4181,69,two_stage
183,89.155,89.20569999999996,110.37309999999994,0.05069999999996355,2.840300000000004,0.24859999999996774,1479,367,two_stage
184,89.24,90.72099999999998,110.37309999999994,1.4809999999999803,3.3774000000000024,2.446399999999983,9154,335,two_stage
185,89.903,90.26199999999997,99.78219999999993,0.35899999999996624,0.3650000000000009,0.5079999999999671,990,30,two_stage
186,90.021,90.06979999999997,92.08969999999997,0.04879999999997153,0.13059999999999328,0.12179999999996483,230,8,two_stage
187,90.047,90.14279999999997,110.37309999999994,0.09579999999996858,0.4072000000000064,0.214999999999975,692,40,two_stage
188,90.101,90.41099999999997,110.37309999999994,0.30999999999997385,0.5598000000000027,0.5313999999999766,1714,47,two_stage
189,90.494,90.63239999999998,110.37309999999994,0.13839999999997588,2.9613999999999994,0.22699999999997544,386,399,two_stage
190,90.799,91.78049999999998,110.37309999999994,0.9814999999999685,1.7746999999999948,1.0857999999999635,543,232,two_stage
191,91.245,91.68639999999998,110.37309999999994,0.44139999999997315,1.5340999999999974,0.5354999999999706,441,200,two_stage
192,91.49,91.88479999999997,92.79139999999997,0.39479999999997517,0.33450000000000135,0.5420999999999765,973,26,two_stage
193,92.191,92.24809999999997,110.37309999999994,0.05709999999996285,0.8154000000000007,0.2244999999999635,1174,90,two_stage
194,92.208,92.41549999999997,99.56619999999994,0.2074999999999676,0.3902999999999972,0.3961999999999648,1387,28,two_stage
195,92.605,93.27599999999995,110.37309999999994,0.6709999999999496,0.865799999999997,0.9679999999999467,2470,79,two_stage
196,92.692,92.79139999999997,110.37309999999994,0.0993999999999744,2.9768999999999974,0.29709999999997194,1477,386,two_stage
197,92.752,93.84009999999995,110.37309999999994,1.0880999999999545,2.8757000000000064,1.422199999999961,2841,353,two_stage
198,92.82,93.10239999999996,110.37309999999994,0.2823999999999671,3.7663999999999933,0.45599999999996044,1236,499,two_stage
199,92.834,92.98909999999997,110.37309999999994,0.15509999999996182,3.4756999999999953,0.2683999999999571,633,467,two_stage
200,92.996,94.51769999999995,110.37309999999994,1.521699999999953,1.223900000000004,1.939199999999957,3675,112,two_stage
201,93.57,93.57299999999995,110.37309999999994,0.002999999999957481,2.8950999999999993,0.2700999999999567,2171,365,two_stage
202,93.994,94.34149999999995,110.37309999999994,0.34749999999995396,0.42819999999999436,0.5236999999999483,1262,35,two_stage
203,94.069,94.17419999999996,110.37309999999994,0.10519999999995377,0.7072999999999974,0.2724999999999511,1173,75,two_stage
204,94.357,96.17509999999996,110.37309999999994,1.8180999999999585,1.5959000000000032,2.2907999999999618,4227,156,two_stage
205,94.803,94.93519999999995,110.37309999999994,0.1321999999999548,2.6372999999999958,0.5806999999999505,3985,304,two_stage
206,95.044,95.38369999999995,110.37309999999994,0.3396999999999508,0.4500000000000034,0.42969999999995423,400,50,two_stage
207,95.084,95.59619999999995,110.37309999999994,0.5121999999999503,2.7648000000000006,0.7497999999999507,1876,351,two_stage
208,95.107,95.47369999999995,110.37309999999994,0.36669999999995184,0.3673000000000023,0.4891999999999541,725,34,two_stage
209,95.193,95.83379999999995,110.37309999999994,0.6407999999999561,1.0397000000000038,0.98209999999996,2913,97,two_stage
210,95.49,96.64779999999996,110.37309999999994,1.1577999999999662,2.4749999999999925,1.645599999999959,4378,276,two_stage
211,95.691,97.89809999999994,110.37309999999994,2.20709999999994,10.507699999999994,2.8147999999999342,5577,1375,two_stage
212,96.692,97.13559999999995,110.37309999999994,0.4435999999999609,0.7332999999999936,0.6368999999999545,1433,75,two_stage
213,96.802,97.45509999999994,110.37309999999994,0.6530999999999381,2.761399999999998,1.096099999999936,3930,322,two_stage
214,97.242,97.32889999999995,110.37309999999994,0.08689999999994313,3.798199999999997,0.21309999999994034,762,510,two_stage
215,98.118,98.50579999999994,110.37309999999994,0.38779999999994175,3.134099999999994,0.5626999999999356,1249,411,two_stage
216,98.459,98.68069999999993,99.16299999999994,0.2216999999999274,0.39800000000000624,0.5116999999999337,2400,15,two_stage
217,98.941,98.97069999999994,110.37309999999994,0.029699999999934334,0.5666999999999989,0.11399999999993327,343,67,two_stage
218,99.743,99.78219999999993,100.09739999999994,0.03919999999993706,0.3152000000000066,0.18879999999994368,996,23,two_stage
219,99.941,100.09739999999994,110.37309999999994,0.15639999999993393,6.979599999999995,0.43279999999992924,2264,931,two_stage
220,100.155,100.37379999999993,110.37309999999994,0.2187999999999306,2.2952999999999992,0.3180999999999301,493,305,two_stage
221,101.253,110.82689999999992,164.16229999999987,9.573899999999924,0.6587999999999957,9.68549999999992,616,76,two_stage
222,101.592,111.79109999999993,164.16229999999987,10.19909999999993,3.080299999999993,10.334599999999924,855,409,two_stage
223,101.692,111.43749999999993,164.16229999999987,9.745499999999936,2.1471000000000036,9.87659999999994,811,280,two_stage
224,101.801,110.43719999999993,164.16229999999987,8.636199999999931,1.1675999999999949,8.723799999999926,376,150,two_stage
225,101.907,112.37519999999992,164.16229999999987,10.468199999999925,3.057599999999998,10.645799999999923,1276,400,two_stage
226,102.698,110.52479999999993,146.38549999999987,7.826799999999935,0.10280000000000457,7.922399999999939,456,1,two_stage
227,102.746,133.0426999999999,164.16229999999987,30.296699999999916,3.498799999999986,31.174699999999902,8280,364,two_stage
228,102.942,114.3745999999999,164.16229999999987,11.432599999999908,2.1002999999999927,11.732899999999901,2503,250,two_stage
229,103.057,116.44769999999988,164.16229999999987,13.390699999999882,3.4937999999999985,13.80289999999988,3622,428,two_stage
230,103.74,114.6748999999999,164.16229999999987,10.9348999999999,2.779699999999994,11.237799999999893,2529,344,two_stage
231,103.842,112.22129999999993,164.16229999999987,8.37929999999993,3.012299999999993,8.533199999999923,1039,397,two_stage
232,104.051,122.79979999999989,164.16229999999987,18.74879999999989,3.616899999999997,19.190499999999886,3917,441,two_stage
233,104.405,116.10579999999989,164.16229999999987,11.700799999999887,3.7546999999999953,12.042699999999883,2919,474,two_stage
234,104.795,110.37309999999994,146.7886999999999,5.578099999999935,0.15049999999999628,5.6421999999999315,141,12,two_stage
235,105.572,111.17699999999992,164.16229999999987,5.604999999999919,2.081400000000002,5.735199999999921,802,271,two_stage
236,105.993,115.20979999999989,164.16229999999987,9.216799999999893,0.5861999999999982,9.54379999999989,2770,36,two_stage
237,106.518,113.6595999999999,164.16229999999987,7.141599999999897,2.666900000000005,7.360499999999902,1689,340,two_stage
238,106.852,113.3058999999999,164.16229999999987,6.453899999999891,0.776100000000001,6.668399999999892,1645,78,two_stage
239,106.944,110.71909999999993,164.16229999999987,3.7750999999999237,3.1605999999999974,3.882899999999921,578,424,two_stage
240,107.592,114.1216999999999,164.16229999999987,6.529699999999906,1.1960999999999968,6.782599999999903,2029,131,two_stage
241,107.843,111.30719999999992,164.16229999999987,3.46419999999992,2.9095000000000053,3.5944999999999254,803,386,two_stage
242,108.211,110.93849999999992,164.16229999999987,2.727499999999921,0.3994000000000007,2.8460999999999217,686,39,two_stage
243,108.32,137.4375999999999,164.16229999999987,29.117599999999896,3.08049999999999,30.117299999999886,9497,289,two_stage
244,108.554,112.71189999999991,164.16229999999987,4.157899999999913,0.8747999999999932,4.355899999999906,1480,94,two_stage
245,108.694,111.56859999999993,146.4214999999999,2.87459999999993,0.1535000000000017,3.0064999999999316,819,3,two_stage
246,108.696,111.05709999999992,164.16229999999987,2.3610999999999223,1.3799000000000012,2.4809999999999235,699,175,two_stage
247,108.961,110.62039999999993,164.16229999999987,1.659399999999934,1.1210999999999938,1.7580999999999278,487,142,two_stage
248,109.658,112.90989999999991,164.16229999999987,3.2518999999999068,1.1555999999999933,3.4498999999999,1480,133,two_stage
249,109.742,118.5404999999999,164.16229999999987,8.79849999999989,1.2166999999999988,9.23039999999989,3819,109,two_stage
250,109.992,118.01189999999988,164.16229999999987,8.019899999999879,0.9652000000000064,8.437899999999885,3680,76,two_stage
251,110.064,111.92659999999992,164.16229999999987,1.8625999999999294,3.2654000000000036,2.010399999999933,978,433,two_stage
252,111.653,111.70049999999993,146.39269999999988,0.04749999999992838,0.0977999999999949,0.13809999999992328,406,1,two_stage
253,111.994,112.07439999999993,164.16229999999987,0.08039999999992631,1.2773000000000023,0.22729999999992856,969,157,two_stage
254,112.094,113.8784999999999,164.16229999999987,1.784499999999909,1.0424000000000015,2.0276999999999106,1932,111,two_stage
255,112.241,135.0328999999999,164.16229999999987,22.7918999999999,3.7394999999999996,23.7233999999999,8815,390,two_stage
256,112.242,115.76429999999989,164.16229999999987,3.5222999999998876,1.1838999999999964,3.863799999999884,2915,117,two_stage
257,112.492,112.55279999999992,164.16229999999987,0.060799999999915144,2.758299999999995,0.21989999999991028,1091,361,two_stage
258,112.71,130.6028999999999,164.16229999999987,17.892899999999898,1.757800000000006,18.527499999999904,5846,156,two_stage
259,112.942,113.1078999999999,164.16229999999987,0.16589999999990823,0.8459999999999933,0.3638999999999015,1480,90,two_stage
260,113.329,113.5203999999999,146.5798999999999,0.1913999999999021,0.19680000000000242,0.3305999999999045,892,8,two_stage
261,114.047,125.59829999999987,164.16229999999987,11.55129999999987,1.3913000000000055,12.013799999999875,4125,129,two_stage
262,114.846,114.97779999999989,147.4006999999999,0.13179999999988468,0.4623999999999993,0.363799999999884,1820,32,two_stage
263,114.99,123.77409999999989,164.16229999999987,8.784099999999896,2.9660999999999986,9.237399999999894,4033,349,two_stage
264,115.066,129.69509999999988,164.16229999999987,14.62909999999988,1.0499999999999898,15.26149999999987,5824,58,two_stage
265,115.493,115.53679999999989,164.16229999999987,0.043799999999890815,0.47230000000000627,0.27129999999989707,1775,34,two_stage
266,115.946,119.30899999999988,164.16229999999987,3.362999999999886,1.4067999999999956,3.7977999999998815,3848,135,two_stage
267,115.994,121.20039999999987,164.16229999999987,5.206399999999874,1.3854000000000024,5.6413999999998765,3850,132,two_stage
268,116.491,117.07739999999988,164.16229999999987,0.5863999999998839,4.567000000000002,0.7469999999998862,1106,612,two_stage
269,116.491,117.23799999999989,164.16229999999987,0.7469999999998862,3.7735999999999934,0.9205999999998795,1236,500,two_stage
270,116.569,117.41159999999988,164.16229999999987,0.8425999999998766,2.8889000000000062,1.024299999999883,1317,376,two_stage
271,116.842,116.85989999999988,164.16229999999987,0.017899999999883676,1.3999000000000064,0.17219999999989,1043,173,two_stage
272,116.942,117.01419999999989,146.4718999999999,0.07219999999989568,0.11359999999999482,0.1353999999998905,132,7,two_stage
273,116.946,117.81549999999989,164.16229999999987,0.8694999999998885,0.664399999999997,1.0658999999998855,1464,65,two_stage
274,117.49,138.55549999999988,164.16229999999987,21.065499999999886,2.828799999999995,22.23829999999988,11228,230,two_stage
275,117.508,117.59329999999989,146.6374999999999,0.08529999999989002,0.1832000000000057,0.21089999999989573,756,8,two_stage
276,117.657,128.40289999999987,164.16229999999987,10.745899999999878,3.774200000000002,11.22969999999988,4338,457,two_stage
277,117.657,117.71889999999989,164.16229999999987,0.06189999999989482,1.5437999999999952,0.15849999999988995,466,201,two_stage
278,117.993,121.92279999999988,164.16229999999987,3.9297999999998865,4.843600000000004,4.366999999999891,3872,612,two_stage
279,118.091,118.42989999999989,164.16229999999987,0.33889999999989584,1.298600000000005,0.449499999999901,606,165,two_stage
280,118.195,122.35999999999989,164.16229999999987,4.164999999999893,2.607000000000005,4.604799999999898,3898,301,two_stage
281,118.589,118.9723999999999,164.16229999999987,0.38339999999989516,1.2528999999999983,0.4770999999998935,437,161,two_stage
282,118.843,119.06609999999989,164.16229999999987,0.2230999999998886,1.469199999999994,0.3170999999998827,440,191,two_stage
283,118.844,119.16009999999989,164.16229999999987,0.31609999999989213,2.3664999999999976,0.4649999999998897,989,308,two_stage
284,119.488,119.74379999999988,164.16229999999987,0.2557999999998799,1.037100000000005,0.3496999999998849,439,131,two_stage
285,119.646,119.83769999999988,164.16229999999987,0.19169999999988363,2.630099999999998,0.3953999999998814,1537,337,two_stage
286,119.856,120.04139999999988,164.16229999999987,0.18539999999988765,3.7735999999999934,0.35899999999988097,1236,500,two_stage
287,119.987,120.73919999999987,164.16229999999987,0.7521999999998741,3.0768000000000013,1.0929999999998756,2908,380,two_stage
288,119.995,120.21499999999988,164.16229999999987,0.21999999999987097,2.9168999999999943,0.4800999999998652,2101,369,two_stage
289,120.258,126.57519999999988,164.16229999999987,6.317199999999886,0.8570999999999993,6.785499999999885,4183,54,two_stage
290,120.444,120.47509999999987,164.16229999999987,0.031099999999867123,0.7337000000000002,0.12399999999986733,429,89,two_stage
291,120.462,120.56799999999987,147.17029999999988,0.10599999999986665,0.3799999999999989,0.27719999999986555,1212,29,two_stage
292,120.745,132.0028999999999,164.16229999999987,11.257899999999893,7.228100000000008,12.085199999999901,7773,889,two_stage
293,120.747,127.51729999999988,164.16229999999987,6.770299999999878,3.1723000000000017,7.24979999999988,4295,374,two_stage
294,120.949,121.07999999999987,164.16229999999987,0.13099999999987233,0.4948000000000036,0.25139999999987594,704,52,two_stage
295,121.244,121.63539999999988,146.9614999999999,0.3913999999998765,0.4004999999999987,0.6190999999998752,1777,24,two_stage
296,121.658,121.86309999999987,146.5222999999999,0.20509999999987372,0.11010000000000653,0.26479999999988024,97,7,two_stage
297,121.84,127.04349999999988,164.16229999999987,5.2034999999998774,2.986599999999997,5.677299999999875,4238,349,two_stage
298,122.945,123.24149999999989,164.16229999999987,0.2964999999998952,2.1310999999999964,0.7355999999998915,3891,235,two_stage
299,123.583,123.68059999999988,164.16229999999987,0.09759999999988622,1.0151000000000059,0.19109999999989213,435,128,two_stage
300,123.819,124.22739999999989,164.16229999999987,0.40839999999988663,1.9242000000000004,0.49659999999988713,382,255,two_stage
301,123.942,124.31559999999989,164.16229999999987,0.3735999999998967,3.247999999999993,0.54719999999989,1236,427,two_stage
302,124.338,124.48919999999988,164.16229999999987,0.1511999999998892,2.9866999999999946,0.2434999999998837,423,402,two_stage
303,124.34,124.88029999999988,164.16229999999987,0.5402999999998741,0.7188999999999935,0.7335999999998677,1433,73,two_stage
304,124.546,124.58149999999988,164.16229999999987,0.03549999999987108,1.8048999999999935,0.15559999999986474,701,234,two_stage
305,124.564,124.70159999999987,164.16229999999987,0.13759999999987826,0.9851000000000063,0.31629999999988456,1287,112,two_stage
306,124.946,125.07359999999987,164.16229999999987,0.12759999999987315,4.538399999999995,0.36759999999986803,1900,597,two_stage
307,125.252,125.31359999999987,164.16229999999987,0.06159999999987065,0.4303999999999989,0.23279999999986956,1212,36,two_stage
308,125.441,125.48479999999986,164.16229999999987,0.04379999999986239,0.9343000000000019,0.15729999999986433,635,114,two_stage
309,125.691,126.23129999999988,164.16229999999987,0.5402999999998741,1.380700000000005,0.8841999999998791,2939,144,two_stage
310,125.692,126.06079999999987,164.16229999999987,0.36879999999987945,3.151300000000004,0.5392999999998835,1205,414,two_stage
311,126.442,136.1348999999999,164.16229999999987,9.69289999999991,3.1935999999999862,10.625699999999895,8828,314,two_stage
312,126.745,144.78479999999985,164.16229999999987,18.039799999999843,2.0907999999999936,19.316999999999837,12272,113,two_stage
313,127.834,127.99679999999988,164.16229999999987,0.16279999999987638,3.0594999999999977,0.3206999999998743,1079,403,two_stage
314,127.988,128.15469999999988,164.16229999999987,0.16669999999987795,6.756999999999997,0.41489999999987504,1982,904,two_stage
315,128.444,129.02549999999988,164.16229999999987,0.5814999999998918,3.7735999999999934,0.7550999999998851,1236,500,two_stage
316,128.593,129.36809999999988,164.16229999999987,0.7750999999998953,0.5861999999999982,1.1020999999998935,2770,36,two_stage
317,128.847,128.88669999999988,164.16229999999987,0.039699999999868396,0.4340000000000034,0.17849999999987176,888,41,two_stage
318,129.081,129.19909999999987,164.16229999999987,0.11809999999988463,7.016200000000011,0.28709999999989577,1190,951,two_stage
319,129.252,131.2374999999999,164.16229999999987,1.9854999999998881,17.526999999999997,2.7508999999998878,7154,2328,two_stage
320,130.099,130.32749999999987,164.16229999999987,0.22849999999988313,2.310200000000006,0.35709999999988895,786,303,two_stage
321,130.442,130.45609999999988,164.16229999999987,0.014099999999871216,0.7948000000000132,0.16089999999988436,968,90,two_stage
322,132.745,132.8301999999999,164.16229999999987,0.08519999999990091,2.1493000000000055,0.2976999999999066,1625,269,two_stage
323,133.691,134.0359999999999,164.16229999999987,0.3449999999998852,0.7044999999999936,0.5382999999998788,1433,71,two_stage
324,133.841,133.9206999999999,164.16229999999987,0.07969999999988886,1.2960999999999907,0.1949999999998795,653,164,two_stage
325,134.09,141.43909999999985,164.16229999999987,7.349099999999851,2.843199999999995,8.521899999999846,11228,232,two_stage
326,134.195,134.22929999999988,164.16229999999987,0.03429999999988809,3.0895000000000072,0.5173999999998955,4331,362,two_stage
327,134.253,134.7123999999999,164.16229999999987,0.4593999999999028,2.273600000000004,0.6161999999999068,1068,294,two_stage
328,134.519,134.8691999999999,164.16229999999987,0.35019999999988727,3.0005000000000055,0.513899999999893,1137,394,two_stage
329,135.355,135.9643999999999,164.16229999999987,0.6093999999999085,3.633700000000004,0.7798999999999126,1205,481,two_stage
330,136.299,137.2442999999999,164.16229999999987,0.9452999999998895,0.7620999999999936,1.138599999999883,1433,79,two_stage
331,136.996,137.0676999999999,164.16229999999987,0.07169999999987908,0.6158000000000077,0.24829999999988672,1266,61,two_stage
332,137.459,138.43729999999988,164.16229999999987,0.9782999999998765,2.7462000000000018,1.0964999999998781,682,365,two_stage
333,138.562,139.72829999999988,146.7022999999999,1.1662999999998647,0.14880000000000318,1.2502999999998679,340,9,two_stage
334,138.942,139.97139999999987,164.16229999999987,1.0293999999998675,1.0346999999999889,1.2216999999998563,1423,117,two_stage
335,139.073,140.36599999999987,164.16229999999987,1.2929999999998643,0.718700000000005,1.5148999999998694,1719,69,two_stage
336,139.246,140.72709999999987,164.16229999999987,1.4810999999998558,2.4032999999999882,1.8899999999998442,3589,277,two_stage
337,139.313,139.81229999999988,164.16229999999987,0.4992999999998915,3.435099999999995,0.6583999999998866,1091,455,two_stage
338,139.443,140.16369999999986,164.16229999999987,0.7206999999998516,2.203900000000008,0.9229999999998597,1523,278,two_stage
339,140.499,140.58789999999988,164.16229999999987,0.08889999999988163,0.5207999999999882,0.22809999999986985,892,53,two_stage
340,140.82,141.13599999999985,164.16229999999987,0.3159999999998604,3.0463000000000005,0.619099999999861,2531,381,two_stage
341,142.299,143.24479999999983,164.16229999999987,0.9457999999998208,3.848100000000006,2.1154999999998267,11197,372,two_stage
342,142.441,142.79059999999984,164.16229999999987,0.34959999999983893,2.477399999999986,0.8037999999998249,4042,281,two_stage
343,142.574,142.61189999999985,164.16229999999987,0.037899999999837064,3.353899999999992,0.21659999999982915,1287,441,two_stage
344,143.504,144.41449999999983,146.3998999999999,0.9104999999998427,0.15810000000000715,1.0613999999998498,1009,1,two_stage
345,144.312,144.56539999999984,164.16229999999987,0.25339999999982865,2.4802000000000075,0.472799999999836,1694,314,two_stage
346,145.065,146.06199999999984,164.16229999999987,0.9969999999998436,3.4915000000000123,1.313299999999856,2663,441,two_stage
347,147.6,164.73389999999986,190.4418999999998,17.13389999999987,2.257799999999996,17.260499999999865,766,296,two_stage
348,148.007,166.32259999999985,190.4418999999998,18.315599999999847,3.1037000000000012,18.51769999999985,1521,403,two_stage
349,148.25,164.86049999999986,173.59389999999982,16.61049999999986,0.19720000000000149,16.75009999999986,896,8,two_stage
350,149.07,165.49789999999987,190.4418999999998,16.42789999999988,2.861400000000003,16.582099999999883,1042,376,two_stage
351,149.07,165.65209999999988,190.4418999999998,16.582099999999883,3.4382999999999875,16.74439999999987,1123,455,two_stage
352,149.487,171.6463999999998,190.4418999999998,22.159399999999806,17.755399999999995,23.225199999999802,10158,2318,two_stage
353,149.758,164.22009999999986,172.9526999999998,14.46209999999985,0.06779999999999377,14.522699999999844,106,1,two_stage
354,150.055,165.14149999999987,190.4418999999998,15.086499999999859,0.6618000000000139,15.229899999999873,934,72,two_stage
355,152.487,164.61119999999985,190.4418999999998,12.12419999999986,2.534700000000009,12.246899999999869,727,335,two_stage
356,154.005,164.16229999999987,172.9598999999998,10.157299999999879,0.06499999999998608,10.215099999999865,78,1,two_stage
357,154.748,165.81439999999986,190.4418999999998,11.066399999999874,2.726299999999986,11.22949999999986,1131,356,two_stage
358,154.969,166.14549999999986,190.4418999999998,11.176499999999862,3.438699999999996,11.353599999999858,1271,453,two_stage
359,156.44,164.28069999999985,173.75229999999982,7.840699999999856,0.19670000000000032,7.936599999999856,459,14,two_stage
360,158.571,168.5952999999998,190.4418999999998,10.024299999999812,8.237299999999998,10.71599999999981,6417,1048,two_stage
361,159.255,165.34789999999987,190.4418999999998,6.092899999999872,2.8500000000000054,6.242899999999878,1000,375,two_stage
362,160.855,167.41629999999984,190.4418999999998,6.5612999999998465,5.080299999999992,6.947199999999839,3359,652,two_stage
363,161.023,166.52469999999985,190.4418999999998,5.5016999999998575,3.2505999999999906,5.728299999999848,1766,420,two_stage
364,163.094,167.11919999999984,190.4418999999998,4.025199999999842,2.8747000000000003,4.322299999999842,2471,358,two_stage
365,163.396,169.4922999999998,172.9958999999998,6.096299999999815,0.755600000000014,6.815899999999829,6696,5,two_stage
366,164.069,164.37659999999985,190.4418999999998,0.30759999999986576,0.7749000000000114,0.4200999999998771,625,92,two_stage
367,164.191,164.48909999999987,190.4418999999998,0.29809999999986303,3.110099999999989,0.420199999999852,721,415,two_stage
368,164.258,165.00009999999986,190.4418999999998,0.7420999999998514,5.059000000000005,0.8834999999998558,914,683,two_stage
369,165.246,166.82639999999984,190.4418999999998,1.5803999999998268,2.8848,1.8731999999998266,2428,360,two_stage
370,165.257,165.28489999999988,173.2799999999998,0.02789999999987458,0.11339999999998818,0.09089999999986276,130,7,two_stage
371,165.583,165.97749999999985,190.4418999999998,0.3944999999998515,0.8304000000000064,0.5624999999998579,1180,92,two_stage
372,166.545,166.75129999999984,190.4418999999998,0.2062999999998567,0.47829999999999195,0.28139999999984866,251,56,two_stage
373,166.797,170.7174999999998,190.4418999999998,3.920499999999805,4.408200000000008,4.663899999999813,6934,509,two_stage
374,167.801,167.80219999999983,190.4418999999998,0.001199999999840884,4.0884999999999945,0.6696999999998354,6185,475,two_stage
375,167.842,168.47069999999982,190.4418999999998,0.6286999999998102,2.6301999999999865,0.7532999999997969,746,348,two_stage
376,168.901,169.3624999999998,190.4418999999998,0.46149999999980196,1.1161999999999888,0.5912999999997908,798,137,two_stage
377,169.008,169.2869999999998,190.4418999999998,0.2789999999997974,0.5075000000000052,0.35449999999980264,255,60,two_stage
378,169.593,170.21189999999982,190.4418999999998,0.6188999999998259,2.74520000000001,0.7792999999998358,1104,359,two_stage
379,170.046,170.37229999999983,190.4418999999998,0.32629999999983283,0.5406999999999875,0.5861999999998204,2099,39,two_stage
380,170.579,170.6321999999998,190.4418999999998,0.05319999999980496,2.8644999999999894,0.13849999999979445,353,386,two_stage
381,170.842,171.4608999999998,190.4418999999998,0.6188999999997975,3.0942999999999903,0.804399999999788,1355,404,two_stage
382,172.047,172.7121999999998,190.4418999999998,0.6651999999997997,0.7385999999999949,0.7557999999997946,406,90,two_stage
383,172.466,172.8027999999998,173.65149999999983,0.3367999999997835,0.2002999999999907,0.4794999999997742,927,8,two_stage
384,172.96,172.9958999999998,190.4418999999998,0.03589999999979909,2.771499999999999,0.15059999999979823,647,369,two_stage
385,173.0,173.1105999999998,190.4418999999998,0.11059999999980619,0.5437999999999998,0.22959999999980596,690,59,two_stage
386,173.263,173.2799999999998,190.4418999999998,0.016999999999796955,1.543499999999998,0.15649999999979514,895,195,two_stage
387,173.406,173.4194999999998,190.4418999999998,0.013499999999794454,2.406400000000012,0.13029999999980646,668,318,two_stage
388,174.297,192.87749999999983,646.7544999999988,18.58049999999983,2.9342000000000112,18.70669999999984,762,390,two_stage
389,174.512,195.39369999999982,646.7544999999988,20.881699999999825,2.57910000000001,21.034399999999835,1027,337,two_stage
390,175.989,191.33719999999983,646.7544999999988,15.34819999999982,2.5514000000000103,15.444399999999831,462,341,two_stage
391,176.012,197.20939999999982,646.7544999999988,21.197399999999817,0.46419999999999434,21.37359999999981,1262,40,two_stage
392,176.261,190.96589999999983,646.7544999999988,14.704899999999839,0.9824999999999934,14.794599999999832,397,124,two_stage
393,176.694,190.87739999999982,646.7544999999988,14.183399999999835,1.4349000000000105,14.271899999999846,385,187,two_stage
394,177.508,202.07669999999985,646.7544999999988,24.568699999999836,1.2498999999999971,24.781799999999834,1631,144,two_stage
395,178.009,194.95049999999983,646.7544999999988,16.94149999999985,1.1395999999999864,17.087499999999835,960,138,two_stage
396,178.259,217.63979999999987,646.7544999999988,39.38079999999988,1.2181999999999942,39.806999999999874,3762,110,two_stage
397,178.44,237.13409999999973,646.7544999999988,58.694099999999736,1.025500000000007,59.16519999999974,4211,77,two_stage
398,178.501,204.25439999999983,630.0408999999986,25.75339999999983,0.4688999999999877,25.991899999999816,1885,32,two_stage
399,178.815,195.54639999999984,646.7544999999988,16.731399999999837,3.086799999999991,16.887799999999828,1064,407,two_stage
400,178.858,194.32589999999982,646.7544999999988,15.467899999999815,2.683699999999999,15.609999999999815,921,353,two_stage
401,179.744,196.73209999999983,585.1266000000008,16.988099999999832,0.34719999999999146,17.162499999999824,1244,24,two_stage
402,180.294,196.56159999999983,646.7544999999988,16.267599999999817,2.200900000000004,16.43809999999982,1205,282,two_stage
403,180.321,191.05559999999983,646.7544999999988,10.73459999999983,2.8502000000000045,10.827199999999834,426,383,two_stage
404,181.001,191.64709999999982,646.7544999999988,10.64609999999982,0.4782000000000016,10.764299999999821,682,50,two_stage
405,181.008,200.74559999999983,646.7544999999988,19.737599999999816,1.0764000000000076,19.935599999999823,1480,122,two_stage
406,181.084,193.00369999999984,535.3127000000002,11.919699999999835,0.28669999999999585,12.047999999999831,783,22,two_stage
407,181.548,190.7243999999998,646.7544999999988,9.176399999999802,0.45810000000001,9.252899999999812,265,53,two_stage
408,181.834,200.54889999999983,598.7212999999996,18.71489999999983,0.3910999999999928,18.911599999999822,1467,27,two_stage
409,182.002,190.8008999999998,646.7544999999988,8.798899999999804,0.5013000000000101,8.875399999999814,265,59,two_stage
410,182.022,195.86759999999984,646.7544999999988,13.845599999999848,2.994599999999992,14.01059999999984,1150,393,two_stage
411,182.246,198.7013999999998,646.7544999999988,16.4553999999998,1.4297000000000124,16.64669999999981,1413,172,two_stage
412,182.691,197.3855999999998,526.4233999999998,14.69459999999981,0.18599999999999542,14.873399999999805,1288,1,two_stage
413,183.069,193.37889999999985,623.6898999999986,10.309899999999857,0.3474999999999884,10.441399999999845,815,30,two_stage
414,183.244,251.07109999999972,646.7544999999988,67.82709999999972,2.6863999999999892,68.4902999999997,6132,281,two_stage
415,183.268,191.14819999999983,646.7544999999988,7.880199999999832,4.29869999999999,7.974099999999822,439,584,two_stage
416,183.546,374.3869999999998,646.7544999999988,190.84099999999978,4.357699999999996,191.80749999999978,9165,471,two_stage
417,183.693,246.9118999999997,646.7544999999988,63.21889999999968,1.6703000000000119,63.77319999999969,5043,155,two_stage
418,183.753,214.40459999999985,646.7544999999988,30.65159999999986,4.763700000000011,31.04489999999987,3433,607,two_stage
419,183.769,199.94909999999982,646.7544999999988,16.18009999999981,0.6860000000000113,16.376499999999822,1464,68,two_stage
420,183.94,191.24209999999982,646.7544999999988,7.302099999999825,1.095900000000002,7.3971999999998275,451,139,two_stage
421,184.094,194.04669999999982,646.7544999999988,9.952699999999822,0.843199999999992,10.090299999999814,876,98,two_stage
422,184.153,194.5430999999998,535.4711000000002,10.39009999999982,0.30080000000000917,10.532499999999828,924,22,two_stage
423,184.467,193.64189999999982,646.7544999999988,9.174899999999809,2.229100000000011,9.30879999999982,839,291,two_stage
424,184.941,191.88349999999983,646.7544999999988,6.942499999999825,0.5288000000000083,7.060899999999833,684,57,two_stage
425,185.008,197.03339999999983,646.7544999999988,12.02539999999982,0.6871999999999877,12.201399999999808,1260,71,two_stage
426,185.02,202.28979999999984,646.7544999999988,17.269799999999833,4.570299999999992,17.491299999999825,1715,604,two_stage
427,185.268,192.56889999999981,526.4305999999998,7.300899999999814,0.12990000000000892,7.423599999999823,727,1,two_stage
428,185.568,190.4418999999998,532.6265,4.873899999999793,0.20089999999999628,4.937999999999789,141,19,two_stage
429,185.65,197.9051999999998,646.7544999999988,12.255199999999803,2.373000000000004,12.439399999999807,1342,304,two_stage
430,185.694,190.5059999999998,532.1009,4.811999999999813,0.200299999999988,4.882699999999801,207,18,two_stage
431,186.601,192.12049999999982,646.7544999999988,5.519499999999823,2.783499999999988,5.638999999999811,695,370,two_stage
432,186.797,191.76529999999983,646.7544999999988,4.968299999999829,0.47100000000000164,5.08649999999983,682,49,two_stage
433,186.94,190.6495999999998,646.7544999999988,3.7095999999997957,0.3340000000000104,3.784399999999806,248,36,two_stage
434,187.468,194.80559999999983,646.7544999999988,7.3375999999998385,2.8161000000000067,7.482499999999845,949,371,two_stage
435,187.743,192.00189999999984,646.7544999999988,4.258899999999841,0.3993999999999865,4.377499999999827,686,39,two_stage
436,187.824,192.69159999999982,646.7544999999988,4.867599999999811,2.8950999999999936,4.990699999999805,731,385,two_stage
437,187.94,193.77579999999983,646.7544999999988,5.835799999999836,0.6955999999999861,5.969799999999822,840,78,two_stage
438,188.055,204.73809999999983,646.7544999999988,16.683099999999826,1.174099999999986,16.92839999999981,1953,129,two_stage
439,188.252,218.34179999999986,646.7544999999988,30.089799999999855,1.529100000000009,30.517299999999864,3775,153,two_stage
440,189.249,191.43339999999984,646.7544999999988,2.1843999999998402,1.1409999999999916,2.288599999999832,542,144,two_stage
441,189.44,193.90979999999982,646.7544999999988,4.469799999999822,0.6840999999999972,4.606699999999819,869,76,two_stage
442,190.012,192.4478999999998,646.7544999999988,2.4358999999998048,0.6754000000000093,2.556899999999814,710,77,two_stage
443,190.065,190.5766999999998,531.3035000000002,0.5116999999997915,0.18810000000000418,0.5845999999997957,229,16,two_stage
444,190.117,201.15119999999985,646.7544999999988,11.034199999999856,1.1772000000000076,11.232199999999864,1480,136,two_stage
445,190.753,243.34609999999967,646.7544999999988,52.59309999999968,1.0982999999999896,53.10819999999967,4651,81,two_stage
446,190.758,204.02549999999982,646.7544999999988,13.267499999999814,0.5313000000000101,13.496399999999824,1789,42,two_stage
447,190.799,191.53759999999983,646.7544999999988,0.7385999999998205,3.500699999999997,0.8480999999998176,595,471,two_stage
448,190.799,198.89269999999982,646.7544999999988,8.093699999999814,0.7908999999999936,8.286999999999807,1433,83,two_stage
449,191.15,209.14289999999986,646.7544999999988,17.99289999999985,3.9724000000000106,18.37249999999986,3296,499,two_stage
450,191.324,192.2399999999998,646.7544999999988,0.9159999999997979,1.1644999999999928,1.0364999999997906,705,145,two_stage
451,191.508,195.09649999999982,589.548500000001,3.5884999999998115,0.33570000000001277,3.7369999999998242,985,26,two_stage
452,191.548,195.70279999999983,589.889500000001,4.154799999999824,0.35200000000001386,4.319599999999838,1148,26,two_stage
453,192.248,192.3604999999998,646.7544999999988,0.11249999999981242,0.6850000000000024,0.19989999999981478,374,83,two_stage
454,192.292,193.13199999999983,621.3082999999987,0.8399999999998329,0.3373000000000025,0.9684999999998354,785,29,two_stage
455,192.526,199.2039999999998,646.7544999999988,6.677999999999798,0.7044999999999936,6.871299999999792,1433,71,two_stage
456,192.743,192.81469999999982,530.0939,0.07169999999982224,0.14920000000000996,0.1344999999998322,128,12,two_stage
457,192.821,194.1842999999998,646.7544999999988,1.3632999999998106,1.387200000000011,1.5048999999998216,916,173,two_stage
458,192.997,197.72569999999982,590.076700000001,4.7286999999998045,0.36669999999999026,4.908199999999795,1295,26,two_stage
459,193.248,193.26049999999984,532.7633,0.012499999999846523,0.2552000000000083,0.1308999999998548,684,19,two_stage
460,193.261,198.5122999999998,601.3095999999996,5.251299999999816,0.3834999999999963,5.440399999999812,1391,27,two_stage
461,193.291,202.96469999999982,646.7544999999988,9.673699999999826,0.4651999999999954,9.901299999999821,1776,33,two_stage
462,193.508,193.51039999999983,646.7544999999988,0.0023999999998238764,0.4986999999999884,0.13389999999981228,815,51,two_stage
463,194.073,234.65429999999972,646.7544999999988,40.581299999999715,1.0447000000000126,41.04999999999973,4187,80,two_stage
464,194.269,206.19709999999984,646.7544999999988,11.92809999999983,0.8402000000000025,12.271499999999833,2934,69,two_stage
465,194.396,194.46799999999982,646.7544999999988,0.0719999999998322,0.32709999999999195,0.14709999999982415,251,35,two_stage
466,194.576,194.68549999999982,646.7544999999988,0.10949999999982651,0.7177000000000079,0.22959999999983438,701,83,two_stage
467,194.758,195.24499999999983,646.7544999999988,0.48699999999982424,1.797499999999991,0.6356999999998152,987,229,two_stage
468,195.254,242.18079999999966,646.7544999999988,46.92679999999967,1.2547000000000086,47.43989999999968,4631,103,two_stage
469,196.004,196.03259999999983,646.7544999999988,0.028599999999840975,1.6362000000000032,0.1887999999998442,1102,205,two_stage
470,196.004,232.83019999999973,646.7544999999988,36.826199999999744,1.2962999999999991,37.29449999999974,4183,115,two_stage
471,196.096,196.19279999999983,646.7544999999988,0.09679999999983124,2.3408000000000087,0.22719999999983997,804,307,two_stage
472,196.245,196.32319999999984,646.7544999999988,0.07819999999983906,2.263299999999995,0.16709999999983438,389,302,two_stage
473,196.263,196.41209999999984,646.7544999999988,0.1490999999998337,0.7902999999999891,0.2985999999998228,995,89,two_stage
474,196.767,196.90649999999982,646.7544999999988,0.13949999999982765,2.596500000000006,0.2663999999998339,769,343,two_stage
475,197.403,197.5643999999998,646.7544999999988,0.1613999999998157,3.667700000000011,0.322699999999827,1113,487,two_stage
476,197.575,204.49289999999982,646.7544999999988,6.9178999999998325,4.284400000000011,7.163099999999844,1952,561,two_stage
477,197.575,199.4848999999998,646.7544999999988,1.9098999999998227,1.4692999999999898,2.1047999999998126,1449,177,two_stage
478,197.99,198.19079999999983,646.7544999999988,0.20079999999981624,0.9858999999999888,0.3442999999998051,935,117,two_stage
479,198.003,198.0893999999998,646.7544999999988,0.08639999999982706,1.1310000000000124,0.18779999999983943,514,143,two_stage
480,198.007,209.66889999999987,646.7544999999988,11.66189999999986,2.861799999999991,12.046899999999852,3350,344,two_stage
481,198.062,198.3342999999998,646.7544999999988,0.27229999999980237,0.5307999999999973,0.45029999999979964,1280,49,two_stage
482,198.256,274.3977999999996,646.7544999999988,76.14179999999962,3.0286999999999806,77.0752999999996,8835,291,two_stage
483,198.256,229.48409999999976,646.7544999999988,31.228099999999756,3.3987999999999907,31.689299999999747,4112,408,two_stage
484,198.551,253.1276999999997,532.9001,54.576699999999704,0.8718999999999886,55.31179999999969,6851,19,two_stage
485,198.701,200.27219999999983,646.7544999999988,1.571199999999834,0.6932000000000111,1.7675999999998453,1464,69,two_stage
486,198.801,201.73889999999986,608.6376999999993,2.937899999999871,0.4041999999999897,3.140499999999861,1526,28,two_stage
487,199.009,199.0859999999998,646.7544999999988,0.07699999999982765,0.521199999999995,0.19499999999982265,680,56,two_stage
488,199.394,199.3972999999998,646.7544999999988,0.00329999999979691,0.346800000000009,0.09089999999980591,376,36,two_stage
489,199.586,199.6797999999998,646.7544999999988,0.0937999999997885,2.6016000000000012,0.2761999999997897,1324,336,two_stage
490,199.749,199.8621999999998,646.7544999999988,0.11319999999980723,1.3613000000000142,0.20009999999982142,369,177,two_stage
491,199.997,200.14549999999983,646.7544999999988,0.14849999999981378,3.1002999999999994,0.27519999999981337,767,413,two_stage
492,200.394,200.46859999999984,533.7016,0.07459999999983324,0.22429999999999403,0.1548999999998273,303,20,two_stage
493,200.554,205.63659999999982,646.7544999999988,5.082599999999815,3.6849000000000025,5.412299999999817,2797,466,two_stage
494,200.688,207.13759999999985,646.7544999999988,6.449599999999862,2.6851000000000087,6.81629999999987,3167,322,two_stage
495,200.83,201.01929999999984,526.7114000000003,0.18929999999983238,0.1535000000000017,0.32119999999983406,819,3,two_stage
496,200.893,200.94359999999983,646.7544999999988,0.050599999999832335,0.4501000000000119,0.1262999999998442,257,52,two_stage
497,201.301,201.54249999999985,646.7544999999988,0.24149999999985994,0.8012000000000112,0.43789999999987117,1464,84,two_stage
498,201.334,201.34919999999985,646.7544999999988,0.015199999999850888,0.6180999999999937,0.20849999999984448,1433,59,two_stage
499,201.817,201.94149999999985,646.7544999999988,0.1244999999998413,3.7135999999999973,0.25969999999983884,852,497,two_stage
500,201.893,204.98339999999982,610.0899999999992,3.0903999999998177,0.45899999999998986,3.3477999999998076,2074,28,two_stage
501,202.069,221.97069999999985,646.7544999999988,19.901699999999863,1.6878000000000022,20.336699999999865,3850,174,two_stage
502,202.096,211.24989999999983,646.7544999999988,9.153899999999823,1.0990000000000024,9.540099999999825,3362,99,two_stage
503,202.335,202.83149999999983,646.7544999999988,0.49649999999982697,2.523599999999988,0.629699999999815,832,332,two_stage
504,202.335,202.51129999999984,536.8579000000004,0.17629999999982715,0.2598000000000007,0.2704999999998279,442,23,two_stage
505,202.52,202.60549999999984,646.7544999999988,0.0854999999998256,3.4827999999999943,0.19149999999982015,560,469,two_stage
506,202.694,202.71149999999983,646.7544999999988,0.017499999999841975,2.7048000000000045,0.13749999999984652,700,359,two_stage
507,202.802,203.79789999999983,587.3802000000014,0.9958999999998355,0.40759999999999535,1.2234999999998308,1776,25,two_stage
508,202.992,259.66949999999974,646.7544999999988,56.67749999999975,2.716999999999996,57.60889999999975,8814,248,two_stage
509,203.042,203.19229999999982,646.7544999999988,0.1502999999998167,0.8228000000000112,0.3466999999998279,1464,87,two_stage
510,203.323,205.32769999999982,646.7544999999988,2.004699999999815,3.232099999999994,2.313599999999809,2589,406,two_stage
511,203.323,203.38869999999983,646.7544999999988,0.06569999999982201,1.7924999999999902,0.22379999999981237,1081,227,two_stage
512,203.332,203.63079999999982,646.7544999999988,0.2987999999998294,0.7431000000000049,0.46589999999983434,1171,80,two_stage
513,203.501,203.54679999999982,646.7544999999988,0.0457999999998151,0.9048000000000032,0.12979999999981828,340,114,two_stage
514,203.698,219.10949999999988,646.7544999999988,15.411499999999876,1.0348000000000068,15.841499999999883,3800,84,two_stage
515,204.573,222.60369999999986,646.7544999999988,18.030699999999854,3.721999999999986,18.46949999999984,3888,456,two_stage
516,204.75,226.2642999999998,646.7544999999988,21.514299999999793,2.622699999999989,21.96259999999978,3983,302,two_stage
517,205.023,227.60649999999978,646.7544999999988,22.583499999999788,3.776600000000007,23.040899999999795,4074,461,two_stage
518,205.148,205.2407999999998,646.7544999999988,0.09279999999981214,0.6557000000000142,0.17969999999982633,369,79,two_stage
519,205.577,241.25499999999968,646.7544999999988,35.677999999999685,3.655299999999988,36.17249999999967,4445,439,two_stage
520,205.794,206.04199999999983,590.440900000001,0.24799999999981992,0.3423000000000045,0.4030999999998244,1051,26,two_stage
521,205.806,205.96629999999982,646.7544999999988,0.1602999999998076,0.42850000000001187,0.23599999999981947,257,49,two_stage
522,206.323,206.79499999999985,590.6281000000009,0.4719999999998379,0.3365000000000109,0.6212999999998488,993,26,two_stage
523,206.446,206.54049999999984,646.7544999999988,0.09449999999984016,0.5940999999999965,0.2133999999998366,689,66,two_stage
524,206.491,265.4326999999997,646.7544999999988,58.94169999999971,2.940499999999978,59.87339999999969,8817,279,two_stage
525,206.542,206.94429999999986,646.7544999999988,0.40229999999985466,0.5964999999999936,0.5955999999998483,1433,56,two_stage
526,206.574,206.65939999999983,610.2915999999992,0.08539999999982228,0.3372000000000108,0.2209999999998331,856,28,two_stage
527,206.595,255.0307999999997,646.7544999999988,48.43579999999969,2.044600000000008,49.270799999999696,7850,168,two_stage
528,207.041,237.79649999999972,646.7544999999988,30.755499999999728,1.6305999999999885,31.226899999999716,4214,161,two_stage
529,207.194,207.69019999999986,591.249000000001,0.49619999999987385,0.3494999999999877,0.6584999999998615,1123,26,two_stage
530,207.298,207.57959999999986,646.7544999999988,0.2815999999998553,0.6002000000000052,0.39219999999986044,606,68,two_stage
531,207.442,207.50429999999986,646.7544999999988,0.06229999999985125,0.3704999999999986,0.13759999999984984,253,41,two_stage
532,207.709,207.85249999999985,646.7544999999988,0.14349999999984675,0.3924000000000085,0.2190999999998553,256,44,two_stage
533,207.808,208.08929999999987,533.8456,0.28129999999987376,0.31710000000000516,0.4543999999998789,1231,20,two_stage
534,207.823,207.92809999999986,591.522700000001,0.10509999999985098,0.34840000000000804,0.266299999999859,1112,26,two_stage
535,208.207,208.26239999999987,646.7544999999988,0.05539999999987799,0.7282999999999916,0.22209999999986962,1167,78,two_stage
536,208.238,208.42909999999986,591.709900000001,0.1910999999998637,0.3658999999999921,0.3697999999998558,1287,26,two_stage
537,208.332,208.73969999999986,646.7544999999988,0.4076999999998634,0.8341000000000066,0.64419999999987,1865,83,two_stage
538,208.575,208.60779999999986,612.6828999999991,0.032799999999866714,0.3335000000000017,0.1646999999998684,819,28,two_stage
539,208.901,208.97619999999986,591.8971000000009,0.07519999999985316,0.35389999999999167,0.2418999999998448,1167,26,two_stage
540,209.405,209.52249999999987,646.7544999999988,0.11749999999986471,0.8663999999999998,0.2638999999998646,964,100,two_stage
541,209.83,210.86369999999982,592.0843000000009,1.0336999999998113,0.4176000000000031,1.2640999999998144,1804,26,two_stage
542,209.898,311.79129999999986,646.7544999999988,101.89329999999987,3.1615000000000197,102.85879999999989,9155,305,two_stage
543,209.901,210.05389999999986,646.7544999999988,0.15289999999984616,2.690600000000006,0.2874999999998522,846,355,two_stage
544,209.942,210.18849999999986,646.7544999999988,0.2464999999998554,0.7214000000000016,0.413499999999857,1170,77,two_stage
545,210.056,219.5394999999999,646.7544999999988,9.483499999999879,0.880900000000014,9.917999999999893,3845,62,two_stage
546,210.305,210.35549999999986,646.7544999999988,0.05049999999985744,0.7075999999999866,0.19649999999984402,960,78,two_stage
547,210.398,210.50149999999985,532.2305,0.10349999999985471,0.22339999999998744,0.19729999999984216,438,18,two_stage
548,210.509,210.59529999999984,646.7544999999988,0.08629999999985216,1.9126999999999947,0.1845999999998469,483,252,two_stage
549,210.594,210.69359999999983,613.2248999999991,0.09959999999983893,0.3716999999999908,0.26969999999982974,1201,28,two_stage
550,210.958,211.09409999999983,646.7544999999988,0.13609999999982847,2.963799999999999,0.29189999999982774,1058,390,two_stage
551,211.096,240.34849999999972,646.7544999999988,29.252499999999714,2.4738999999999898,29.724799999999703,4223,278,two_stage
552,211.331,214.17669999999984,621.5170999999987,2.8456999999998516,0.4367000000000053,3.073599999999857,1779,29,two_stage
553,211.598,211.63609999999983,646.7544999999988,0.03809999999981528,0.6829999999999928,0.1234999999998081,354,83,two_stage
554,211.606,211.80899999999983,646.7544999999988,0.20299999999983243,2.991099999999993,0.31409999999982574,611,400,two_stage
555,211.651,213.15829999999985,646.7544999999988,1.5072999999998444,1.0871000000000048,1.7231999999998493,1659,121,two_stage
556,211.708,211.72149999999982,646.7544999999988,0.013499999999822876,0.6491000000000057,0.10099999999982856,375,78,two_stage
557,211.797,212.0369999999998,592.2715000000009,0.23999999999981014,0.33450000000000135,0.38729999999981146,973,26,two_stage
558,211.897,211.92009999999982,646.7544999999988,0.023099999999828924,1.074499999999987,0.13999999999981583,669,133,two_stage
559,211.991,212.1842999999998,646.7544999999988,0.19329999999979464,0.6428000000000111,0.38969999999980587,1464,62,two_stage
560,212.073,212.96189999999984,646.7544999999988,0.8888999999998362,0.8084000000000112,1.0852999999998474,1464,85,two_stage
561,212.198,227.1519999999998,646.7544999999988,14.95399999999978,2.736899999999996,15.408499999999776,4045,317,two_stage
562,212.207,212.38069999999982,592.4587000000008,0.1736999999998261,0.32970000000001254,0.3161999999998386,925,26,two_stage
563,212.207,212.63649999999984,613.5969999999991,0.4294999999998481,0.35479999999999823,0.5826999999998463,1032,28,two_stage
564,212.241,212.78969999999984,646.7544999999988,0.5486999999998261,1.3746000000000036,0.7208999999998298,1222,167,two_stage
565,212.506,212.52319999999983,646.7544999999988,0.017199999999832016,3.079700000000009,0.13049999999984152,633,412,two_stage
566,212.698,266.49699999999973,646.7544999999988,53.79899999999972,3.242899999999978,54.7306999999997,8817,321,two_stage
567,213.194,213.37419999999986,601.5039999999996,0.18019999999987135,0.4191999999999877,0.40499999999985903,1748,27,two_stage
568,213.24,216.47059999999988,646.7544999999988,3.2305999999998676,1.267699999999993,3.6558999999998605,3753,117,two_stage
569,213.457,213.75289999999984,646.7544999999988,0.29589999999984684,0.9492999999999936,0.48919999999984043,1433,105,two_stage
570,213.574,213.59899999999985,613.798599999999,0.024999999999835154,0.35549999999999304,0.1788999999998282,1039,28,two_stage
571,213.823,214.04119999999983,646.7544999999988,0.21819999999982542,0.3803000000000075,0.3536999999998329,855,34,two_stage
572,213.842,213.94619999999983,646.7544999999988,0.1041999999998211,1.7581999999999989,0.19919999999981997,450,231,two_stage
573,214.045,254.2818999999997,646.7544999999988,40.23689999999971,1.4328999999999918,40.9857999999997,6989,95,two_stage
574,214.405,214.88649999999987,630.2712999999986,0.48149999999986903,0.4066999999999977,0.6577999999998667,1263,32,two_stage
575,214.458,223.84139999999982,646.7544999999988,9.383399999999824,7.338199999999989,9.823999999999813,3906,958,two_stage
576,214.458,214.79789999999986,646.7544999999988,0.339899999999858,0.42700000000001376,0.42849999999987176,386,47,two_stage
577,214.572,215.06279999999987,646.7544999999988,0.4907999999998651,0.4882999999999883,0.7198999999998534,1791,36,two_stage
578,214.648,215.29189999999986,646.7544999999988,0.64389999999986,1.7148999999999972,0.9331999999998573,2393,198,two_stage
579,215.268,215.58119999999985,646.7544999999988,0.3131999999998527,2.499100000000007,0.6378999999998598,2747,302,two_stage
580,215.268,256.2199999999997,646.7544999999988,40.951999999999686,2.061199999999996,41.78919999999968,7872,170,two_stage
581,215.739,249.16019999999972,646.7544999999988,33.421199999999715,1.5674999999999921,34.00229999999971,5311,137,two_stage
582,215.825,215.90589999999986,646.7544999999988,0.08089999999987185,1.3356000000000074,0.27889999999987936,1480,158,two_stage
583,216.042,216.10389999999987,646.7544999999988,0.061899999999866395,0.9252000000000075,0.2598999999998739,1480,101,two_stage
584,216.191,216.30189999999988,646.7544999999988,0.11089999999987299,3.3007000000000013,0.27959999999987417,1187,435,two_stage
585,216.696,216.89589999999987,646.7544999999988,0.19989999999987162,3.5825000000000036,0.45599999999987517,2061,462,two_stage
586,216.869,306.0319999999999,646.7544999999988,89.16299999999993,2.8445999999999882,90.12839999999991,9154,261,two_stage
587,216.943,217.15199999999987,646.7544999999988,0.20899999999986107,0.9695000000000039,0.40089999999986503,1419,108,two_stage
588,217.306,217.34389999999988,646.7544999999988,0.037899999999865486,0.5722999999999898,0.1565999999998553,687,63,two_stage
589,217.322,217.46259999999987,646.7544999999988,0.14059999999986417,5.735599999999999,0.3177999999998633,1272,772,two_stage
590,217.833,218.19789999999986,646.7544999999988,0.36489999999986367,0.7271000000000021,0.5087999999998658,939,81,two_stage
591,217.842,251.7342999999997,646.7544999999988,33.89229999999969,1.3074999999999917,34.558999999999685,6167,89,two_stage
592,217.899,242.69389999999967,646.7544999999988,24.79489999999967,1.1403000000000065,25.308799999999678,4639,87,two_stage
593,217.987,218.06599999999986,526.7330000000003,0.07899999999986562,0.1535000000000017,0.2108999999998673,819,3,two_stage
594,218.405,218.76929999999987,646.7544999999988,0.36429999999987217,2.805700000000004,0.5347999999998763,1205,366,two_stage
595,218.835,218.93979999999988,646.7544999999988,0.10479999999986944,4.799300000000006,0.2744999999998754,1197,643,two_stage
596,219.069,225.2613999999998,646.7544999999988,6.192399999999822,2.1864999999999917,6.636499999999813,3941,242,two_stage
597,219.571,220.0735999999999,646.7544999999988,0.5025999999999158,2.439899999999986,0.6168999999999016,643,323,two_stage
598,219.584,220.2988999999999,583.4314000000007,0.7148999999998864,0.2970999999999884,0.8463999999998748,815,23,two_stage
599,219.617,219.9739999999999,646.7544999999988,0.35699999999991405,2.1516000000000095,0.4565999999999235,496,285,two_stage
600,220.149,220.1878999999999,646.7544999999988,0.03889999999989868,2.05499999999999,0.14989999999988868,610,270,two_stage
601,220.268,220.43039999999988,646.7544999999988,0.1623999999998773,3.3211000000000004,0.4594999999998777,2471,420,two_stage
602,220.394,244.13559999999967,646.7544999999988,23.741599999999664,1.0485000000000095,24.257299999999674,4657,74,two_stage
603,220.493,220.72749999999988,646.7544999999988,0.23449999999988336,0.4748999999999969,0.4141999999998802,1297,41,two_stage
604,220.518,262.7525999999997,646.7544999999988,42.23459999999969,3.1417999999999964,43.165999999999684,8814,307,two_stage
605,220.737,221.23509999999987,646.7544999999988,0.4980999999998801,1.247899999999989,0.7451999999998691,1971,139,two_stage
606,220.792,220.90719999999988,646.7544999999988,0.11519999999987363,0.4403000000000057,0.2026999999998793,375,49,two_stage
607,220.841,220.99469999999988,646.7544999999988,0.15369999999987272,0.4929999999999865,0.2722999999998592,686,52,two_stage
608,220.957,221.11329999999987,646.7544999999988,0.15629999999987376,2.9154000000000075,0.2780999999998812,718,388,two_stage
609,221.259,221.48219999999986,531.0803000000003,0.22319999999987772,0.3008000000000054,0.41599999999988313,1428,15,two_stage
610,221.491,221.79709999999986,646.7544999999988,0.3060999999998444,3.118399999999993,0.4796999999998377,1236,409,two_stage
611,221.502,221.67499999999987,533.0369,0.1729999999998597,0.25889999999998903,0.2950999999998487,721,19,two_stage
612,222.238,222.40569999999985,646.7544999999988,0.1676999999998543,1.1124000000000076,0.3656999999998618,1480,127,two_stage
613,222.655,223.43719999999982,646.7544999999988,0.7821999999998184,1.1173000000000046,0.9706999999998231,1385,129,two_stage
614,222.894,223.04249999999985,646.7544999999988,0.1484999999998422,1.2292999999999863,0.24739999999982842,489,157,two_stage
615,222.901,223.14139999999983,646.7544999999988,0.24039999999982342,1.127499999999996,0.41749999999981924,1271,132,two_stage
616,223.25,223.31849999999983,646.7544999999988,0.0684999999998297,0.4498999999999898,0.1871999999998195,687,46,two_stage
617,223.32,231.76949999999974,646.7544999999988,8.449499999999745,3.712599999999988,8.914899999999733,4154,451,two_stage
618,223.406,223.62569999999982,528.2583000000003,0.21969999999981837,0.2732999999999982,0.4353999999998166,1657,8,two_stage
619,223.893,248.5835999999997,646.7544999999988,24.690599999999705,1.2678000000000134,25.26719999999972,5266,96,two_stage
620,223.958,224.2819999999998,526.7546000000003,0.3239999999998133,0.1535000000000017,0.455899999999815,819,3,two_stage
621,224.251,224.4138999999998,646.7544999999988,0.16289999999980864,3.2872000000000057,0.5628999999998143,3500,401,two_stage
622,224.456,224.81389999999982,526.4377999999998,0.35789999999983024,0.13959999999998987,0.4902999999998201,824,1,two_stage
623,224.846,224.9462999999998,533.9896,0.10029999999980532,0.2658000000000075,0.22209999999981278,718,20,two_stage
624,224.989,225.06809999999982,646.7544999999988,0.0790999999998121,0.7260999999999935,0.2723999999998057,1433,74,two_stage
625,225.347,225.8369999999998,646.7544999999988,0.4899999999997817,1.4569000000000025,0.9172999999997842,3773,143,two_stage
626,225.456,225.7054999999998,583.5970000000008,0.24949999999981287,0.2970999999999884,0.3809999999998013,815,23,two_stage
627,225.656,230.59149999999974,646.7544999999988,4.935499999999735,3.5224000000000024,5.397899999999737,4124,425,two_stage
628,226.082,249.7412999999997,646.7544999999988,23.659299999999718,0.8458000000000108,24.26749999999973,5582,33,two_stage
629,226.394,226.71259999999978,646.7544999999988,0.3185999999997762,3.0206999999999913,0.4304999999997676,619,404,two_stage
630,226.488,226.98479999999978,646.7544999999988,0.4967999999997801,0.7072000000000083,0.6639999999997883,1172,75,two_stage
631,226.59,226.82449999999977,646.7544999999988,0.23449999999976967,0.8083000000000066,0.3947999999997762,1103,90,two_stage
632,227.337,228.0638999999998,646.7544999999988,0.7268999999998016,3.0936999999999863,1.1853999999997882,4085,366,two_stage
633,228.209,228.72039999999978,646.7544999999988,0.5113999999997816,0.8163999999999954,0.7877999999997769,2264,75,two_stage
634,228.24,228.52239999999978,646.7544999999988,0.28239999999976817,1.1124000000000076,0.4803999999997757,1480,127,two_stage
635,228.742,228.99679999999978,646.7544999999988,0.25479999999978986,3.253199999999986,0.33999999999977604,352,440,two_stage
636,229.003,229.08199999999977,646.7544999999988,0.07899999999978036,0.5309999999999946,0.16359999999977504,346,62,two_stage
637,229.005,229.28549999999976,646.7544999999988,0.28049999999976194,3.013799999999999,0.47909999999976094,1486,391,two_stage
638,229.092,229.16659999999976,585.2994000000009,0.07459999999974798,0.29169999999999646,0.19349999999974443,689,24,two_stage
639,229.577,232.23489999999973,646.7544999999988,2.657899999999728,3.446499999999998,3.123599999999726,4157,414,two_stage
640,229.749,229.94529999999975,646.7544999999988,0.19629999999975212,1.840900000000004,0.3667999999997562,1205,232,two_stage
641,229.904,230.11579999999975,646.7544999999988,0.21179999999975507,0.8238999999999861,0.5820999999997412,3203,63,two_stage
642,230.334,230.48609999999974,646.7544999999988,0.15209999999973434,2.035000000000003,0.2574999999997374,554,268,two_stage
643,230.459,239.21479999999974,646.7544999999988,8.755799999999738,1.1481999999999886,9.227199999999726,4214,94,two_stage
644,230.903,231.05389999999974,646.7544999999988,0.15089999999975134,1.1853999999999913,0.24909999999974275,482,151,two_stage
645,230.988,231.26509999999973,646.7544999999988,0.27709999999973434,0.465700000000012,0.5051999999997463,1781,33,two_stage
646,231.002,231.15209999999973,646.7544999999988,0.1500999999997248,2.4313999999999996,0.26309999999972433,630,322,two_stage
647,231.408,231.61639999999974,646.7544999999988,0.2083999999997559,1.5282999999999949,0.3614999999997508,1031,191,two_stage
648,231.456,231.49319999999975,646.7544999999988,0.03719999999975698,2.743999999999997,0.16039999999975407,732,364,two_stage
649,232.486,232.70059999999972,646.7544999999988,0.21459999999973434,2.3328000000000104,0.34419999999974493,796,306,two_stage
650,232.987,233.43039999999974,646.7544999999988,0.4433999999997411,3.770500000000004,0.6138999999997452,1205,500,two_stage
651,232.987,258.66609999999974,646.7544999999988,25.67909999999975,3.1059000000000037,26.560199999999753,8311,309,two_stage
652,233.0,233.60089999999974,646.7544999999988,0.60089999999974,2.85909999999999,0.77439999999973,1235,373,two_stage
653,233.042,233.29849999999973,526.6178000000001,0.2564999999997326,0.14630000000000168,0.3883999999997343,819,2,two_stage
654,233.353,233.77439999999973,646.7544999999988,0.42139999999972133,2.9247999999999967,0.7397999999997182,2684,362,two_stage
655,233.456,234.09279999999973,646.7544999999988,0.636799999999738,2.0896000000000026,1.0991999999997404,4124,226,two_stage
656,234.49,234.55519999999973,646.7544999999988,0.06519999999972015,1.6038999999999928,0.164299999999713,491,209,two_stage
657,234.99,235.65319999999974,646.7544999999988,0.6631999999997333,3.9004000000000065,0.9347999999997398,2216,504,two_stage
658,234.991,235.45549999999974,646.7544999999988,0.464499999999731,2.8184999999999976,0.6621999999997286,1477,364,two_stage
659,235.041,235.28239999999974,646.7544999999988,0.24139999999974293,3.391500000000005,0.41449999999974807,1231,447,two_stage
660,235.072,236.03579999999974,646.7544999999988,0.9637999999997362,8.1722,1.4175999999997373,4038,1072,two_stage
661,235.082,235.12299999999973,646.7544999999988,0.04099999999974102,7.359400000000005,0.20039999999974611,1094,1000,two_stage
662,235.692,235.92479999999975,646.7544999999988,0.23279999999974166,1.8461999999999898,0.34379999999973165,610,241,two_stage
663,236.082,236.48959999999974,529.6186999999999,0.4075999999997464,0.14009999999998696,0.47569999999973334,181,10,two_stage
664,236.155,236.55769999999973,526.7762000000004,0.40269999999972583,0.1535000000000017,0.5345999999997275,819,3,two_stage
665,236.291,245.11089999999967,646.7544999999988,8.819899999999677,3.9629999999999996,9.341299999999677,4714,478,two_stage
666,236.655,236.68959999999973,646.7544999999988,0.034599999999727515,2.1653000000000047,0.4790999999997325,3945,239,two_stage
667,237.492,237.60519999999974,528.3159000000003,0.11319999999975039,0.1259999999999969,0.1815999999997473,184,8,two_stage
668,237.654,237.67359999999974,646.7544999999988,0.019599999999741158,3.168499999999987,0.1424999999997283,729,423,two_stage
669,237.907,238.2678999999997,592.6459000000008,0.36089999999970246,0.4159000000000035,0.5895999999997059,1787,26,two_stage
670,238.403,238.59369999999973,646.7544999999988,0.19069999999973675,1.1133000000000024,0.3679999999997392,1273,130,two_stage
671,238.404,238.49659999999972,646.7544999999988,0.09259999999972024,1.5947000000000118,0.18969999999973197,471,208,two_stage
672,238.601,238.77099999999973,526.4449999999998,0.1699999999997317,0.10549999999999472,0.2682999999997264,483,1,two_stage
673,238.693,238.86929999999973,585.472200000001,0.17629999999971346,0.4041000000000045,0.40759999999971797,1813,24,two_stage
674,239.084,239.10059999999973,646.7544999999988,0.016599999999726833,3.642200000000011,0.1307999999997378,642,490,two_stage
675,239.149,375.70319999999975,646.7544999999988,136.55419999999975,3.264499999999979,137.52189999999973,9177,319,two_stage
676,239.317,239.82649999999973,646.7544999999988,0.5094999999997185,2.553200000000001,0.8810999999997193,3216,303,two_stage
677,239.487,239.68619999999973,646.7544999999988,0.1991999999997347,0.37789999999999635,0.339499999999731,903,33,two_stage
678,240.09,240.19809999999973,527.1650000000009,0.1080999999997232,0.1001999999999996,0.17229999999972279,142,5,two_stage
679,240.249,240.26229999999973,646.7544999999988,0.013299999999730971,0.885399999999991,0.09949999999972192,362,111,two_stage
680,240.749,240.8207999999997,646.7544999999988,0.07179999999971187,0.816699999999986,0.44209999999969796,3203,62,two_stage
681,241.0,241.1910999999997,646.7544999999988,0.19109999999969318,3.6926999999999897,0.2549999999996828,139,504,two_stage
682,241.487,241.74949999999967,646.7544999999988,0.262499999999676,2.8259000000000065,0.3739999999996826,615,377,two_stage
683,241.593,241.86099999999968,646.7544999999988,0.26799999999968804,4.272599999999986,0.5877999999996746,2698,549,two_stage
684,241.957,252.4009999999997,646.7544999999988,10.443999999999704,4.384299999999994,11.170699999999698,6767,508,two_stage
685,242.751,243.20779999999968,646.7544999999988,0.45679999999967436,2.161499999999987,0.5950999999996611,883,281,two_stage
686,243.739,243.86119999999966,587.5602000000014,0.12219999999965125,0.4544000000000142,0.39659999999966544,2244,25,two_stage
687,244.151,244.75999999999968,646.7544999999988,0.6089999999996678,2.6425999999999967,0.7963999999996645,1374,341,two_stage
688,244.651,244.65129999999968,646.7544999999988,0.00029999999966889845,0.8934999999999989,0.10899999999966781,587,109,two_stage
689,244.852,244.94739999999967,526.4521999999998,0.09539999999967108,0.10549999999999472,0.1936999999996658,483,1,two_stage
690,244.958,245.04569999999967,585.645000000001,0.08769999999967126,0.23800000000000437,0.15289999999967563,152,24,two_stage
691,245.397,245.80379999999968,646.7544999999988,0.4067999999996914,3.7735999999999934,0.5803999999996847,1236,500,two_stage
692,245.438,245.63229999999967,646.7544999999988,0.19429999999968572,3.505100000000009,0.3657999999996946,1215,463,two_stage
693,245.457,246.4669999999997,646.7544999999988,1.0099999999997067,2.9144999999999897,1.4548999999996965,3949,343,two_stage
694,245.489,246.0530999999997,624.1788999999986,0.5640999999996836,0.3936000000000124,0.741699999999696,1276,30,two_stage
695,245.542,246.2306999999997,646.7544999999988,0.6886999999996988,2.3314999999999997,0.9249999999996987,1863,291,two_stage
696,245.942,245.97739999999968,585.8178000000011,0.03539999999966881,0.24850000000001188,0.11109999999968068,257,24,two_stage
697,247.042,247.4661999999997,646.7544999999988,0.4241999999997006,1.9807999999999932,0.5977999999996939,1236,251,two_stage
698,247.138,247.7872999999997,646.7544999999988,0.6492999999996982,3.1475999999999966,1.0104999999996949,3112,387,two_stage
699,247.522,247.6397999999997,646.7544999999988,0.11779999999970414,3.171500000000008,0.2652999999997121,975,420,two_stage
700,247.652,248.1484999999997,646.7544999999988,0.4964999999997133,2.1631000000000054,0.9315999999997189,3851,240,two_stage
701,247.802,512.7874999999997,646.7544999999988,264.98549999999966,20.334899999999948,276.6011999999996,115657,1211,two_stage
702,250.207,250.5418999999997,646.7544999999988,0.3348999999997204,4.9604,0.5360999999997205,1512,661,two_stage
703,250.246,250.34949999999972,646.7544999999988,0.1034999999997126,3.439599999999992,0.29589999999970473,1424,451,two_stage
704,250.65,250.7430999999997,646.7544999999988,0.09309999999970842,5.664900000000004,0.300399999999712,1573,758,two_stage
705,250.812,250.95039999999972,646.7544999999988,0.13839999999970587,0.6390999999999993,0.25909999999970523,707,72,two_stage
706,253.151,253.86279999999968,646.7544999999988,0.7117999999996698,3.2186000000000123,1.0143999999996822,2526,405,two_stage
707,254.002,254.1653999999997,646.7544999999988,0.16339999999968313,3.046900000000002,0.2798999999996852,665,407,two_stage
708,255.253,255.8657999999997,646.7544999999988,0.6127999999997087,3.7237999999999913,0.9669999999997003,3042,468,two_stage
709,256.303,257.6321999999997,534.1336,1.3291999999997302,0.7209999999999982,1.9061999999997283,5270,20,two_stage
710,256.401,257.0571999999997,646.7544999999988,0.6561999999996715,3.005700000000018,0.7962999999996896,901,398,two_stage
711,256.693,257.1972999999997,646.7544999999988,0.5042999999997164,1.9469000000000274,0.9391999999997438,3849,210,two_stage
712,257.749,258.2091999999997,646.7544999999988,0.46019999999970196,0.32520000000000904,0.547799999999711,376,33,two_stage
713,257.792,258.29679999999973,646.7544999999988,0.5047999999997614,2.0528000000000217,0.6783999999997832,1236,261,two_stage
714,258.239,258.47039999999976,646.7544999999988,0.23139999999978045,0.8292999999999879,0.42709999999976844,1457,88,two_stage
715,258.759,259.54719999999975,646.7544999999988,0.7881999999997333,2.9662999999999955,0.910499999999729,723,395,two_stage
716,259.721,260.60089999999974,646.7544999999988,0.8798999999997363,1.4262000000000008,0.9740999999997371,442,185,two_stage
717,259.737,260.69509999999974,646.7544999999988,0.9580999999997175,0.42459999999997555,1.087499999999693,794,41,two_stage
718,259.948,260.8244999999997,646.7544999999988,0.8764999999997372,1.1123999999999792,1.0744999999997162,1480,127,two_stage
719,260.471,261.0224999999997,646.7544999999988,0.5514999999996917,1.256199999999978,0.8932999999996696,2918,127,two_stage
720,260.491,262.3105999999997,646.7544999999988,1.8195999999996957,2.350000000000007,2.261599999999703,3920,265,two_stage
721,260.72,261.3642999999997,646.7544999999988,0.6442999999996459,1.477600000000001,1.070699999999647,3764,146,two_stage
722,261.588,261.7906999999997,646.7544999999988,0.20269999999965194,2.791599999999997,0.3806999999996492,1280,363,two_stage
723,261.689,262.0953999999997,646.7544999999988,0.40639999999967813,0.9063999999999817,0.6215999999996598,1652,96,two_stage
724,261.869,261.96869999999967,646.7544999999988,0.0996999999996433,0.666700000000028,0.2263999999996713,767,75,two_stage
725,262.842,263.8575999999997,526.7978000000004,1.015599999999722,0.19590000000001656,1.1898999999997386,1243,3,two_stage
726,263.24,263.6839999999997,646.7544999999988,0.44399999999967577,2.7584000000000217,0.6175999999996975,1236,359,two_stage
727,263.56,264.0318999999997,646.7544999999988,0.4718999999997209,3.8024000000000115,0.6742999999997323,1524,500,two_stage
728,264.005,264.23429999999973,621.9191999999987,0.22929999999973916,0.4447000000000151,0.46519999999975425,1859,29,two_stage
729,264.338,264.47019999999975,646.7544999999988,0.13219999999972742,0.5301000000000169,0.38869999999974425,2065,38,two_stage
730,264.708,265.20569999999975,528.3735000000003,0.4976999999997247,0.28459999999997543,0.7246999999997001,1770,8,two_stage
731,264.716,264.72669999999977,646.7544999999988,0.010699999999758347,0.49239999999999906,0.23669999999975744,1760,37,two_stage
732,264.94,265.02819999999974,646.7544999999988,0.0881999999997447,2.315900000000009,0.2656999999997538,1275,297,two_stage
733,264.94,264.95269999999977,535.7792000000003,0.012699999999767897,0.2338999999999768,0.0881999999997447,255,22,two_stage
734,265.968,272.7882999999997,646.7544999999988,6.8202999999996905,3.0630999999999844,7.752199999999675,8819,296,two_stage
735,266.093,266.3643999999997,646.7544999999988,0.2713999999996872,0.6438000000000249,0.40399999999971214,826,71,two_stage
736,266.441,436.1799999999998,646.7544999999988,169.7389999999998,11.106100000000005,171.2690999999998,14801,1330,two_stage
737,266.957,267.7377999999997,614.000199999999,0.780799999999715,0.368099999999985,0.9472999999997,1165,28,two_stage
738,266.988,269.9353999999997,646.7544999999988,2.947399999999675,2.259199999999978,3.773799999999653,7764,199,two_stage
739,267.025,267.5831999999997,592.8331000000007,0.5581999999997151,0.3418000000000163,0.7127999999997314,1046,26,two_stage
740,267.114,267.4286999999997,614.201799999999,0.31469999999973197,0.35609999999998454,0.4691999999997165,1045,28,two_stage
741,267.208,268.7972999999997,646.7544999999988,1.589299999999696,7.110599999999979,1.8814999999996758,2422,947,two_stage
742,267.335,269.0894999999997,646.7544999999988,1.754499999999723,1.3964999999999717,2.322999999999695,5185,115,two_stage
743,267.342,268.0803999999997,646.7544999999988,0.7383999999997286,3.4035,0.9378999999997291,1495,445,two_stage
744,267.801,267.9042999999997,646.7544999999988,0.10329999999970596,3.0273000000000194,0.2793999999997254,1261,396,two_stage
745,268.002,268.2798999999997,646.7544999999988,0.27789999999970405,3.037800000000001,0.5364999999997053,2086,386,two_stage
746,268.216,377.2903999999997,646.7544999999988,109.07439999999968,1.984099999999997,110.06489999999968,9405,138,two_stage
747,268.504,268.5384999999997,646.7544999999988,0.034499999999695774,0.532400000000008,0.2932999999997037,2088,38,two_stage
748,268.966,271.2534999999997,646.7544999999988,2.2874999999996817,2.818000000000003,3.2190999999996848,8816,262,two_stage
749,269.523,269.79369999999966,614.5580999999991,0.27069999999963557,0.34330000000001437,0.41239999999964994,917,28,two_stage
750,269.616,269.6579999999997,646.7544999999988,0.04199999999968895,0.5388999999999857,0.17769999999967467,857,56,two_stage
751,270.191,270.91549999999967,646.7544999999988,0.7244999999996935,1.3236000000000239,0.9032999999997173,1288,159,two_stage
752,270.465,270.76179999999965,646.7544999999988,0.29679999999967777,1.5145000000000148,0.4504999999996926,1037,189,two_stage
753,271.046,271.0942999999997,593.4031000000007,0.04829999999969914,0.3463999999999985,0.2074999999996976,1092,26,two_stage
754,271.267,272.2934999999997,528.4311000000002,1.0264999999997144,0.1955000000000019,1.1643999999997163,879,8,two_stage
755,271.688,272.5949999999997,646.7544999999988,0.906999999999698,0.610900000000022,1.10029999999972,1433,58,two_stage
756,271.797,272.1850999999997,646.7544999999988,0.3880999999996675,0.42520000000001734,0.49649999999968486,584,44,two_stage
757,272.063,272.4313999999997,593.5903000000006,0.36839999999972406,0.350799999999974,0.531999999999698,1136,26,two_stage
758,272.956,273.8386999999997,646.7544999999988,0.8826999999996588,1.2388999999999937,1.0271999999996524,945,152,two_stage
759,273.206,274.07629999999966,593.9157000000006,0.870299999999645,0.34219999999997275,1.0252999999996177,1050,26,two_stage
760,273.688,273.7201999999997,646.7544999999988,0.03219999999970469,0.5216999999999832,0.15069999999968786,685,56,two_stage
761,273.771,274.23129999999964,594.1029000000005,0.46029999999962,0.353699999999985,0.626799999999605,1165,26,two_stage
762,273.864,273.98319999999967,646.7544999999988,0.11919999999969377,0.49629999999999264,0.2122999999996864,431,56,two_stage
763,274.502,275.3312999999996,646.7544999999988,0.8292999999995914,6.2376999999999905,1.2493999999995822,3701,808,two_stage
764,275.364,277.3884999999996,530.3675000000001,2.024499999999648,0.5767999999999991,2.500499999999647,4260,14,two_stage
765,275.565,275.7513999999996,624.4987999999986,0.186399999999594,0.41439999999999233,0.38479999999958636,1484,30,two_stage
766,275.816,275.9497999999996,628.9176999999985,0.13379999999961,0.35639999999998795,0.266999999999598,832,31,two_stage
767,275.989,276.0829999999996,646.7544999999988,0.09399999999959618,3.839200000000002,0.5563999999995985,4124,469,two_stage
768,276.216,276.68379999999956,646.7544999999988,0.46779999999955635,3.0824000000000216,0.6413999999995781,1236,404,two_stage
769,276.304,276.5453999999996,531.4187000000002,0.24139999999960082,0.17819999999998817,0.304399999999589,130,16,two_stage
770,276.438,276.8573999999996,646.7544999999988,0.4193999999995981,3.1588999999999894,0.7486999999995874,2793,393,two_stage
771,276.563,276.60839999999956,646.7544999999988,0.04539999999957445,0.3922000000000019,0.12079999999957636,254,44,two_stage
772,276.835,433.43539999999985,646.7544999999988,156.60039999999987,1.792299999999978,157.80949999999984,11591,81,two_stage
773,276.943,277.2626999999996,646.7544999999988,0.31969999999961374,3.0274000000000263,0.4454999999996403,758,403,two_stage
774,277.005,277.1866999999996,646.7544999999988,0.1816999999995801,0.5368000000000218,0.2576999999996019,260,64,two_stage
775,277.444,278.9679999999996,646.7544999999988,1.523999999999603,1.0930000000000097,1.8033999999996126,2294,113,two_stage
776,277.565,278.05939999999964,594.2901000000005,0.49439999999964357,0.41349999999998066,0.7206999999996242,1763,26,two_stage
777,277.565,280.9771999999996,646.7544999999988,3.4121999999995865,3.1870000000000047,4.309599999999591,8474,318,two_stage
778,277.619,277.8644999999996,646.7544999999988,0.24549999999959482,1.2677000000000183,0.4403999999996131,1449,149,two_stage
779,277.944,278.6888999999996,646.7544999999988,0.7448999999995749,1.395100000000028,1.023999999999603,2291,155,two_stage
780,278.195,280.5590999999996,646.7544999999988,2.3640999999996097,1.1740999999999813,2.782199999999591,3681,105,two_stage
781,278.215,278.2856999999996,526.6322000000001,0.07069999999964693,0.14629999999997326,0.2025999999996202,819,2,two_stage
782,278.273,278.4175999999996,646.7544999999988,0.14459999999957063,1.217299999999995,0.3250999999995656,1305,144,two_stage
783,278.506,279.3354999999996,646.7544999999988,0.8294999999996548,3.3465000000000025,1.1591999999996574,2797,419,two_stage
784,278.591,278.5980999999996,646.7544999999988,0.007099999999581996,4.749200000000001,0.09789999999958354,408,647,two_stage
785,278.987,279.9878999999996,646.7544999999988,1.0008999999996036,2.5585999999999878,1.3994999999995912,3486,300,two_stage
786,279.067,279.24739999999963,646.7544999999988,0.1803999999996222,0.7288999999999972,0.2684999999996194,381,89,two_stage
787,279.295,304.1182999999999,646.7544999999988,24.823299999999904,3.336499999999978,25.75499999999988,8817,334,two_stage
788,279.364,279.66519999999963,646.7544999999988,0.3011999999996533,0.39890000000001374,0.37609999999966703,249,45,two_stage
789,279.445,279.74009999999964,614.9560999999991,0.29509999999964975,0.3603000000000103,0.45379999999966003,1087,28,two_stage
790,279.746,279.89879999999965,646.7544999999988,0.1527999999996723,0.7010999999999735,0.24189999999964584,391,85,two_stage
791,280.114,280.3864999999996,646.7544999999988,0.2724999999996385,0.4144999999999967,0.3485999999996352,261,47,two_stage
792,280.25,280.4625999999996,646.7544999999988,0.2125999999996111,1.2412999999999919,0.3090999999996029,465,159,two_stage
793,281.218,281.8745999999996,646.7544999999988,0.6565999999995711,0.5362999999999898,0.7752999999995609,687,58,two_stage
794,281.239,282.88879999999955,646.7544999999988,1.6497999999995727,1.1466000000000207,2.1195999999995934,4198,94,two_stage
795,281.715,281.9932999999996,646.7544999999988,0.27829999999960364,3.128599999999986,0.47649999999958936,1482,407,two_stage
796,282.004,282.19149999999956,646.7544999999988,0.18749999999954525,0.5861999999999982,0.5144999999995434,2770,36,two_stage
797,282.094,282.51849999999956,646.7544999999988,0.42449999999956844,1.205499999999986,0.7947999999995545,3203,116,two_stage
798,282.963,283.5788999999996,646.7544999999988,0.6158999999995558,0.46530000000002436,0.7715999999995802,1057,43,two_stage
799,283.046,283.35859999999957,646.7544999999988,0.312599999999577,3.4919999999999924,0.41339999999956945,508,471,two_stage
800,283.297,283.7345999999996,646.7544999999988,0.437599999999577,0.899500000000007,0.609899999999584,1223,101,two_stage
801,283.447,284.1702999999996,646.7544999999988,0.7232999999995968,1.7782000000000089,1.4358999999996058,6626,148,two_stage
802,283.448,283.45939999999956,646.7544999999988,0.011399999999582633,0.5011000000000163,0.130899999999599,695,53,two_stage
803,283.901,283.9068999999996,646.7544999999988,0.005899999999599004,7.3698000000000095,0.17569999999960828,1198,1000,two_stage
804,283.943,284.0766999999996,646.7544999999988,0.1336999999996351,1.8863999999999808,0.22729999999961592,436,249,two_stage
805,284.688,285.0621999999996,646.7544999999988,0.3741999999996324,2.4355000000000167,0.5056999999996492,815,320,two_stage
806,284.799,285.75959999999964,646.7544999999988,0.9605999999996584,1.0470999999999862,1.3308999999996445,3203,94,two_stage
807,284.821,284.8828999999996,585.9906000000011,0.06189999999958218,0.294899999999989,0.18399999999957117,721,24,two_stage
808,284.822,287.3611999999996,646.7544999999988,2.539199999999596,1.255900000000025,3.039099999999621,4499,105,two_stage
809,284.868,285.51699999999965,646.7544999999988,0.6489999999996598,1.0993999999999817,0.8915999999996416,1926,119,two_stage
810,284.94,285.34649999999965,646.7544999999988,0.40649999999965303,3.770500000000004,0.5769999999996571,1205,500,two_stage
811,284.991,285.0049999999996,527.9559000000005,0.0139999999996121,0.10040000000002301,0.07119999999963511,72,6,two_stage
812,284.991,285.19369999999964,646.7544999999988,0.20269999999965194,3.0832000000000135,0.3554999999996653,1028,407,two_stage
813,285.944,286.1298999999996,527.0426000000008,0.18589999999960582,0.305099999999992,0.4621999999995978,2263,4,two_stage
814,286.217,286.4061999999996,646.7544999999988,0.1891999999996301,0.5434000000000019,0.264599999999632,254,65,two_stage
815,286.246,286.6806999999996,646.7544999999988,0.43469999999962283,3.038600000000012,0.5788999999996349,942,402,two_stage
816,286.323,286.4815999999996,646.7544999999988,0.15859999999963748,0.4567000000000101,0.26249999999964757,539,49,two_stage
817,286.499,286.5854999999996,646.7544999999988,0.086499999999603,1.974399999999977,0.1816999999995801,452,261,two_stage
818,286.688,286.8248999999996,646.7544999999988,0.13689999999962765,0.3254999999999906,0.2247999999996182,379,33,two_stage
819,286.798,286.9127999999996,646.7544999999988,0.11479999999960455,3.2995999999999923,0.5631999999995969,3984,396,two_stage
820,287.489,287.98399999999964,646.7544999999988,0.4949999999996635,2.1176000000000217,0.6685999999996852,1236,270,two_stage
821,287.567,287.8610999999996,646.7544999999988,0.29409999999961656,2.9093000000000155,0.4169999999996321,729,387,two_stage
822,287.626,288.15759999999966,646.7544999999988,0.5315999999996848,1.4204999999999761,0.9152999999996609,3337,144,two_stage
823,287.837,291.1272999999997,646.7544999999988,3.290299999999718,1.5077000000000274,3.725199999999745,3849,149,two_stage
824,288.197,288.54129999999964,646.7544999999988,0.34429999999963457,1.0789000000000089,0.49439999999964357,1001,129,two_stage
825,288.198,289.12799999999964,646.7544999999988,0.9299999999996658,1.2388999999999812,1.348099999999647,3681,114,two_stage
826,288.241,288.85559999999964,646.7544999999988,0.6145999999996548,2.8500000000000045,0.8869999999996594,2224,358,two_stage
827,288.62,288.69139999999965,527.2010000000008,0.07139999999964175,0.2001999999999939,0.23559999999963566,1142,5,two_stage
828,289.212,289.5460999999996,646.7544999999988,0.334099999999637,1.629800000000022,0.43749999999965894,534,212,two_stage
829,289.219,290.5158999999997,646.7544999999988,1.2968999999997095,1.4764999999999813,1.7149999999996908,3681,147,two_stage
830,289.44,289.64949999999965,646.7544999999988,0.2094999999996503,3.0723999999999942,0.31549999999964484,560,412,two_stage
831,289.571,289.87369999999964,528.4887000000002,0.30269999999961783,0.1984000000000129,0.44349999999963075,908,8,two_stage
832,289.592,289.75549999999964,646.7544999999988,0.16349999999965803,0.5286000000000016,0.28169999999965967,682,57,two_stage
833,289.819,290.01449999999966,646.7544999999988,0.1954999999996403,1.3319000000000183,0.6129999999996585,3675,127,two_stage
834,290.219,290.4319999999997,646.7544999999988,0.21299999999968122,5.512700000000028,0.2968999999997095,339,754,two_stage
835,290.489,293.56849999999974,646.7544999999988,3.0794999999997685,2.478999999999987,3.520899999999756,3914,283,two_stage
836,290.62,290.9339999999997,646.7544999999988,0.3139999999996803,0.661300000000022,0.5072999999997023,1433,65,two_stage
837,290.961,295.38479999999976,646.7544999999988,4.423799999999744,2.2208000000000205,4.866199999999765,3924,247,two_stage
838,291.189,291.8652999999997,646.7544999999988,0.676299999999685,1.0973000000000273,1.1111999999997124,3849,92,two_stage
839,291.345,291.56219999999973,646.7544999999988,0.21719999999970696,3.456999999999983,0.39819999999969014,1310,455,two_stage
840,291.618,291.7431999999997,646.7544999999988,0.12519999999972242,0.496499999999989,0.24729999999971142,721,52,two_stage
841,291.946,292.96249999999975,646.7544999999988,1.0164999999997235,0.718900000000022,1.2097999999997455,1433,73,two_stage
842,291.947,292.4496999999997,646.7544999999988,0.5026999999997201,0.6620000000000038,0.653499999999724,1008,71,two_stage
843,292.12,292.30019999999973,646.7544999999988,0.18019999999972924,1.661499999999989,0.32969999999971833,995,210,two_stage
844,292.188,292.6004999999997,646.7544999999988,0.4124999999997385,3.1832000000000216,0.5860999999997603,1236,418,two_stage
845,292.31,293.1557999999998,646.7544999999988,0.8457999999997696,5.182699999999993,1.060499999999763,1647,690,two_stage
846,292.719,292.77409999999975,646.7544999999988,0.055099999999754345,0.7860000000000015,0.2434999999997558,1384,83,two_stage
847,293.321,293.37049999999977,646.7544999999988,0.049499999999738975,1.1483999999999792,0.24749999999971806,1480,132,two_stage
848,293.617,294.00989999999973,646.7544999999988,0.39289999999971315,2.442100000000014,0.6749999999997272,2321,300,two_stage
849,293.841,294.40119999999973,646.7544999999988,0.5601999999997247,0.8617000000000123,0.946699999999737,3365,66,two_stage
850,293.943,294.78769999999975,646.7544999999988,0.8446999999997615,1.4274000000000076,1.2712999999997692,3766,139,two_stage
851,294.144,294.29199999999975,646.7544999999988,0.14799999999974034,2.679599999999987,0.2571999999997274,592,357,two_stage
852,294.372,297.0469999999998,646.7544999999988,2.674999999999784,2.65499999999998,3.119599999999764,3946,307,two_stage
853,294.487,300.03819999999985,646.7544999999988,5.551199999999824,3.250399999999977,6.0367999999998005,4356,384,two_stage
854,295.074,295.21429999999975,646.7544999999988,0.14029999999974052,2.200900000000004,0.3107999999997446,1205,282,two_stage
855,295.438,295.9144999999998,646.7544999999988,0.47649999999981674,3.5216000000000216,0.6500999999998385,1236,465,two_stage
856,295.547,296.58739999999983,646.7544999999988,1.0403999999998064,1.346799999999979,1.3359999999997854,2456,146,two_stage
857,295.645,295.8271999999998,646.7544999999988,0.18219999999979564,1.0953000000000275,0.2694999999998231,373,140,two_stage
858,295.645,296.0880999999998,646.7544999999988,0.44309999999984484,4.700399999999991,0.6722999999998365,1792,621,two_stage
859,295.695,298.5182999999998,534.4288,2.82329999999979,0.6303000000000167,3.302399999999807,4291,21,two_stage
860,295.969,297.4915999999998,646.7544999999988,1.522599999999784,3.078299999999982,1.9800999999997657,4075,364,two_stage
861,296.26,296.3172999999998,646.7544999999988,0.05729999999982738,0.4577000000000097,0.1765999999998371,693,47,two_stage
862,296.297,296.4365999999998,646.7544999999988,0.13959999999980255,1.2524000000000037,0.29039999999980637,1008,153,two_stage
863,296.834,296.8829999999998,646.7544999999988,0.04899999999980764,1.3015999999999872,0.2129999999997949,1140,158,two_stage
864,297.547,298.22899999999976,646.7544999999988,0.6819999999997322,1.2397000000000258,0.9712999999997578,2393,132,two_stage
865,297.591,297.94909999999976,526.6466000000001,0.3580999999997516,0.14629999999997326,0.4899999999997249,819,2,two_stage
866,297.715,303.0132999999999,646.7544999999988,5.2982999999999265,3.0697999999999963,6.229699999999923,8814,297,two_stage
867,297.834,301.42409999999984,646.7544999999988,3.590099999999836,4.250900000000009,4.118599999999844,4785,517,two_stage
868,298.047,298.08099999999973,646.7544999999988,0.0339999999997076,0.8752000000000245,0.18199999999973215,980,101,two_stage
869,298.547,298.9973999999998,626.5927999999985,0.45039999999977454,0.45460000000001943,0.688999999999794,1886,30,two_stage
870,298.573,300.9370999999998,646.7544999999988,2.364099999999837,2.287000000000023,2.8510999999998603,4370,250,two_stage
871,298.823,299.38989999999984,646.7544999999988,0.5668999999998618,1.9276000000000197,1.0400999999998817,4232,202,two_stage
872,298.823,302.4354999999999,646.7544999999988,3.6124999999998977,1.5714000000000246,4.190299999999922,5278,138,two_stage
873,299.002,299.2359999999998,646.7544999999988,0.23399999999980992,3.3507000000000216,0.3878999999998314,1039,444,two_stage
874,299.546,299.86309999999986,646.7544999999988,0.3170999999998685,0.7582999999999862,0.49219999999985475,1251,81,two_stage
875,300.46,300.5237999999998,646.7544999999988,0.0637999999998442,2.1916999999999924,0.47709999999983665,3633,247,two_stage
876,300.865,414.6101999999998,646.7544999999988,113.74519999999978,3.41859999999998,114.74459999999976,9494,336,two_stage
877,301.506,302.03529999999984,646.7544999999988,0.5292999999998642,2.906199999999998,0.6490999999998621,698,387,two_stage
878,301.592,301.95259999999985,646.7544999999988,0.36059999999986303,0.8314999999999885,0.4432999999998515,327,104,two_stage
879,301.592,302.15509999999983,646.7544999999988,0.5630999999998494,0.862900000000022,0.7563999999998714,1433,93,two_stage
880,302.212,302.34839999999986,529.7698999999999,0.13639999999986685,0.16630000000002082,0.22349999999988768,371,11,two_stage
881,303.299,303.9446999999999,646.7544999999988,0.6456999999999198,3.4568000000000216,0.8192999999999415,1236,456,two_stage
882,304.324,305.0499999999999,646.7544999999988,0.7259999999998854,0.47079999999998196,0.8007999999998674,248,55,two_stage
883,304.574,305.1247999999999,646.7544999999988,0.5507999999998674,0.7211000000000122,0.6598999999998796,591,85,two_stage
884,304.692,305.2338999999999,646.7544999999988,0.5418999999998846,1.1624000000000199,0.6674999999999045,756,144,two_stage
885,305.101,305.3594999999999,646.7544999999988,0.2584999999999127,2.302299999999992,0.4799999999999045,1715,289,two_stage
886,305.491,305.5809999999999,646.7544999999988,0.08999999999991815,3.773600000000022,0.2635999999999399,1236,500,two_stage
887,305.52,305.7545999999999,646.7544999999988,0.23459999999994352,3.289399999999985,0.4207999999999288,1362,431,two_stage
888,305.77,305.9407999999999,526.4593999999998,0.1707999999999288,0.09840000000001482,0.2619999999999436,412,1,two_stage
889,306.442,307.6107999999999,646.7544999999988,1.1687999999999192,1.5948999999999964,1.8852999999999156,6665,122,two_stage
890,306.837,306.9973999999999,646.7544999999988,0.1603999999999246,3.099100000000012,0.6170999999999367,4067,367,two_stage
891,307.095,307.4540999999999,646.7544999999988,0.3590999999998985,3.0943000000000005,0.5157999999998992,1067,408,two_stage
892,307.694,308.3272999999999,646.7544999999988,0.633299999999906,2.1326999999999803,0.7499999999998863,667,280,two_stage
893,307.842,308.5652999999999,526.4665999999999,0.7232999999999379,0.14100000000000792,0.8570999999999458,838,1,two_stage
894,308.004,308.4439999999999,646.7544999999988,0.43999999999988404,0.43810000000001925,0.5612999999999033,713,44,two_stage
895,308.051,309.23459999999994,646.7544999999988,1.1835999999999558,2.289699999999999,1.5148999999999546,2813,272,two_stage
896,308.062,308.92259999999993,615.1576999999991,0.8605999999999199,0.4228999999999852,1.081899999999905,1713,28,two_stage
897,308.353,310.3552999999999,601.6983999999995,2.0022999999998774,0.6593000000000001,2.4671999999998775,4149,27,two_stage
898,308.564,308.69909999999993,533.1736999999999,0.13509999999990896,0.2844000000000113,0.28269999999992024,976,19,two_stage
899,308.843,308.84669999999994,646.7544999999988,0.0036999999999238753,0.49349999999999006,0.07959999999991396,259,58,two_stage
900,309.004,309.1438999999999,646.7544999999988,0.13989999999989777,0.5803000000000267,0.23059999999992442,407,68,two_stage
901,309.195,309.7665999999999,646.7544999999988,0.5715999999999326,3.545599999999987,1.0283999999999196,4068,429,two_stage
902,309.489,309.56589999999994,646.7544999999988,0.07689999999996644,3.7951000000000104,0.192799999999977,659,511,two_stage
903,309.591,309.68179999999995,526.4737999999999,0.0907999999999447,0.0919999999999729,0.1755999999999176,348,1,two_stage
904,309.814,310.2233999999999,526.6610000000002,0.4093999999998914,0.14629999999997326,0.5412999999998647,819,2,two_stage
905,310.707,310.8201999999999,646.7544999999988,0.1131999999998925,5.988899999999975,0.32049999999986767,1573,803,two_stage
906,310.941,311.02749999999986,646.7544999999988,0.08649999999988722,1.1254000000000155,0.3694999999999027,2330,117,two_stage
907,311.302,311.3104999999999,532.3601,0.008499999999855845,0.6103999999999878,0.48929999999984375,4308,18,two_stage
908,311.958,313.8101999999999,646.7544999999988,1.8521999999998684,4.9388999999999985,2.226299999999867,3241,634,two_stage
909,311.992,312.7567999999999,626.8087999999985,0.764799999999866,0.30049999999999133,0.8492999999998574,345,30,two_stage
910,312.006,315.58209999999985,646.7544999999988,3.576099999999883,1.5650999999999782,4.089999999999861,4639,146,two_stage
911,312.255,313.0076999999999,594.4773000000005,0.7526999999998907,0.3832000000000264,0.948699999999917,1460,26,two_stage
912,312.304,313.4278999999999,646.7544999999988,1.123899999999935,1.2715999999999967,1.3874999999999318,2136,140,two_stage
913,312.801,312.8412999999999,646.7544999999988,0.040299999999888314,0.7784000000000101,0.2066999999998984,1164,85,two_stage
914,313.008,313.2036999999999,615.359299999999,0.19569999999993115,0.4257999999999962,0.41989999999992733,1742,28,two_stage
915,313.55,313.6914999999999,646.7544999999988,0.14149999999989404,0.4714999999999898,0.26019999999988386,687,49,two_stage
916,313.6,314.2780999999999,646.7544999999988,0.6780999999998585,2.4146000000000005,1.1198999999998591,3918,274,two_stage
917,314.007,314.1842999999999,646.7544999999988,0.17729999999988877,0.3313999999999875,0.2710999999998762,438,33,two_stage
918,314.505,315.26909999999987,630.5016999999987,0.7640999999998712,0.4577999999999887,0.9914999999998599,1774,32,two_stage
919,314.572,319.1093999999998,646.7544999999988,4.5373999999998205,3.0915000000000283,5.468899999999849,8815,300,two_stage
920,314.589,314.8758999999999,646.7544999999988,0.28689999999988913,2.704900000000004,0.4573999999998932,1205,352,two_stage
921,314.589,315.0463999999999,646.7544999999988,0.4573999999998932,0.5610999999999748,0.680099999999868,1727,47,two_stage
922,314.71,314.7198999999999,622.1279999999987,0.00989999999990232,0.3648000000000059,0.16589999999990823,1060,29,two_stage
923,315.333,315.49649999999986,646.7544999999988,0.16349999999982856,0.6903999999999995,0.24909999999982801,356,84,two_stage
924,315.334,316.6749999999998,646.7544999999988,1.3409999999997808,3.0265000000000213,2.2722999999998024,8813,291,two_stage
925,315.741,316.09599999999983,646.7544999999988,0.35499999999984766,5.855199999999979,0.4861999999998261,812,795,two_stage
926,316.017,316.2271999999998,526.8194000000004,0.21019999999981565,0.15349999999997327,0.3420999999997889,819,3,two_stage
927,316.251,316.3590999999998,527.9991000000005,0.10809999999980846,0.1627000000000164,0.22759999999982483,695,6,two_stage
928,316.335,316.4785999999998,646.7544999999988,0.14359999999982165,0.7795999999999828,0.33999999999980446,1464,81,two_stage
929,316.898,318.27079999999984,646.7544999999988,1.3727999999998133,2.4085000000000187,1.7868999999998323,3641,277,two_stage
930,316.943,317.6635999999998,646.7544999999988,0.7205999999998198,2.180400000000021,0.8273999999998409,568,288,two_stage
931,317.346,317.6062999999998,527.0714000000008,0.2602999999998019,0.0860999999999979,0.3175999999997998,73,4,two_stage
932,317.589,318.0022999999998,646.7544999999988,0.4132999999998219,1.5573000000000172,0.6817999999998392,2185,179,two_stage
933,317.691,317.7703999999998,646.7544999999988,0.07939999999985048,0.4491000000000201,0.19729999999987058,679,46,two_stage
934,317.869,317.88829999999984,646.7544999999988,0.019299999999816464,3.137999999999976,0.13329999999979236,640,420,two_stage
935,318.272,318.68489999999986,526.4809999999999,0.4128999999998655,0.15629999999997582,0.5619999999998413,991,1,two_stage
936,318.814,318.83399999999983,583.7626000000008,0.01999999999981128,0.32540000000001834,0.17979999999982965,1098,23,two_stage
937,318.942,423.88210000000004,646.7544999999988,104.94010000000003,1.7644999999999955,106.03500000000003,10449,93,two_stage
938,318.987,318.99379999999985,529.6906999999999,0.006799999999827833,0.18759999999997218,0.1223999999998,656,10,two_stage
939,319.196,323.3195999999998,646.7544999999988,4.123599999999783,1.3203999999999956,4.558399999999779,3848,123,two_stage
940,319.216,321.2375999999998,646.7544999999988,2.0215999999998076,1.8165000000000173,2.290099999999825,2185,215,two_stage
941,319.218,348.6297999999998,530.4683000000001,29.4117999999998,0.5767999999999991,29.8877999999998,4260,14,two_stage
942,319.219,322.1608999999998,646.7544999999988,2.941899999999805,1.4773000000000256,3.2311999999998307,2393,165,two_stage
943,319.221,320.17749999999984,646.7544999999988,0.9564999999998349,1.3805999999999896,1.0554999999998245,490,178,two_stage
944,319.223,322.4501999999998,646.7544999999988,3.2271999999998116,1.2720999999999991,3.570499999999811,2933,129,two_stage
945,319.506,321.0124999999998,615.560899999999,1.5064999999998463,0.42669999999999764,1.731599999999844,1751,28,two_stage
946,319.554,320.2764999999998,646.7544999999988,0.7224999999998545,2.7986000000000226,0.8498999999998773,774,371,two_stage
947,319.806,325.32509999999985,646.7544999999988,5.519099999999867,2.384400000000011,5.959499999999878,3904,270,two_stage
948,319.944,321.7796999999998,646.7544999999988,1.8356999999998038,2.8064999999999896,2.1221999999997934,2365,350,two_stage
949,320.009,320.40389999999985,646.7544999999988,0.3948999999998364,3.2264000000000217,0.5684999999998581,1236,424,two_stage
950,320.01,320.04089999999985,627.1757999999985,0.030899999999860484,0.2905000000000004,0.10539999999986094,245,30,two_stage
951,320.084,320.11539999999985,526.4881999999999,0.03139999999984866,0.06929999999998672,0.09349999999983538,121,1,two_stage
952,320.25,320.5774999999999,646.7544999999988,0.32749999999987267,1.156799999999984,0.5050999999998567,1276,136,two_stage
953,320.602,320.75509999999986,646.7544999999988,0.15309999999988122,0.443199999999978,0.2722999999998592,692,45,two_stage
954,320.761,354.53839999999974,646.7544999999988,33.777399999999716,1.0175000000000218,34.29089999999974,4635,70,two_stage
955,320.842,320.87429999999983,646.7544999999988,0.032299999999850115,0.7933999999999835,0.17049999999983356,882,91,two_stage
956,321.303,321.58169999999984,646.7544999999988,0.2786999999998443,1.097999999999979,0.4766999999998234,1480,125,two_stage
957,321.5,321.50609999999983,646.7544999999988,0.006099999999833017,0.48600000000000854,0.08169999999984157,256,57,two_stage
958,322.008,322.0661999999998,646.7544999999988,0.05819999999982883,0.3970999999999889,0.15289999999981774,447,42,two_stage
959,322.692,322.95309999999984,646.7544999999988,0.26109999999982847,0.7007999999999754,0.515499999999804,2044,62,two_stage
960,322.75,322.7934999999998,646.7544999999988,0.04349999999982401,2.0964000000000116,0.20309999999983575,1096,269,two_stage
961,322.996,323.2074999999998,646.7544999999988,0.21149999999983038,1.076899999999998,0.32359999999982847,621,134,two_stage
962,323.342,323.9533999999998,615.762499999999,0.6113999999998327,0.3469999999999951,0.7567999999998278,954,28,two_stage
963,323.351,323.7543999999998,646.7544999999988,0.4033999999998059,0.3764000000000034,0.5421999999998093,888,33,two_stage
964,323.587,324.0987999999998,646.7544999999988,0.5117999999998233,1.5370000000000164,0.6663999999998396,1046,192,two_stage
965,323.76,324.60929999999985,646.7544999999988,0.8492999999998574,0.7510999999999746,1.017199999999832,1179,81,two_stage
966,323.808,324.25339999999983,594.6645000000004,0.4453999999998359,0.34729999999999994,0.6054999999998358,1101,26,two_stage
967,323.816,323.8931999999998,646.7544999999988,0.07719999999983429,0.3266000000000089,0.1373999999998432,102,37,two_stage
968,323.843,325.12709999999987,646.7544999999988,1.284099999999853,1.069199999999979,1.482099999999832,1480,121,two_stage
969,324.001,324.95079999999984,615.964099999999,0.9497999999998683,0.3779000000000261,1.1260999999998944,1263,28,two_stage
970,324.042,357.24449999999985,646.7544999999988,33.20249999999987,2.5434999999999777,33.80199999999985,5495,270,two_stage
971,324.367,324.41349999999983,646.7544999999988,0.046499999999809916,6.773400000000001,0.1526999999998111,562,926,two_stage
972,324.46,324.51969999999983,646.7544999999988,0.059699999999850206,0.44240000000001856,0.14929999999986876,396,49,two_stage
973,324.742,324.7771999999998,646.7544999999988,0.03519999999980428,1.9880000000000217,0.208799999999826,1236,252,two_stage
974,325.584,325.76549999999986,528.5463000000002,0.18149999999985766,0.16159999999998498,0.28549999999984266,540,8,two_stage
975,325.584,326.51369999999986,646.7544999999988,0.9296999999998548,2.8393000000000255,1.3713999999998805,3917,333,two_stage
976,325.75,325.98389999999984,646.7544999999988,0.23389999999983502,0.4883999999999875,0.35509999999982256,712,51,two_stage
977,325.815,325.86949999999985,528.0495000000004,0.054499999999848114,0.16479999999998918,0.1688999999998373,644,7,two_stage
978,325.994,326.1050999999998,616.165699999999,0.11109999999979436,0.34449999999999736,0.2539999999997917,929,28,two_stage
979,326.153,326.2479999999998,526.4953999999999,0.09499999999979991,0.12580000000001493,0.21359999999981483,686,1,two_stage
980,326.243,332.65529999999984,646.7544999999988,6.412299999999846,2.595399999999982,6.862099999999828,3998,298,two_stage
981,326.249,326.36659999999983,646.7544999999988,0.11759999999981119,1.486300000000023,0.2646999999998343,971,186,two_stage
982,326.62,326.9553999999999,646.7544999999988,0.33539999999987913,2.3829999999999782,0.5367999999998574,1514,303,two_stage
983,326.749,327.4460999999999,528.6039000000002,0.6970999999998639,0.347900000000002,0.9873999999998659,2403,8,two_stage
984,327.092,327.15679999999986,646.7544999999988,0.0647999999998774,1.5277000000000256,0.35409999999990305,2393,172,two_stage
985,327.438,328.4746999999998,646.7544999999988,1.0366999999998256,0.764200000000012,1.3760999999998376,2894,59,two_stage
986,327.468,327.7363999999999,588.1882000000013,0.26839999999987185,0.2961999999999921,0.38459999999986394,662,25,two_stage
987,327.707,327.8525999999999,526.8410000000005,0.14559999999988804,0.15349999999997327,0.2774999999998613,819,3,two_stage
988,327.75,350.83409999999986,646.7544999999988,23.084099999999864,2.760099999999982,23.568999999999846,4349,316,two_stage
989,327.755,362.1905999999999,646.7544999999988,34.43559999999991,4.715399999999988,35.2485999999999,7630,542,two_stage
990,327.835,328.25179999999983,646.7544999999988,0.41679999999985284,3.4124999999999814,0.6396999999998343,1729,443,two_stage
991,327.957,327.98449999999985,616.367299999999,0.027499999999861302,0.3617999999999748,0.1876999999998361,1102,28,two_stage
992,328.006,328.14469999999983,646.7544999999988,0.13869999999985794,2.8359000000000028,0.24579999999986057,571,379,two_stage
993,328.505,328.8140999999998,646.7544999999988,0.3090999999998303,0.4720999999999967,0.385199999999827,261,55,two_stage
994,328.555,328.98589999999984,646.7544999999988,0.43089999999983775,2.0486000000000164,0.5426999999998543,618,269,two_stage
995,328.584,328.8901999999998,646.7544999999988,0.3061999999998193,1.686900000000022,0.4018999999998414,457,221,two_stage
996,328.743,330.0257999999999,646.7544999999988,1.2827999999998951,1.0683000000000207,1.7174999999999159,3847,88,two_stage
997,329.019,359.57799999999986,646.7544999999988,30.558999999999855,4.570400000000008,31.262999999999863,6540,537,two_stage
998,329.072,329.09769999999986,646.7544999999988,0.02569999999985839,2.3290999999999835,0.281199999999842,2055,288,two_stage
999,329.209,329.35319999999984,616.568899999999,0.14419999999984157,0.36149999999999327,0.30409999999983484,1099,28,two_stage
1000,329.242,347.0967999999998,646.7544999999988,17.854799999999784,1.1986999999999917,18.326299999999776,4215,101,two_stage
1001,329.499,353.1104999999998,646.7544999999988,23.61149999999975,2.9409999999999834,24.097299999999734,4358,341,two_stage
1002,329.506,329.51309999999984,646.7544999999988,0.007099999999866213,0.717700000000026,0.15599999999989222,989,79,two_stage
1003,329.59,329.73719999999986,526.5025999999999,0.1471999999998843,0.17630000000001447,0.3162999999998988,1191,1,two_stage
1004,329.592,329.66199999999986,646.7544999999988,0.06999999999987949,0.3127999999999953,0.14519999999987476,252,33,two_stage
1005,329.749,329.9062999999999,646.7544999999988,0.15729999999985012,0.5083000000000164,0.2767999999998665,695,54,two_stage
1006,330.095,330.4604999999999,646.7544999999988,0.3654999999998836,0.495500000000001,0.4793999999998846,639,53,two_stage
1007,330.109,330.72149999999993,646.7544999999988,0.6124999999999545,0.9399999999999807,0.8036999999999352,1412,104,two_stage
1008,330.242,330.5743999999999,594.8517000000004,0.3323999999998932,0.33430000000002313,0.4794999999999163,971,26,two_stage
1009,330.462,330.9126999999999,646.7544999999988,0.4506999999999266,0.8152000000000188,0.7474999999999454,2468,72,two_stage
1010,331.001,331.20949999999993,646.7544999999988,0.20849999999995816,0.7754999999999963,0.2999999999999545,415,95,two_stage
1011,331.001,331.62499999999994,646.7544999999988,0.6239999999999668,1.7492999999999903,0.7820999999999572,1081,221,two_stage
1012,331.211,331.30099999999993,646.7544999999988,0.08999999999991815,2.032400000000015,0.23599999999993315,960,262,two_stage
1013,331.351,331.78309999999993,595.0389000000004,0.4320999999999344,0.35380000000001677,0.5986999999999512,1166,26,two_stage
1014,331.444,331.44699999999995,646.7544999999988,0.0029999999999290594,0.34360000000001645,0.08739999999994552,344,36,two_stage
1015,331.504,331.53139999999996,646.7544999999988,0.027399999999943248,0.43919999999998083,0.12099999999992406,436,48,two_stage
1016,331.718,331.94969999999995,646.7544999999988,0.23169999999993252,0.5701999999999745,0.43469999999990705,1530,51,two_stage
1017,332.094,332.1526999999999,646.7544999999988,0.058699999999930697,0.8544999999999794,0.17879999999991014,701,102,two_stage
1018,332.215,332.2727999999999,646.7544999999988,0.05779999999992924,0.3583999999999729,0.14259999999990214,348,38,two_stage
1019,332.355,332.3575999999999,646.7544999999988,0.0025999999998589374,0.5151999999999779,0.12179999999983693,692,55,two_stage
1020,332.464,332.47679999999986,595.2261000000003,0.012799999999856482,0.3656999999999855,0.19129999999984193,1285,26,two_stage
1021,332.56,349.2762999999998,530.5691000000002,16.71629999999982,0.5767999999999991,17.19229999999982,4260,14,two_stage
1022,332.619,356.4372999999998,646.7544999999988,23.818299999999795,1.3052999999999946,24.38919999999979,5209,102,two_stage
1023,332.697,333.2239999999998,646.7544999999988,0.5269999999998163,0.4957999999999942,0.6483999999998105,714,52,two_stage
1024,332.999,333.1050999999998,646.7544999999988,0.10609999999979891,0.44289999999999646,0.22499999999979536,689,45,two_stage
1025,333.005,335.7492999999998,646.7544999999988,2.7442999999997824,3.1756000000000077,3.19829999999979,4040,378,two_stage
1026,333.053,333.3453999999998,603.6994999999996,0.2923999999998159,0.32959999999999756,0.42759999999981346,852,27,two_stage
1027,333.053,333.4805999999998,646.7544999999988,0.42759999999981346,1.165699999999999,0.5636999999998125,861,143,two_stage
1028,333.268,333.6166999999998,595.4133000000003,0.3486999999998375,0.32469999999998866,0.4861999999998261,875,26,two_stage
1029,333.334,333.8760999999998,535.9376000000003,0.5420999999997775,0.3354000000000209,0.7190999999997985,1270,22,two_stage
1030,333.443,334.0530999999998,646.7544999999988,0.610099999999818,1.432899999999996,0.8693999999998141,2093,163,two_stage
1031,333.443,334.7339999999998,646.7544999999988,1.2909999999998263,1.5833999999999806,1.607199999999807,2662,176,two_stage
1032,333.748,333.7541999999998,531.5339000000001,0.006199999999807915,0.23709999999998235,0.12809999999979027,719,16,two_stage
1033,333.77,421.9829,646.7544999999988,88.21289999999999,1.7905000000000264,89.27620000000002,10133,101,two_stage
1034,334.06,334.4464999999998,646.7544999999988,0.3864999999997849,0.697300000000022,0.5797999999998069,1433,70,two_stage
1035,334.094,334.3123999999998,646.7544999999988,0.21839999999980364,1.4156999999999895,0.3524999999997931,841,178,two_stage
1036,334.494,334.6397999999998,646.7544999999988,0.145799999999781,1.2534000000000007,0.23999999999978172,442,161,two_stage
1037,334.963,335.0501999999998,623.4738999999986,0.08719999999976835,0.44000000000000117,0.31839999999976953,1812,29,two_stage
1038,335.246,335.2813999999998,646.7544999999988,0.035399999999810916,0.4627000000000168,0.16689999999982774,815,46,two_stage
1039,335.292,335.4128999999998,646.7544999999988,0.12089999999983547,4.022900000000004,0.24859999999983984,777,541,two_stage
1040,335.491,335.5405999999998,530.1803,0.04959999999982756,0.20579999999998463,0.1689999999998122,694,12,two_stage
1041,335.59,335.6599999999998,646.7544999999988,0.06999999999982265,0.5932999999999802,0.15929999999980282,393,70,two_stage
1042,335.812,336.3219999999998,646.7544999999988,0.5099999999997635,3.2944000000000027,0.6795999999997662,1196,434,two_stage
1043,335.854,336.2032999999998,646.7544999999988,0.34929999999980055,0.4210999999999898,0.46799999999979036,687,42,two_stage
1044,336.002,339.9565999999998,646.7544999999988,3.9545999999998003,1.3494999999999773,4.3896999999997774,3851,127,two_stage
1045,336.056,343.75459999999987,646.7544999999988,7.698599999999885,3.8413999999999953,8.14879999999988,4002,471,two_stage
1046,336.06,336.6926999999998,646.7544999999988,0.6326999999997724,1.593700000000014,1.0671999999997865,3845,161,two_stage
1047,336.242,336.4915999999998,646.7544999999988,0.24959999999975935,3.765099999999997,0.4506999999997561,1511,495,two_stage
1048,336.506,370.5268999999997,646.7544999999988,34.020899999999756,3.1829000000000134,34.98619999999977,9153,308,two_stage
1049,336.965,337.1271999999998,646.7544999999988,0.16219999999981383,0.5369999999999846,0.28159999999979846,694,58,two_stage
1050,337.21,337.35829999999976,646.7544999999988,0.14829999999977872,3.132800000000022,0.32189999999980046,1236,411,two_stage
1051,337.211,337.2465999999998,646.7544999999988,0.03559999999976071,1.3500999999999848,0.14729999999974552,617,172,two_stage
1052,337.31,338.08159999999975,646.7544999999988,0.7715999999997507,1.6141000000000256,1.0608999999997764,2393,184,two_stage
1053,337.438,337.6498999999998,646.7544999999988,0.21189999999978681,0.40529999999997823,0.3507999999997651,889,37,two_stage
1054,337.495,337.5318999999998,646.7544999999988,0.036899999999775446,0.391599999999995,0.15489999999977044,680,38,two_stage
1055,337.552,337.78879999999975,646.7544999999988,0.23679999999973234,3.5930000000000017,0.40979999999973415,1230,475,two_stage
1056,337.799,337.96179999999976,646.7544999999988,0.1627999999997769,0.7245999999999979,0.2825999999997748,698,84,two_stage
1057,337.943,431.6849999999999,646.7544999999988,93.7419999999999,1.91419999999999,94.9505999999999,11586,98,two_stage
1058,338.103,339.0404999999998,646.7544999999988,0.9374999999997726,0.9828000000000283,1.236299999999801,2488,95,two_stage
1059,338.104,338.4552999999998,646.7544999999988,0.3512999999998101,0.5108999999999877,0.43739999999979773,361,59,two_stage
1060,338.209,338.5413999999998,646.7544999999988,0.33239999999977954,1.1176000000000017,0.47799999999978127,956,135,two_stage
1061,338.347,338.3708999999998,646.7544999999988,0.023899999999798638,1.8484000000000165,0.1082999999998151,344,245,two_stage
1062,338.494,338.6869999999998,646.7544999999988,0.19299999999975626,1.090799999999979,0.39099999999973534,1480,124,two_stage
1063,338.769,338.88499999999976,646.7544999999988,0.11599999999975807,3.5107000000000177,0.2714999999997758,1055,466,two_stage
1064,339.061,339.4576999999998,646.7544999999988,0.3966999999998393,3.06059999999998,0.5484999999998195,1018,404,two_stage
1065,339.301,339.3392999999998,646.7544999999988,0.03829999999982192,0.5144000000000082,0.1566999999998302,684,55,two_stage
1066,339.551,339.7357999999998,646.7544999999988,0.1847999999998251,1.1495999999999968,0.4055999999998221,1708,129,two_stage
1067,339.595,339.6094999999998,646.7544999999988,0.014499999999770807,4.0071000000000145,0.14079999999978554,763,539,two_stage
1068,340.003,349.7522999999998,646.7544999999988,9.749299999999835,3.2363000000000035,10.227999999999838,4287,383,two_stage
1069,340.062,340.5413999999998,646.7544999999988,0.4793999999997709,2.3891000000000284,0.7156999999997993,1863,299,two_stage
1070,340.194,340.3916999999998,646.7544999999988,0.19769999999977017,1.8128999999999957,0.3473999999997659,997,231,two_stage
1071,340.246,355.8806999999998,646.7544999999988,15.634699999999839,1.672600000000003,16.191299999999842,5066,155,two_stage
1072,340.301,341.6395999999998,646.7544999999988,1.3385999999998148,1.1199000000000203,1.608899999999835,2203,118,two_stage
1073,340.334,342.39079999999984,646.7544999999988,2.056799999999839,2.296999999999988,2.4673999999998273,3606,262,two_stage
1074,340.712,340.7776999999998,646.7544999999988,0.06569999999982201,1.8151000000000015,0.24639999999982365,1307,227,two_stage
1075,340.81,341.0812999999998,646.7544999999988,0.271299999999826,1.949299999999975,0.5213999999998009,2001,236,two_stage
1076,340.84,341.9098999999998,646.7544999999988,1.0698999999998478,4.258000000000006,1.4758999999998537,3560,535,two_stage
1077,340.942,340.9583999999998,646.7544999999988,0.01639999999980546,0.9437000000000155,0.139299999999821,729,114,two_stage
1078,340.962,368.2317999999998,646.7544999999988,27.269799999999805,2.2220000000000226,28.217399999999827,8976,177,two_stage
1079,341.188,341.3313999999998,646.7544999999988,0.143399999999815,0.9017999999999837,0.23879999999979873,454,112,two_stage
1080,341.275,341.4267999999998,646.7544999999988,0.15179999999980964,0.9976000000000156,0.3645999999998253,1628,109,two_stage
1081,341.301,344.66289999999987,646.7544999999988,3.3618999999998778,3.15139999999999,3.8204999999998677,4086,374,two_stage
1082,341.938,342.31589999999983,646.7544999999988,0.3778999999998405,0.31970000000001375,0.4527999999998542,249,34,two_stage
1083,342.02,343.31039999999985,646.7544999999988,1.2903999999998632,3.2306000000000235,1.7345999999998867,3942,387,two_stage
1084,342.438,342.80139999999983,646.7544999999988,0.3633999999998423,1.3182000000000007,0.457599999999843,442,170,two_stage
1085,342.462,342.89559999999983,646.7544999999988,0.4335999999998421,0.7210999999999916,0.6002999999998337,1167,77,two_stage
1086,342.814,343.0622999999998,646.7544999999988,0.24829999999980146,4.128900000000022,0.49639999999982365,1981,539,two_stage
1087,343.592,426.60139999999996,646.7544999999988,83.00939999999997,2.987199999999995,84.18219999999997,11228,252,two_stage
1088,343.843,344.20479999999986,588.3682000000013,0.361799999999846,0.3378000000000088,0.5195999999998548,1078,25,two_stage
1089,344.102,344.4759999999999,646.7544999999988,0.37399999999990996,1.0364999999999802,0.56089999999989,1369,118,two_stage
1090,344.355,344.3625999999999,646.7544999999988,0.00759999999985439,4.167000000000013,0.12099999999986721,634,563,two_stage
1091,344.742,345.12149999999986,646.7544999999988,0.37949999999983675,0.3832999999999972,0.4675999999998339,381,41,two_stage
1092,344.801,428.25299999999993,646.7544999999988,83.45199999999994,3.512799999999995,84.62479999999994,11228,325,two_stage
1093,345.06,345.20959999999985,526.5097999999999,0.1495999999998503,0.1548999999999862,0.2972999999998365,977,1,two_stage
1094,345.242,345.35729999999984,646.7544999999988,0.1152999999998201,0.4918999999999979,0.297599999999818,1323,43,two_stage
1095,345.242,345.7608999999998,646.7544999999988,0.5188999999998032,1.1051999999999818,0.788899999999785,2200,116,two_stage
1096,345.269,345.53959999999984,646.7544999999988,0.2705999999998312,1.020499999999985,0.4918999999998164,1713,111,two_stage
1097,345.301,346.2530999999998,646.7544999999988,0.9520999999998025,1.14690000000002,1.2925999999998226,2905,112,two_stage
1098,346.003,346.0308999999998,604.0275999999996,0.027899999999817737,0.41659999999998665,0.25009999999980437,1722,27,two_stage
1099,346.518,346.8338999999998,646.7544999999988,0.31589999999982865,1.1629000000000018,0.5787999999998306,2129,125,two_stage
1100,346.571,346.5935999999998,646.7544999999988,0.022599999999783904,3.6746999999999908,0.26289999999977454,1903,477,two_stage
1101,346.604,350.35069999999985,646.7544999999988,3.746699999999862,3.017800000000017,4.230099999999879,4334,352,two_stage
1102,347.194,347.5682999999998,646.7544999999988,0.3742999999997778,1.4951000000000185,0.8037999999997965,3795,148,two_stage
1103,347.592,348.1632999999998,646.7544999999988,0.5712999999998374,0.9105999999999909,0.9562999999998283,3350,73,two_stage
1104,347.842,353.72109999999975,646.7544999999988,5.879099999999767,1.1737000000000055,6.390399999999772,4613,92,two_stage
1105,347.896,347.9977999999998,646.7544999999988,0.10179999999979827,4.550300000000009,0.2672999999998069,1155,609,two_stage
1106,348.44,348.5482999999998,646.7544999999988,0.1082999999998151,0.6071000000000054,0.18979999999982056,315,73,two_stage
1107,348.745,349.1057999999998,646.7544999999988,0.3607999999998128,3.252100000000004,0.5312999999998169,1205,428,two_stage
1108,349.442,360.5173999999999,646.7544999999988,11.075399999999888,1.6994999999999971,11.788499999999885,6631,137,two_stage
1109,349.551,363.1437999999999,646.7544999999988,13.592799999999897,2.9473999999999965,14.524199999999894,8814,280,two_stage
1110,349.961,350.2309999999998,646.7544999999988,0.2699999999998113,0.530100000000023,0.3896999999998343,697,57,two_stage
1111,350.319,358.50559999999984,646.7544999999988,8.186599999999828,1.733600000000018,8.861799999999846,6252,147,two_stage
1112,350.346,371.82579999999973,646.7544999999988,21.479799999999727,3.413599999999995,22.445399999999722,9156,340,two_stage
1113,351.003,351.31899999999985,646.7544999999988,0.3159999999998604,1.4098999999999777,0.4154999999998381,495,182,two_stage
1114,351.354,351.4184999999998,646.7544999999988,0.06449999999983902,2.285999999999977,0.507299999999816,3928,256,two_stage
1115,351.592,351.8612999999998,646.7544999999988,0.26929999999981646,0.5360000000000082,0.38769999999982474,684,58,two_stage
1116,351.746,351.9796999999998,646.7544999999988,0.23369999999982838,2.271000000000002,0.6686999999998307,3850,255,two_stage
1117,351.812,365.39349999999985,646.7544999999988,13.581499999999835,2.739299999999991,14.513599999999826,8821,251,two_stage
1118,352.338,352.4146999999998,646.7544999999988,0.07669999999978927,3.961499999999986,0.337399999999775,2107,514,two_stage
1119,352.341,352.6753999999998,646.7544999999988,0.3343999999997891,1.2054999999999771,0.7694999999997663,3851,107,two_stage
1120,353.352,353.59629999999976,646.7544999999988,0.24429999999978236,3.839999999999993,0.3690999999997757,748,516,two_stage
1121,354.053,354.23239999999976,646.7544999999988,0.17939999999975953,2.336399999999983,0.4853999999997427,2560,282,two_stage
1122,354.722,355.6913999999998,646.7544999999988,0.9693999999998368,5.1933000000000025,1.1586999999998397,1393,695,two_stage
1123,354.769,355.05189999999976,527.1002000000009,0.28289999999975635,0.08659999999998608,0.34069999999974243,78,4,two_stage
1124,355.066,355.10969999999975,526.5169999999999,0.04369999999977381,0.17720000000001593,0.21369999999978972,1200,1,two_stage
1125,355.197,355.27969999999976,646.7544999999988,0.08269999999976108,0.596700000000026,0.204199999999787,715,66,two_stage
1126,355.21,355.5460999999998,646.7544999999988,0.3360999999998171,1.0669000000000202,0.4813999999998373,953,128,two_stage
1127,355.3,355.4011999999998,646.7544999999988,0.10119999999977836,0.8937000000000069,0.24609999999978527,949,104,two_stage
1128,356.551,357.0081999999998,646.7544999999988,0.45719999999982974,1.2227000000000283,0.6934999999998581,1863,137,two_stage
1129,357.301,358.06039999999985,646.7544999999988,0.7593999999998573,2.687999999999974,0.9777999999998315,1684,343,two_stage
1130,357.505,357.8439999999998,646.7544999999988,0.3389999999998281,0.382600000000014,0.4335999999998421,446,40,two_stage
1131,357.551,364.46209999999985,646.7544999999988,6.911099999999863,3.0697999999999963,7.842499999999859,8814,297,two_stage
1132,357.752,357.93859999999984,646.7544999999988,0.18659999999982801,1.3746000000000074,0.3083999999998355,718,174,two_stage
1133,357.836,358.2787999999998,646.7544999999988,0.44279999999980646,3.9420000000000255,0.6695999999998321,1768,516,two_stage
1134,358.742,359.18079999999986,646.7544999999988,0.4387999999998442,0.694499999999977,0.6940999999998212,2053,61,two_stage
1135,359.25,499.1880999999996,646.7544999999988,139.93809999999962,11.58350000000003,150.08879999999965,101007,199,two_stage
1136,359.269,359.43609999999984,528.6615000000002,0.16709999999983438,0.199500000000021,0.3089999999998554,919,8,two_stage
1137,359.801,360.28199999999987,646.7544999999988,0.48099999999988086,1.9276000000000075,0.6301999999998884,992,247,two_stage
1138,360.395,360.4311999999999,526.5242,0.03619999999989432,0.09340000000001937,0.12239999999991369,362,1,two_stage
1139,361.095,361.2304999999999,646.7544999999988,0.1354999999998654,2.06470000000001,0.5441999999998757,3587,230,two_stage
1140,361.542,361.6391999999999,646.7544999999988,0.09719999999992979,2.800299999999994,0.22629999999992378,791,371,two_stage
1141,361.56,361.7682999999999,534.2776,0.20829999999989468,0.566300000000007,0.6305999999999017,3723,20,two_stage
1142,362.246,363.0035999999999,646.7544999999988,0.7575999999999112,1.248999999999993,0.8977999999999042,902,154,two_stage
1143,364.005,364.0751999999999,646.7544999999988,0.07019999999988613,2.6622000000000168,0.29159999999990305,1714,339,two_stage
1144,364.208,364.2965999999999,646.7544999999988,0.08859999999987167,0.39709999999997725,0.17609999999984893,375,43,two_stage
1145,364.352,364.3840999999999,526.5314,0.03209999999990032,0.08519999999997453,0.11009999999987485,280,1,two_stage
1146,365.543,366.56519999999983,605.8445999999996,1.0221999999998275,0.387199999999977,1.2149999999998045,1428,27,two_stage
1147,365.753,366.32559999999984,646.7544999999988,0.5725999999998521,1.15750000000002,0.635699999999872,131,152,two_stage
1148,365.825,367.1082999999998,646.7544999999988,1.2832999999998265,8.708999999999984,1.6834999999998104,3502,1154,two_stage
1149,365.989,366.38869999999986,646.7544999999988,0.39969999999988204,0.4356999999999759,0.5761999999998579,1265,36,two_stage
1150,366.567,366.7579999999998,527.1290000000009,0.19099999999980355,0.08470000000000827,0.24689999999981183,59,4,two_stage
1151,366.599,366.8138999999998,646.7544999999988,0.21489999999982956,4.2255999999999965,0.5092999999998256,2444,546,two_stage
1152,367.264,367.5084999999998,526.8626000000005,0.244499999999789,0.22150000000001374,0.44439999999980273,1499,3,two_stage
1153,367.312,367.7083999999998,646.7544999999988,0.3963999999998009,9.62419999999998,0.9197999999997819,4734,1264,two_stage
1154,368.32,369.3593999999998,646.7544999999988,1.03939999999983,0.4582999999999728,1.1592999999998028,699,47,two_stage
1155,368.761,369.1793999999998,646.7544999999988,0.41839999999979227,0.3758999999999905,0.5062999999997828,379,40,two_stage
1156,368.821,369.4792999999998,586.1634000000012,0.6582999999997696,0.3994999999999939,0.8849999999997635,1767,24,two_stage
1157,369.074,369.2672999999998,646.7544999999988,0.19329999999979464,0.7041000000000163,0.2853999999998109,421,85,two_stage
1158,369.268,370.18689999999975,646.7544999999988,0.9188999999997804,0.9231999999999749,1.2588999999997554,2900,81,two_stage
1159,369.6,369.7059999999998,646.7544999999988,0.10599999999976717,0.5226999999999828,0.23989999999974998,839,54,two_stage
1160,369.771,369.8398999999998,646.7544999999988,0.06889999999975771,1.0200999999999967,0.34019999999975425,2213,104,two_stage
1161,370.085,370.11119999999977,646.7544999999988,0.026199999999789725,0.35649999999998344,0.10189999999977317,257,39,two_stage
1162,370.768,371.56689999999975,646.7544999999988,0.7988999999997759,0.3506000000000098,0.8830999999997857,342,37,two_stage
1163,370.806,371.49219999999974,646.7544999999988,0.6861999999997579,0.3339000000000071,0.760899999999765,247,36,two_stage
1164,371.509,371.65109999999976,646.7544999999988,0.14209999999974343,1.1898999999999729,0.3167999999997164,1247,141,two_stage
1165,372.023,373.12939999999975,646.7544999999988,1.1063999999997236,1.123100000000001,1.3726999999997247,2163,119,two_stage
1166,372.209,373.0008999999998,646.7544999999988,0.7918999999997709,0.6684999999999741,0.920399999999745,785,75,two_stage
1167,372.334,372.87599999999975,646.7544999999988,0.5419999999997458,3.127300000000025,0.6668999999997709,749,417,two_stage
1168,372.551,372.7913999999997,646.7544999999988,0.24039999999973816,0.40140000000002307,0.32499999999976126,346,44,two_stage
1169,373.248,373.39569999999975,646.7544999999988,0.1476999999997588,0.5466999999999824,0.26959999999974116,719,59,two_stage
1170,373.508,373.51759999999973,646.7544999999988,0.009599999999750253,1.2485000000000275,0.44449999999977763,3849,113,two_stage
1171,373.552,373.95249999999976,646.7544999999988,0.40049999999973807,1.017700000000014,0.8349999999997522,3845,81,two_stage
1172,375.042,375.4888999999998,646.7544999999988,0.44689999999980046,1.10709999999998,0.6611999999997806,1643,124,two_stage
1173,375.321,375.35349999999977,646.7544999999988,0.03249999999974307,0.9130000000000041,0.16789999999974725,854,108,two_stage
1174,376.269,376.67089999999973,530.2667,0.4018999999997277,0.5490999999999839,0.8645999999997116,4127,12,two_stage
1175,377.07,377.1335999999997,646.7544999999988,0.06359999999972388,0.8623999999999756,0.2203999999996995,1068,98,two_stage
1176,377.321,378.4186999999997,646.7544999999988,1.0976999999996906,0.7863000000000049,1.2647999999996955,1171,86,two_stage
1177,377.554,379.14819999999975,528.7191000000001,1.5941999999997734,0.34479999999998434,1.8813999999997577,2372,8,two_stage
1178,377.59,378.2808999999997,528.7767000000001,0.690899999999715,0.195400000000027,0.828699999999742,878,8,two_stage
1179,377.754,381.8750999999997,646.7544999999988,4.121099999999672,2.3221000000000087,4.56399999999968,3929,261,two_stage
1180,378.098,378.66879999999975,646.7544999999988,0.5707999999997355,0.500600000000022,0.8265999999997575,2058,34,two_stage
1181,378.504,378.5857999999997,526.5386,0.08179999999970278,0.09020000000002683,0.1647999999997296,330,1,two_stage
1182,378.541,379.43539999999973,646.7544999999988,0.8943999999997345,1.220199999999978,1.2361999999997124,2918,122,two_stage
1183,378.756,378.92459999999977,646.7544999999988,0.1685999999997989,0.6699999999999762,0.3921999999997752,1736,62,two_stage
1184,379.524,380.30679999999967,646.7544999999988,0.7827999999996678,0.7428999999999982,0.949699999999666,1169,80,two_stage
1185,379.551,380.75079999999963,646.7544999999988,1.199799999999641,3.770500000000004,1.370299999999645,1205,500,two_stage
1186,379.75,380.0110999999997,646.7544999999988,0.2610999999997148,0.6029999999999807,0.4248999999996954,1138,61,two_stage
1187,379.758,379.7771999999997,646.7544999999988,0.01919999999972788,2.0479999999999965,0.13039999999972451,612,269,two_stage
1188,379.843,379.8883999999997,646.7544999999988,0.045399999999688134,0.4107000000000089,0.16809999999969705,727,40,two_stage
1189,380.041,382.6890999999997,646.7544999999988,2.6480999999997152,7.014700000000017,3.0963999999997327,3983,912,two_stage
1190,380.073,380.1748999999997,526.8842000000005,0.10189999999971633,0.15349999999997327,0.2337999999996896,819,3,two_stage
1191,380.244,380.92129999999963,646.7544999999988,0.6772999999996046,0.819700000000022,0.8705999999996266,1433,87,two_stage
1192,380.27,381.11459999999965,646.7544999999988,0.844599999999673,0.9725000000000182,1.0394999999996912,1449,108,two_stage
1193,380.339,380.47369999999967,646.7544999999988,0.1346999999996683,0.8556999999999755,0.29919999999964375,1145,96,two_stage
1194,380.541,380.63819999999964,646.7544999999988,0.09719999999964557,1.7685999999999862,0.20979999999963184,626,230,two_stage
1195,380.998,381.3094999999997,646.7544999999988,0.3114999999996826,1.2435999999999938,0.6982999999996764,3368,119,two_stage
1196,381.495,409.5685999999998,646.7544999999988,28.07359999999977,3.08460000000001,29.00539999999978,8818,299,two_stage
1197,381.522,404.01689999999974,646.7544999999988,22.494899999999745,1.4356000000000133,23.39769999999976,8528,74,two_stage
1198,381.588,381.69629999999967,646.7544999999988,0.10829999999964457,1.1436000000000237,0.2870999999996684,1288,134,two_stage
1199,381.834,383.7096999999997,646.7544999999988,1.8756999999997106,2.8371999999999735,2.624899999999684,6992,290,two_stage
1200,381.996,382.4656999999997,646.7544999999988,0.4696999999997047,1.3178000000000265,0.6930999999997312,1734,152,two_stage
1201,382.246,382.3179999999997,646.7544999999988,0.07199999999971851,2.1060999999999863,0.2196999999997047,977,272,two_stage
1202,382.738,383.13739999999973,646.7544999999988,0.39939999999972997,3.2938999999999896,0.5180999999997198,687,441,two_stage
1203,382.745,383.5413999999997,646.7544999999988,0.7963999999997213,3.091499999999988,0.9646999999997092,1183,406,two_stage
1204,383.084,383.39509999999973,646.7544999999988,0.31109999999972615,1.1326999999999965,0.4573999999997227,963,137,two_stage
1205,383.193,383.2560999999997,528.8343000000001,0.0630999999997357,0.19660000000001,0.2020999999997457,890,8,two_stage
1206,383.799,384.7467999999997,646.7544999999988,0.9477999999997451,2.4688000000000123,1.0765999999997575,788,325,two_stage
1207,383.799,385.04019999999974,646.7544999999988,1.2411999999997647,1.069199999999979,1.4391999999997438,1480,121,two_stage
1208,383.824,384.5346999999997,629.1408999999985,0.7106999999996901,0.30789999999999795,0.7953999999996881,347,31,two_stage
1209,384.02,384.4588999999997,646.7544999999988,0.4388999999997054,0.4862000000000152,0.5146999999997206,258,57,two_stage
1210,384.073,384.87559999999974,616.770499999999,0.8025999999997566,0.3662000000000072,0.9671999999997638,1146,28,two_stage
1211,384.246,384.6193999999997,646.7544999999988,0.3733999999997195,3.583400000000023,0.5007999999997423,774,480,two_stage
1212,384.268,385.2381999999997,646.7544999999988,0.9701999999997497,1.896999999999986,1.5279999999997358,5078,186,two_stage
1213,384.268,413.1816999999998,646.7544999999988,28.913699999999835,2.3792999999999926,29.881799999999828,9181,196,two_stage
1214,385.341,385.7959999999997,646.7544999999988,0.45499999999969987,1.0282000000000273,1.2023999999997272,6974,39,two_stage
1215,385.835,386.54339999999974,646.7544999999988,0.7083999999997559,0.40640000000000825,0.8267999999997642,684,40,two_stage
1216,386.023,386.66179999999974,646.7544999999988,0.6387999999997191,2.491299999999992,0.7900999999997111,1013,325,two_stage
1217,386.073,388.07429999999965,646.7544999999988,2.0012999999996737,4.188299999999972,2.359199999999646,3079,532,two_stage
1218,386.321,405.91969999999975,646.7544999999988,19.598699999999724,2.6233000000000217,20.529999999999745,8813,235,two_stage
1219,386.33,386.81309999999974,646.7544999999988,0.4830999999997516,0.6657999999999826,0.6520999999997343,1190,69,two_stage
1220,386.518,386.9820999999997,646.7544999999988,0.46409999999974616,3.079300000000004,0.6345999999997503,1205,404,two_stage
1221,386.592,387.1525999999997,646.7544999999988,0.560599999999738,0.7542999999999802,0.7748999999997181,1643,75,two_stage
1222,387.076,387.3668999999997,617.058899999999,0.29089999999968086,0.4260999999999777,0.5153999999996586,1745,28,two_stage
1223,387.408,387.7582999999997,646.7544999999988,0.3502999999996632,1.061999999999979,0.5482999999996423,1480,120,two_stage
1224,387.591,387.5913999999997,646.7544999999988,0.0003999999996722181,0.8004999999999982,0.1672999999996705,1169,88,two_stage
1225,387.755,390.39719999999954,646.7544999999988,2.642199999999548,2.7373999999999956,3.1043999999995435,4122,316,two_stage
1226,387.824,387.95629999999966,646.7544999999988,0.13229999999964548,0.5499999999999949,0.2502999999996405,680,60,two_stage
1227,388.001,396.26589999999965,526.6754000000002,8.26489999999967,0.7499000000000018,9.000399999999672,6855,2,two_stage
1228,388.075,389.0545999999996,595.6005000000002,0.979599999999607,0.38170000000000504,1.174099999999612,1445,26,two_stage
1229,388.197,389.4454999999996,586.3362000000012,1.2484999999995807,0.403500000000013,1.4791999999995937,1807,24,two_stage
1230,388.247,388.4321999999996,646.7544999999988,0.185199999999611,2.5928000000000218,0.35879999999963275,1236,336,two_stage
1231,388.322,389.2490999999996,646.7544999999988,0.9270999999995979,0.6715999999999829,1.1234999999995807,1464,66,two_stage
1232,388.519,388.60579999999965,617.260499999999,0.08679999999964139,0.3825999999999832,0.26779999999962456,1310,28,two_stage
1233,388.647,388.78679999999963,646.7544999999988,0.13979999999963866,3.9819999999999838,0.26259999999962247,728,536,two_stage
1234,388.841,388.9095999999996,617.6033999999989,0.06859999999960564,0.3465999999999818,0.21359999999958745,950,28,two_stage
1235,389.577,389.6761999999996,595.7877000000002,0.09919999999959828,0.35729999999999085,0.2692999999995891,1201,26,two_stage
1236,389.802,390.04269999999957,586.5090000000013,0.24069999999954916,0.3953999999999999,0.4632999999995491,1726,24,two_stage
1237,389.822,389.8462999999996,646.7544999999988,0.024299999999584543,0.7363999999999828,0.22069999999956735,1464,75,two_stage
1238,390.074,391.6886999999995,646.7544999999988,1.614699999999516,1.1540000000000272,2.0846999999995433,4200,95,two_stage
1239,390.156,390.26529999999957,526.9058000000006,0.10929999999956408,0.15349999999997327,0.24119999999953734,819,3,two_stage
1240,390.586,390.94409999999954,529.5466999999999,0.35809999999952424,0.17919999999998917,0.4724999999995134,644,9,two_stage
1241,390.773,390.85939999999954,646.7544999999988,0.08639999999951442,0.32229999999999803,0.17109999999951242,347,33,two_stage
1242,390.904,391.0584999999995,646.7544999999988,0.1544999999995298,1.2746999999999746,0.5723999999995044,3679,119,two_stage
1243,391.334,391.4763999999995,528.8919000000001,0.1423999999994976,0.19520000000002036,0.27999999999951797,876,8,two_stage
1244,391.349,394.50139999999965,646.7544999999988,3.152399999999659,10.088500000000023,3.6864999999996826,4841,1327,two_stage
1245,391.521,391.6139999999995,529.8490999999999,0.09299999999950614,0.1539000000000071,0.16769999999951324,247,11,two_stage
1246,391.742,392.29999999999956,646.7544999999988,0.557999999999538,0.740500000000022,0.75129999999956,1433,76,two_stage
1247,391.755,392.9230999999996,646.7544999999988,1.1680999999995834,3.026400000000013,1.5160999999995965,2980,372,two_stage
1248,391.835,392.4932999999996,629.3640999999985,0.6582999999995991,0.4596999999999781,0.8947999999995773,1865,31,two_stage
1249,392.027,392.15869999999956,646.7544999999988,0.13169999999956872,1.199700000000001,0.2729999999995698,913,147,two_stage
1250,392.577,392.72979999999956,646.7544999999988,0.15279999999955862,0.762100000000022,0.34609999999958063,1433,79,two_stage
1251,392.742,393.4763999999996,646.7544999999988,0.7343999999995958,1.9003000000000152,1.122699999999611,3383,210,two_stage
1252,392.971,393.2710999999996,646.7544999999988,0.30009999999958836,0.5581000000000225,0.5053999999996108,1553,49,two_stage
1253,393.497,393.9491999999996,646.7544999999988,0.4521999999996069,0.46050000000002256,0.5598999999996295,577,49,two_stage
1254,393.505,393.86469999999963,646.7544999999988,0.3596999999996342,0.42289999999999134,0.44419999999962556,345,47,two_stage
1255,393.525,394.05689999999964,646.7544999999988,0.5318999999996663,2.683700000000005,0.9763999999996713,3945,311,two_stage
1256,394.816,395.0354999999997,646.7544999999988,0.21949999999969805,5.789099999999974,0.32059999999967204,511,790,two_stage
1257,395.022,395.13659999999965,646.7544999999988,0.11459999999965476,3.9824000000000077,0.5257999999996628,3612,496,two_stage
1258,395.071,411.63429999999977,646.7544999999988,16.563299999999742,3.171900000000011,17.495999999999754,8827,311,two_stage
1259,395.251,395.80579999999964,595.9749000000002,0.5547999999996591,0.3416000000000097,0.7091999999996688,1044,26,two_stage
1260,395.252,395.67259999999965,588.5482000000012,0.42059999999963793,0.313199999999988,0.5537999999996259,832,25,two_stage
1261,395.257,395.96019999999965,646.7544999999988,0.7031999999996401,1.2419999999999791,0.9011999999996192,1480,145,two_stage
1262,395.26,395.54779999999965,528.9495000000001,0.2877999999996632,0.18239999999999335,0.4125999999996566,748,8,two_stage
1263,396.099,396.1581999999996,646.7544999999988,0.059199999999634656,2.3469000000000224,0.1668999999996572,577,311,two_stage
1264,396.406,397.9937999999996,646.7544999999988,1.5877999999996177,3.0934000000000177,1.9307999999996355,2930,382,two_stage
1265,396.523,397.00139999999965,646.7544999999988,0.478399999999624,0.8684000000000015,0.5691999999996256,408,108,two_stage
1266,396.797,397.09219999999965,646.7544999999988,0.29519999999962465,2.2221999999999875,0.4437999999996123,986,288,two_stage
1267,397.004,397.4038999999996,529.9282999999999,0.39989999999960446,0.36630000000000945,0.6869999999996139,2371,11,two_stage
1268,397.085,397.24079999999964,646.7544999999988,0.1557999999996582,1.1278999999999857,0.318899999999644,1131,134,two_stage
1269,397.395,400.54289999999975,646.7544999999988,3.1478999999997654,5.50399999999999,3.676699999999755,4788,691,two_stage
1270,397.522,397.69099999999963,646.7544999999988,0.16899999999964166,0.4210999999999768,0.24449999999961847,255,48,two_stage
1271,397.584,397.7664999999996,617.9785999999989,0.18249999999960664,0.4289000000000138,0.40979999999962047,1773,28,two_stage
1272,397.691,401.74849999999975,583.9282000000009,4.057499999999777,0.8526999999999867,4.744599999999764,6371,23,two_stage
1273,397.756,399.9748999999997,646.7544999999988,2.218899999999735,3.789800000000012,2.6678999999997473,3990,464,two_stage
1274,397.999,398.55749999999966,646.7544999999988,0.5584999999996398,1.035400000000024,0.9170999999996639,3086,94,two_stage
1275,398.253,398.33679999999964,527.2370000000008,0.08379999999965548,0.2567000000000221,0.3044999999996776,1707,5,two_stage
1276,398.334,399.0475999999997,646.7544999999988,0.7135999999997011,0.9623999999999935,1.1431999999996947,3796,74,two_stage
1277,398.845,398.9160999999997,646.7544999999988,0.07109999999966021,0.5419000000000168,0.20259999999967704,815,57,two_stage
1278,399.086,402.43559999999974,646.7544999999988,3.3495999999997252,2.6014999999999846,4.08629999999971,6867,259,two_stage
1279,399.296,399.4771999999997,534.58,0.1811999999997056,0.30389999999998163,0.3338999999996872,1027,21,two_stage
1280,399.591,399.6298999999997,646.7544999999988,0.03889999999967131,1.3674000000000273,0.3838999999996986,2950,142,two_stage
1281,399.987,400.4238999999997,646.7544999999988,0.43689999999969586,3.1502000000000283,0.5558999999997241,690,421,two_stage
1282,400.753,401.32299999999975,646.7544999999988,0.5699999999997658,0.9150999999999996,0.9954999999997654,3755,68,two_stage
1283,400.775,401.19139999999976,646.7544999999988,0.4163999999997827,1.2907999999999917,0.5479999999997744,816,161,two_stage
1284,400.996,401.07169999999974,646.7544999999988,0.07569999999975607,0.537300000000023,0.19539999999977908,697,58,two_stage
1285,401.803,425.2625,646.7544999999988,23.45949999999999,3.9200999999999775,24.62919999999997,11197,382,two_stage
1286,402.691,403.1722999999997,646.7544999999988,0.4812999999997487,0.4300999999999914,0.5657999999997401,345,48,two_stage
1287,402.753,403.2567999999997,646.7544999999988,0.5037999999997282,0.5144000000000082,0.6221999999997365,684,55,two_stage
1288,402.998,403.3751999999997,526.9274000000006,0.37719999999973197,0.18750000000002193,0.5430999999997539,1159,3,two_stage
1289,403.446,403.54109999999974,646.7544999999988,0.09509999999971797,5.950200000000013,0.22049999999973124,754,809,two_stage
1290,403.502,403.66649999999976,646.7544999999988,0.16449999999974807,1.3004999999999716,0.4281999999997197,2137,144,two_stage
1291,403.823,403.93019999999973,646.7544999999988,0.10719999999975016,1.8651000000000075,0.1938999999997577,367,247,two_stage
1292,404.324,405.30459999999977,646.7544999999988,0.9805999999997539,0.8926999999999853,1.1316999999997392,1011,103,two_stage
1293,404.505,405.03579999999977,646.7544999999988,0.5307999999997719,1.218199999999995,0.676199999999767,954,149,two_stage
1294,404.693,405.45569999999975,627.3917999999985,0.7626999999997679,0.4578999999999869,1.0045999999997548,1919,30,two_stage
1295,404.756,404.91969999999975,646.7544999999988,0.16369999999977836,7.316100000000017,0.27979999999979555,661,1000,two_stage
1296,405.156,405.18119999999976,596.1621000000001,0.02519999999975653,0.31060000000000376,0.14859999999976026,734,26,two_stage
1297,405.589,405.69759999999974,606.0389999999995,0.1085999999997398,0.41650000000001175,0.3306999999997515,1721,27,two_stage
1298,406.02,406.93759999999975,646.7544999999988,0.9175999999997657,1.191599999999979,1.1155999999997448,1480,138,two_stage
1299,406.352,407.30609999999973,646.7544999999988,0.9540999999997553,5.457400000000015,1.5298999999997704,5258,678,two_stage
1300,406.839,406.8509999999998,646.7544999999988,0.011999999999773081,0.4537999999999758,0.09859999999974889,366,51,two_stage
1301,407.022,407.1355999999997,646.7544999999988,0.11359999999973525,3.540100000000004,0.28409999999973934,1205,468,two_stage
1302,407.312,408.3963999999998,646.7544999999988,1.084399999999789,6.883800000000019,1.3657999999998083,2314,917,two_stage
1303,407.345,408.1781999999998,528.0999000000004,0.8331999999997493,0.2686000000000244,1.0513999999997736,1682,7,two_stage
1304,407.59,407.88189999999975,646.7544999999988,0.2918999999997709,1.1130000000000209,0.4688999999997918,1270,130,two_stage
1305,407.591,409.2285999999998,530.6699000000002,1.637599999999793,0.440799999999975,1.977599999999768,2900,14,two_stage
1306,407.907,408.05889999999977,646.7544999999988,0.15189999999978454,0.46490000000000975,0.2711999999997943,693,48,two_stage
1307,408.56,408.6777999999998,646.7544999999988,0.11779999999981783,0.8872999999999972,0.205899999999815,381,111,two_stage
1308,408.75,408.88629999999984,646.7544999999988,0.1362999999998351,0.5279999999999831,0.2898999999998182,1036,52,two_stage
1309,408.75,408.7658999999998,646.7544999999988,0.015899999999817283,0.5164000000000177,0.1362999999998351,704,55,two_stage
1310,408.838,409.0398999999998,588.7282000000012,0.2018999999997959,0.368699999999983,0.3905999999997789,1387,25,two_stage
1311,409.651,410.5904999999998,534.7312000000001,0.9394999999997822,0.3242999999999767,1.112599999999759,1231,21,two_stage
1312,409.819,410.5003999999998,646.7544999999988,0.6813999999997691,1.0045000000000068,0.7714999999997758,401,127,two_stage
1313,409.902,411.1928999999998,646.7544999999988,1.2908999999997945,2.3565999999999874,1.732299999999782,3914,266,two_stage
1314,410.75,410.76359999999977,646.7544999999988,0.013599999999769352,1.1925000000000119,0.44289999999978136,3793,106,two_stage
1315,412.518,412.5669999999998,646.7544999999988,0.04899999999980764,3.0475000000000056,0.49009999999981346,3911,362,two_stage
1316,412.943,413.0080999999998,646.7544999999988,0.0650999999998021,3.773600000000022,0.23869999999982383,1236,500,two_stage
1317,413.5,414.1497999999998,646.7544999999988,0.6497999999998001,0.6218000000000102,0.7459999999998104,462,73,two_stage
1318,413.898,414.2459999999998,646.7544999999988,0.3479999999997858,0.9142999999999765,0.5638999999997623,1659,97,two_stage
1319,413.989,439.6330999999998,646.7544999999988,25.64409999999981,9.783399999999988,28.054699999999798,23606,1024,two_stage
1320,414.268,414.4618999999998,646.7544999999988,0.19389999999981455,1.213900000000006,0.34219999999982065,983,148,two_stage
1321,415.076,415.7559999999998,646.7544999999988,0.6799999999997794,0.841100000000027,0.8802999999998065,1503,89,two_stage
1322,415.087,416.51099999999985,646.7544999999988,1.4239999999998645,0.8514000000000255,1.72099999999989,2470,77,two_stage
1323,415.338,416.8079999999999,646.7544999999988,1.4699999999998568,11.171400000000027,1.7909999999998831,2710,1507,two_stage
1324,415.443,415.6095999999998,646.7544999999988,0.16659999999978936,0.7584000000000283,0.31299999999981765,964,85,two_stage
1325,415.518,416.28689999999983,586.6818000000013,0.76889999999986,0.3969000000000213,0.9929999999998813,1741,24,two_stage
1326,415.768,415.9562999999998,646.7544999999988,0.18829999999985603,1.1638000000000213,0.3224999999998772,842,143,two_stage
1327,415.898,416.09049999999985,646.7544999999988,0.19249999999982492,0.7291999999999828,0.38889999999980773,1464,74,two_stage
1328,416.768,417.6271999999999,646.7544999999988,0.8591999999999302,3.1735000000000073,1.7934999999999377,8843,311,two_stage
1329,416.942,417.1289999999999,646.7544999999988,0.18699999999989814,1.1996000000000242,0.5729999999999222,3360,113,two_stage
1330,417.342,417.51499999999993,646.7544999999988,0.17299999999994498,3.5825999999999727,0.28519999999991796,622,482,two_stage
1331,417.822,418.7779999999999,646.7544999999988,0.9559999999999036,0.7965999999999903,1.176599999999894,1706,80,two_stage
1332,417.844,418.5614999999999,646.7544999999988,0.7174999999999159,2.9308999999999963,0.9339999999999122,1665,377,two_stage
1333,418.217,418.9985999999999,646.7544999999988,0.7815999999999121,1.74080000000002,1.8095999999999322,9780,99,two_stage
1334,419.149,421.0438,646.7544999999988,1.8947999999999752,3.2050000000000076,2.723799999999983,7790,330,two_stage
1335,419.503,420.21079999999995,646.7544999999988,0.7077999999999633,0.6493999999999731,0.8747999999999365,1170,67,two_stage
1336,419.506,420.0265999999999,646.7544999999988,0.5205999999999449,0.6660000000000201,0.6033999999999651,328,81,two_stage
1337,420.018,420.49279999999993,646.7544999999988,0.47479999999995925,2.416900000000004,0.6452999999999633,1205,312,two_stage
1338,420.097,420.10939999999994,646.7544999999988,0.01239999999995689,3.1326000000000125,0.11379999999996926,514,421,two_stage
1339,420.098,420.66329999999994,646.7544999999988,0.5652999999999224,3.2832000000000185,0.7524999999999409,1372,430,two_stage
1340,420.253,420.3777999999999,646.7544999999988,0.12479999999993652,1.389400000000009,0.2397999999999456,650,177,two_stage
1341,420.769,420.85049999999995,646.7544999999988,0.08149999999994861,0.870100000000022,0.2747999999999706,1433,94,two_stage
1342,421.518,421.8728,646.7544999999988,0.35480000000001155,3.947699999999988,0.4649000000000001,601,533,two_stage
1343,422.004,423.1566,646.7544999999988,1.1526000000000067,1.8538999999999781,1.264099999999985,615,242,two_stage
1344,422.492,423.6066,646.7544999999988,1.1145999999999958,2.7955000000000223,1.390100000000018,2255,350,two_stage
1345,422.503,423.0462,646.7544999999988,0.543200000000013,1.406400000000027,0.6536000000000399,604,180,two_stage
1346,422.59,423.2681,646.7544999999988,0.678100000000029,3.4101999999999877,0.8267000000000166,986,453,two_stage
1347,422.753,423.4167,646.7544999999988,0.6637000000000057,1.3995000000000228,0.8536000000000286,1399,168,two_stage
1348,423.896,424.97700000000003,526.9490000000006,1.0810000000000173,0.15349999999997327,1.2128999999999905,819,3,two_stage
1349,424.499,425.1089,646.7544999999988,0.6098999999999819,0.7655999999999831,0.763499999999965,1036,85,two_stage
1350,424.753,437.8134999999998,646.7544999999988,13.06049999999982,3.6787999999999723,14.773699999999792,16632,273,two_stage
1351,426.249,426.43219999999997,526.5458,0.18319999999994252,0.17639999999998937,0.3523999999999319,1192,1,two_stage
1352,426.752,427.77419999999995,646.7544999999988,1.0221999999999412,2.7899999999999783,1.5009999999999195,4288,321,two_stage
1353,428.254,429.8528999999999,646.7544999999988,1.598899999999901,1.0255999999999883,2.0916999999998893,4428,74,two_stage
1354,428.894,429.4257999999999,646.7544999999988,0.5317999999999188,2.9758999999999958,0.9588999999999146,3771,354,two_stage
1355,429.144,430.4906999999999,646.7544999999988,1.3466999999998848,3.232199999999997,2.094899999999882,6982,345,two_stage
1356,430.312,430.3456999999999,530.7707000000003,0.03369999999989659,0.2457999999999818,0.1786999999998784,950,14,two_stage
1357,430.518,431.2388999999999,646.7544999999988,0.720899999999915,2.958900000000001,1.1669999999999163,3961,349,two_stage
1358,431.943,433.05739999999986,606.2333999999995,1.1143999999998755,0.36749999999997673,1.2874999999998522,1231,27,two_stage
1359,432.019,433.23049999999984,646.7544999999988,1.2114999999998304,2.7969000000000093,1.4163999999998396,1549,360,two_stage
1360,432.442,432.8935999999999,646.7544999999988,0.4515999999998712,0.5093999999999806,0.6153999999998518,1138,48,two_stage
1361,434.005,435.14219999999983,646.7544999999988,1.1371999999998366,3.4667999999999726,2.0695999999998094,8824,352,two_stage
1362,434.525,434.6444999999998,536.3755000000003,0.11949999999984584,0.5220000000000194,0.4830999999998653,3136,22,two_stage
1363,434.893,435.00809999999984,646.7544999999988,0.1150999999998703,1.0772999999999895,0.24919999999985976,841,131,two_stage
1364,435.192,436.0745999999998,646.7544999999988,0.8825999999997975,1.0557999999999748,0.9879999999997722,554,132,two_stage
1365,436.894,437.7100999999998,646.7544999999988,0.8160999999997784,0.8450000000000218,0.9194999999998004,534,103,two_stage
1366,438.192,439.5266999999998,646.7544999999988,1.3346999999997706,2.864000000000008,1.4410999999997784,564,383,two_stage
1367,439.944,442.31979999999976,618.1801999999989,2.3757999999997423,0.43210000000000637,2.6062999999997487,1805,28,two_stage
1368,440.312,442.0436999999998,526.9706000000007,1.731699999999762,0.15349999999997327,1.8635999999997352,819,3,two_stage
1369,440.489,442.55029999999977,646.7544999999988,2.0612999999997896,9.214200000000021,2.7074999999998113,5962,1190,two_stage
1370,441.766,442.17559999999975,646.7544999999988,0.4095999999997275,1.253000000000012,0.5537999999997396,942,154,two_stage
1371,442.421,443.33469999999977,646.7544999999988,0.9136999999997784,3.772500000000028,1.7629999999998063,7993,406,two_stage
1372,442.944,443.1964999999998,646.7544999999988,0.25249999999977035,0.8365999999999835,0.3906999999997538,882,97,two_stage
1373,443.405,444.3223999999998,596.3493000000001,0.9173999999998159,0.35029999999998584,1.0804999999998017,1131,26,two_stage
1374,443.467,444.4854999999998,530.8715000000003,1.01849999999979,0.5767999999999991,1.494499999999789,4260,14,two_stage
1375,444.09,444.1839999999998,646.7544999999988,0.09399999999982356,3.58719999999999,0.23239999999981364,884,479,two_stage
1376,444.263,481.99809999999957,646.7544999999988,37.73509999999959,1.2500000000000193,38.29389999999961,5088,96,two_stage
1377,444.51,444.9614999999998,646.7544999999988,0.45149999999978263,0.6064999999999972,0.5395999999997798,381,72,two_stage
1378,444.762,445.45869999999974,646.7544999999988,0.696699999999737,1.8572000000000017,1.0922999999997387,3456,203,two_stage
1379,444.772,445.04959999999977,646.7544999999988,0.27759999999977936,0.385799999999973,0.38979999999975234,622,38,two_stage
1380,444.942,446.38579999999973,530.9723000000004,1.443799999999726,0.5088000000000155,1.8517999999997414,3580,14,two_stage
1381,444.965,445.16179999999974,618.3817999999989,0.19679999999976872,0.34040000000000337,0.3355999999997721,888,28,two_stage
1382,445.046,446.79379999999975,646.7544999999988,1.7477999999997564,0.9380999999999892,2.1746999999997456,3769,71,two_stage
1383,445.271,445.30059999999975,618.5833999999988,0.029599999999732063,0.35969999999999036,0.18769999999972242,1081,28,two_stage
1384,445.466,445.85429999999974,646.7544999999988,0.38829999999973097,0.6310999999999831,0.47939999999971405,411,75,two_stage
1385,445.547,445.9453999999997,596.5365,0.3983999999996968,0.3337000000000032,0.5448999999997,965,26,two_stage
1386,445.812,446.21139999999974,646.7544999999988,0.39939999999972997,0.8007999999999914,0.5737999999997214,1244,87,two_stage
1387,445.946,446.0918999999997,646.7544999999988,0.14589999999969905,0.5371000000000163,0.2653999999997154,695,58,two_stage
1388,446.942,447.47719999999975,646.7544999999988,0.5351999999997474,0.4090999999999791,0.6706999999997265,855,38,two_stage
1389,447.062,447.22069999999974,646.7544999999988,0.15869999999972606,0.4072000000000218,0.2346999999997479,260,46,two_stage
1390,447.194,447.91819999999973,596.7237,0.724199999999712,0.3518999999999821,0.888899999999694,1147,26,two_stage
1391,447.266,447.29669999999976,646.7544999999988,0.030699999999740157,0.4720000000000218,0.10669999999976199,260,55,two_stage
1392,447.311,447.61269999999973,646.7544999999988,0.30169999999975516,0.9814000000000216,0.4478999999997768,962,116,two_stage
1393,447.311,447.75889999999976,618.7849999999988,0.4478999999997768,0.36089999999997335,0.6071999999997502,1093,28,two_stage
1394,447.32,447.3726999999998,646.7544999999988,0.05269999999978836,2.2932999999999732,0.15719999999976153,545,304,two_stage
1395,447.715,449.14839999999975,646.7544999999988,1.4333999999997786,1.4121000000000061,1.8590999999997848,3757,137,two_stage
1396,447.941,448.0828999999997,536.5339000000004,0.1418999999997368,0.34630000000001326,0.32979999999975007,1379,22,two_stage
1397,448.048,477.27529999999956,646.7544999999988,29.22729999999956,3.2008999999999883,29.684999999999548,4077,381,two_stage
1398,448.06,448.2707999999997,646.7544999999988,0.21079999999972188,1.493499999999986,0.581099999999708,3203,156,two_stage
1399,448.3,448.7322999999997,526.553,0.4322999999997137,0.10939999999998208,0.5344999999996958,522,1,two_stage
1400,448.405,448.97479999999973,646.7544999999988,0.5697999999997592,0.6200000000000216,0.7433999999997809,1236,62,two_stage
1401,448.459,448.8344999999997,646.7544999999988,0.37549999999970396,0.6731000000000247,0.5157999999997287,903,74,two_stage
1402,448.472,448.6410999999997,646.7544999999988,0.16909999999973024,0.6456000000000148,0.26029999999974507,412,77,two_stage
1403,449.466,450.1235999999998,646.7544999999988,0.6575999999997748,2.380900000000004,0.8280999999997789,1205,307,two_stage
1404,449.546,449.57409999999976,646.7544999999988,0.028099999999767533,1.0365000000000237,0.17179999999979145,937,124,two_stage
1405,449.546,456.54399999999976,646.7544999999988,6.997999999999763,1.1774000000000173,7.42659999999978,3786,104,two_stage
1406,449.617,451.4534999999998,606.4277999999995,1.8364999999997735,0.42640000000002776,2.0684999999998013,1820,27,two_stage
1407,449.617,449.9606999999998,596.9109,0.3436999999997852,0.3500999999999792,0.5065999999997643,1129,26,two_stage
1408,449.691,449.7177999999998,646.7544999999988,0.026799999999809643,0.7080000000000283,0.17319999999983793,964,78,two_stage
1409,449.81,449.8641999999998,646.7544999999988,0.054199999999809734,1.5004999999999917,0.15069999999980155,465,195,two_stage
1410,450.263,450.2940999999998,618.9865999999988,0.03109999999981028,0.3734999999999937,0.202999999999804,1219,28,two_stage
1411,450.295,450.4659999999998,646.7544999999988,0.1709999999997649,0.6579000000000201,0.288899999999785,679,75,two_stage
1412,450.312,450.8975999999998,646.7544999999988,0.5855999999997721,0.7752999999999821,0.7776999999997543,1421,81,two_stage
1413,450.312,450.7380999999998,597.0980999999999,0.4260999999997921,0.34669999999998,0.5855999999997721,1095,26,two_stage
1414,450.442,450.5838999999998,646.7544999999988,0.14189999999979364,1.335000000000003,0.29609999999979664,1042,164,two_stage
1415,450.945,451.08969999999977,646.7544999999988,0.1446999999997729,0.5305000000000041,0.315199999999777,1205,50,two_stage
1416,451.01,451.26019999999977,646.7544999999988,0.25019999999977927,0.6685000000000221,0.4434999999998013,1433,66,two_stage
1417,451.56,451.6854999999998,646.7544999999988,0.12549999999981765,0.5227000000000033,0.201799999999821,263,62,two_stage
1418,451.761,451.7617999999998,646.7544999999988,0.0007999999997991836,1.3077000000000223,0.40129999999982147,3505,126,two_stage
1419,451.941,452.16229999999985,597.4036999999998,0.2212999999998715,0.3452000000000155,0.37929999999988695,1080,26,two_stage
1420,452.017,473.33389999999963,646.7544999999988,21.316899999999634,2.1891000000000096,21.756399999999644,3895,243,two_stage
1421,452.154,452.48749999999984,646.7544999999988,0.3334999999998445,1.5561999999999832,0.5144999999998277,1310,191,two_stage
1422,452.154,452.32029999999986,646.7544999999988,0.16629999999986467,0.6711999999999798,0.3334999999998445,1172,70,two_stage
1423,452.465,452.6684999999998,646.7544999999988,0.20349999999984902,1.0115999999999792,0.4014999999998281,1480,113,two_stage
1424,452.69,453.0340999999998,646.7544999999988,0.34409999999979846,0.5220999999999965,0.4629999999997949,689,56,two_stage
1425,452.695,452.9422999999998,646.7544999999988,0.2472999999998251,0.3941999999999779,0.339099999999803,418,42,two_stage
1426,452.715,490.7936999999996,646.7544999999988,38.07869999999963,3.284499999999983,39.04479999999961,9161,322,two_stage
1427,452.767,453.2985999999998,619.1881999999988,0.5315999999997985,0.3780999999999759,0.7080999999997744,1265,28,two_stage
1428,452.834,452.8664999999998,630.7320999999987,0.03249999999979991,0.3062000000000152,0.1082999999998151,258,32,two_stage
1429,452.944,453.6523999999998,526.5602,0.7083999999997559,0.18600000000002384,0.8871999999997797,1288,1,two_stage
1430,453.021,488.1877999999995,646.7544999999988,35.16679999999951,3.2481000000000266,36.13249999999954,9157,317,two_stage
1431,453.024,453.1529999999998,627.6077999999985,0.12899999999979173,0.3616000000000017,0.27459999999979345,956,30,two_stage
1432,453.062,453.47509999999977,646.7544999999988,0.41309999999975844,0.7389000000000024,0.5903999999997609,1273,78,two_stage
1433,453.153,454.1364999999998,526.5674,0.9834999999997649,0.26179999999998216,1.238099999999747,2046,1,two_stage
1434,453.763,453.8311999999998,628.3869999999985,0.06819999999981974,0.3668000000000038,0.21899999999982356,1008,30,two_stage
1435,453.904,454.8925999999998,646.7544999999988,0.9885999999997921,2.6718999999999853,1.3348999999997773,2963,323,two_stage
1436,453.969,453.9819999999998,597.5908999999998,0.012999999999806278,0.34169999999998457,0.16749999999979082,1045,26,two_stage
1437,454.189,454.39109999999977,646.7544999999988,0.2020999999997457,1.0445000000000184,0.396999999999764,1449,118,two_stage
1438,454.438,454.5859999999998,646.7544999999988,0.14799999999979718,0.6399000000000039,0.2910999999998012,931,69,two_stage
1439,454.692,454.7290999999998,597.7780999999998,0.037099999999782085,0.3506999999999991,0.20059999999978118,1135,26,two_stage
1440,454.94,455.7145999999998,646.7544999999988,0.7745999999997935,1.0777999999999872,1.1611999999997806,3366,96,two_stage
1441,454.941,455.3087999999998,646.7544999999988,0.36779999999981783,0.8026999999999898,0.48649999999980764,687,95,two_stage
1442,454.994,455.2388999999998,646.7544999999988,0.24489999999974543,0.4515000000000183,0.3147999999997637,199,53,two_stage
1443,455.117,455.4274999999998,529.0071,0.3104999999997631,0.34470000000000944,0.5975999999997725,2371,8,two_stage
1444,455.692,492.0517999999996,646.7544999999988,36.35979999999961,3.2056000000000213,37.32619999999963,9164,311,two_stage
1445,455.836,456.1011999999998,646.7544999999988,0.2651999999997656,0.8040000000000148,0.35639999999978045,412,99,two_stage
1446,455.904,456.1923999999998,646.7544999999988,0.2883999999997968,1.7477999999999896,0.38739999999978636,490,229,two_stage
1447,456.06,456.2913999999998,646.7544999999988,0.23139999999978045,0.6115999999999908,0.33899999999977126,576,70,two_stage
1448,456.297,456.3989999999998,646.7544999999988,0.10199999999974807,1.2969999999999817,0.24699999999972988,950,160,two_stage
1449,456.407,473.77339999999964,646.7544999999988,17.366399999999658,2.521799999999974,17.80739999999963,3910,289,two_stage
1450,456.693,494.53249999999963,646.7544999999988,37.839499999999646,1.8637000000000197,38.875199999999666,9857,115,two_stage
1451,456.812,456.9725999999998,646.7544999999988,0.1605999999997607,0.48670000000001634,0.2800999999997771,695,51,two_stage
1452,456.834,457.0920999999998,646.7544999999988,0.2580999999997857,1.2136999999999993,0.4061999999997852,981,148,two_stage
1453,457.011,457.3244999999998,646.7544999999988,0.313499999999749,1.5386000000000009,0.4624999999997499,990,193,two_stage
1454,457.047,457.7414999999998,646.7544999999988,0.6944999999997776,10.78040000000002,0.9844999999997981,2400,1457,two_stage
1455,457.155,458.12019999999984,646.7544999999988,0.9651999999998679,3.077400000000001,1.3641999999998689,3490,372,two_stage
1456,457.189,457.2401999999998,589.0013000000012,0.05119999999976699,0.2642999999999847,0.1354999999997517,343,25,two_stage
1457,457.445,457.4734999999998,646.7544999999988,0.028499999999780812,0.5794000000000149,0.14709999999979573,686,64,two_stage
1458,457.563,457.5920999999998,646.7544999999988,0.02909999999980073,5.9454000000000145,0.17849999999981492,994,805,two_stage
1459,457.833,480.5445999999995,646.7544999999988,22.711599999999464,3.3831000000000278,23.185899999999492,4243,404,two_stage
1460,457.867,458.0314999999998,646.7544999999988,0.1644999999998049,0.823100000000017,0.253199999999822,387,102,two_stage
1461,458.047,495.65809999999965,646.7544999999988,37.611099999999624,1.600600000000025,38.74369999999965,10826,65,two_stage
1462,458.188,458.51919999999984,646.7544999999988,0.3311999999998534,1.9800999999999818,0.5112999999998351,1301,250,two_stage
1463,458.188,485.63269999999955,646.7544999999988,27.444699999999557,3.2929999999999966,28.376099999999553,8814,328,two_stage
1464,458.521,458.6992999999998,646.7544999999988,0.17829999999980828,0.7138000000000023,0.26569999999981064,374,87,two_stage
1465,458.546,461.4041999999997,646.7544999999988,2.8581999999997265,1.0605999999999791,3.0835999999997057,1754,116,two_stage
1466,458.622,458.87449999999984,646.7544999999988,0.2524999999998272,0.6069999999999998,0.4202999999998269,1178,61,two_stage
1467,458.692,471.90309999999965,646.7544999999988,13.211099999999647,1.327899999999977,13.646199999999624,3851,124,two_stage
1468,458.715,459.04229999999984,646.7544999999988,0.32729999999986603,0.41069999999997675,0.5003999999998427,1231,33,two_stage
1469,458.715,459.6420999999998,646.7544999999988,0.9270999999998253,0.6571999999999828,1.123499999999808,1464,64,two_stage
1470,458.744,458.7866999999998,646.7544999999988,0.042699999999797456,0.38300000000001566,0.1304999999998131,378,41,two_stage
1471,458.835,461.03139999999973,646.7544999999988,2.1963999999997554,0.7651999999999828,2.3927999999997382,1464,79,two_stage
1472,458.945,466.5079999999997,646.7544999999988,7.562999999999704,1.3350999999999935,7.832499999999698,2195,148,two_stage
1473,459.086,459.2153999999998,646.7544999999988,0.129399999999805,1.1029999999999833,0.26759999999978845,882,134,two_stage
1474,459.193,459.4643999999998,531.1883000000003,0.2713999999998009,0.2857000000000157,0.44909999999981665,1277,15,two_stage
1475,459.297,459.3535999999998,646.7544999999988,0.05659999999977572,1.5579999999999834,0.16739999999975907,608,201,two_stage
1476,459.834,468.4050999999997,646.7544999999988,8.571099999999717,3.6075999999999917,8.909899999999709,2888,454,two_stage
1477,459.835,459.8384999999998,646.7544999999988,0.003499999999803549,1.124599999999985,0.17769999999978836,1242,132,two_stage
1478,459.946,460.68039999999974,527.8407000000007,0.7343999999997095,0.22210000000001037,0.9204999999997199,1361,5,two_stage
1479,459.966,460.01269999999977,646.7544999999988,0.04669999999975971,0.709000000000015,0.16529999999977463,686,82,two_stage
1480,460.084,460.1312999999998,526.6898000000002,0.04729999999977963,0.14629999999997326,0.1791999999997529,819,2,two_stage
1481,460.199,460.26319999999976,646.7544999999988,0.0641999999997438,1.055599999999981,0.2125999999997248,984,126,two_stage
1482,460.2,467.0448999999997,646.7544999999988,6.844899999999711,1.3198000000000039,7.120699999999715,2258,145,two_stage
1483,460.246,489.64099999999956,646.7544999999988,29.394999999999584,3.125700000000027,30.36069999999961,9157,300,two_stage
1484,460.31,465.2642999999997,619.3897999999988,4.954299999999705,0.4608000000000212,5.213499999999726,2092,28,two_stage
1485,460.311,460.41159999999974,646.7544999999988,0.10059999999975844,1.6935999999999771,0.19579999999973552,452,222,two_stage
1486,460.405,463.18109999999973,629.5872999999985,2.776099999999758,0.4519000000000034,3.0047999999997614,1787,31,two_stage
1487,460.44,460.5067999999997,646.7544999999988,0.06679999999971642,1.9736000000000218,0.24039999999973816,1236,250,two_stage
1488,460.495,467.3206999999997,530.0074999999999,6.825699999999699,0.36630000000000945,7.112799999999709,2371,11,two_stage
1489,460.693,460.86649999999975,620.4946999999987,0.17349999999976262,0.3664999999999887,0.33839999999975134,1149,28,two_stage
1490,461.19,461.2277999999997,536.6923000000004,0.03779999999972006,0.334800000000001,0.21419999999972106,1264,22,two_stage
1491,461.561,461.6295999999997,646.7544999999988,0.06859999999971933,1.074900000000012,0.19309999999973115,745,132,two_stage
1492,461.594,461.7540999999997,646.7544999999988,0.1600999999997157,0.8050000000000042,0.2954999999997199,854,93,two_stage
1493,461.864,461.8894999999997,646.7544999999988,0.025499999999738066,0.9024000000000194,0.23669999999975744,1612,96,two_stage
1494,462.061,462.10069999999973,597.9652999999997,0.03969999999975471,0.3371000000000024,0.18959999999975707,999,26,two_stage
1495,462.062,463.40979999999973,646.7544999999988,1.3477999999997223,2.0003000000000286,1.5840999999997507,1863,245,two_stage
1496,462.215,462.5281999999997,646.7544999999988,0.3131999999997106,3.773600000000022,0.48679999999973234,1236,500,two_stage
1497,462.243,462.25059999999974,529.0647,0.007599999999740703,0.1955999999999768,0.1455999999997175,880,8,two_stage
1498,462.266,476.8252999999996,646.7544999999988,14.559299999999553,2.7395999999999887,15.009299999999541,4000,318,two_stage
1499,462.296,462.3885999999997,527.8767000000006,0.09259999999972024,0.17559999999997308,0.23219999999969332,896,5,two_stage
1500,462.59,462.7017999999997,646.7544999999988,0.11179999999973234,0.7284999999999983,0.2786999999997306,1169,78,two_stage
1501,462.715,462.9877999999997,646.7544999999988,0.2727999999997337,0.9349000000000219,0.4660999999997557,1433,103,two_stage
1502,462.837,462.8686999999997,646.7544999999988,0.03169999999971651,0.43590000000000306,0.1507999999997196,691,44,two_stage
1503,463.44,465.0355999999997,529.1223,1.5955999999997061,0.28630000000000344,1.8242999999997096,1787,8,two_stage
1504,463.517,463.81309999999974,646.7544999999988,0.2960999999997398,0.44290000000001084,0.4941999999997506,1481,34,two_stage
1505,463.59,463.64609999999976,646.7544999999988,0.05609999999978754,0.6637999999999731,0.2230999999997607,1170,69,two_stage
1506,463.816,464.50329999999974,646.7544999999988,0.687299999999766,0.982799999999979,0.8852999999997451,1480,109,two_stage
1507,463.951,464.01119999999975,646.7544999999988,0.060199999999724696,0.8292999999999983,0.22709999999972297,1169,92,two_stage
1508,464.088,493.5055999999996,646.7544999999988,29.417599999999595,1.732500000000012,30.444499999999607,9769,98,two_stage
1509,464.151,464.17809999999974,526.5746,0.027099999999734337,0.18279999999997446,0.20269999999970878,1256,1,two_stage
1510,464.34,464.3536999999997,646.7544999999988,0.01369999999974425,1.8128000000000208,0.16329999999976508,996,231,two_stage
1511,464.494,496.8753999999997,646.7544999999988,32.381399999999644,2.958399999999995,33.55419999999964,11228,248,two_stage
1512,464.495,478.19649999999956,646.7544999999988,13.701499999999555,1.2960000000000176,14.169499999999573,4180,115,two_stage
1513,464.69,464.7012999999997,646.7544999999988,0.011299999999721422,0.3796999999999914,0.09579999999971278,345,41,two_stage
1514,464.767,464.8619999999997,646.7544999999988,0.09499999999968622,1.7288000000000217,0.26859999999970796,1236,216,two_stage
1515,464.768,464.7857999999997,646.7544999999988,0.017799999999738247,0.3569999999999716,0.09399999999970987,262,39,two_stage
1516,465.266,465.52349999999973,646.7544999999988,0.25749999999970896,0.6944999999999831,0.37599999999969214,685,80,two_stage
1517,465.266,465.6419999999997,646.7544999999988,0.37599999999969214,1.0084999999999935,0.5204999999996858,945,120,two_stage
1518,465.438,475.7746999999996,646.7544999999988,10.33669999999961,2.4310999999999847,10.780599999999595,3939,276,two_stage
1519,465.443,465.7864999999997,646.7544999999988,0.3434999999997217,0.43219999999997993,0.5380999999997016,1446,33,two_stage
1520,465.59,467.8871999999997,646.7544999999988,2.297199999999748,2.796599999999975,2.609799999999723,2626,345,two_stage
1521,465.817,465.9810999999997,598.1524999999997,0.16409999999967795,0.40930000000001177,0.3861999999996897,1721,26,two_stage
1522,466.044,466.3218999999997,527.9127000000005,0.27789999999970405,0.22210000000001037,0.4639999999997144,1361,5,two_stage
1523,466.15,466.2031999999997,646.7544999999988,0.053199999999719694,0.5074999999999898,0.1718999999997095,687,54,two_stage
1524,466.441,480.07459999999946,646.7544999999988,13.63359999999949,1.0892000000000273,14.103599999999517,4200,86,two_stage
1525,466.509,466.8933999999997,646.7544999999988,0.38439999999968677,1.4186999999999985,0.5358999999996854,1015,176,two_stage
1526,466.563,466.7774999999997,646.7544999999988,0.2144999999997026,1.0519000000000105,0.33039999999971315,659,130,two_stage
1527,466.568,471.4731999999997,646.7544999999988,4.905199999999695,1.1786999999999752,5.33509999999967,3799,104,two_stage
1528,467.401,467.71979999999974,646.7544999999988,0.31879999999972597,0.8153999999999865,0.4861999999997124,1174,90,two_stage
1529,467.506,476.37559999999957,646.7544999999988,8.869599999999593,2.890500000000007,9.3192999999996,3997,339,two_stage
1530,467.516,467.6077999999997,646.7544999999988,0.09179999999969368,1.544800000000023,0.20379999999971687,620,199,two_stage
1531,467.651,468.8655999999997,646.7544999999988,1.2145999999996775,0.8431999999999744,1.640199999999652,3756,58,two_stage
1532,468.151,468.1997999999997,646.7544999999988,0.048799999999687316,1.0405000000000224,0.2540999999997098,1553,116,two_stage
1533,468.508,486.73329999999953,646.7544999999988,18.22529999999955,3.0927000000000113,19.15799999999956,8827,300,two_stage
1534,468.546,481.50839999999954,646.7544999999988,12.962399999999548,3.2833000000000276,13.452099999999575,4397,388,two_stage
1535,468.697,468.7438999999997,534.8824000000001,0.04689999999970951,0.2728999999999757,0.16859999999968522,717,21,two_stage
1536,468.94,469.29119999999966,646.7544999999988,0.35119999999966467,0.41380000000001493,0.4697999999996796,686,41,two_stage
1537,469.121,469.5997999999997,646.7544999999988,0.47879999999969414,2.0509999999999895,0.7729999999996835,2442,244,two_stage
1538,469.315,469.4097999999997,586.8546000000014,0.09479999999967959,0.36279999999999774,0.2847999999996773,1400,24,two_stage
1539,469.545,469.89399999999966,646.7544999999988,0.3489999999996485,3.0134000000000247,0.6767999999996732,2778,373,two_stage
1540,470.006,470.2217999999997,646.7544999999988,0.21579999999971733,2.0795000000000243,0.3440999999997416,783,271,two_stage
1541,470.016,477.73299999999955,646.7544999999988,7.71699999999953,3.0843000000000105,8.18049999999954,4135,364,two_stage
1542,470.063,470.4819999999997,646.7544999999988,0.4189999999996985,2.699799999999972,0.7571999999996706,2882,328,two_stage
1543,470.068,474.2143999999996,646.7544999999988,4.14639999999963,2.392900000000026,4.588099999999656,3917,271,two_stage
1544,470.316,470.3500999999997,526.9922000000007,0.03409999999973934,0.15349999999997327,0.1659999999997126,819,3,two_stage
1545,470.563,471.06159999999966,646.7544999999988,0.4985999999996693,0.4442000000000256,0.6979999999996949,1494,34,two_stage
1546,470.586,471.2609999999997,646.7544999999988,0.6749999999996703,0.5217999999999957,0.887199999999666,1622,43,two_stage
1547,470.651,470.82019999999966,532.4897,0.1691999999996483,0.24160000000002319,0.2811999999996715,620,18,two_stage
1548,470.834,470.9321999999997,646.7544999999988,0.09819999999967877,0.4173999999999755,0.2275999999996543,794,40,two_stage
1549,471.563,483.7568999999996,646.7544999999988,12.193899999999587,1.7004999999999797,12.771199999999567,5273,156,two_stage
1550,472.067,472.4256999999996,646.7544999999988,0.358699999999601,0.8406000000000169,0.5800999999996179,1714,86,two_stage
1551,472.248,472.6470999999996,646.7544999999988,0.39909999999963475,2.958699999999983,0.8377999999996177,3887,350,two_stage
1552,472.261,472.33819999999963,526.5818,0.07719999999960692,0.09469999999997726,0.16469999999958418,375,1,two_stage
1553,472.742,473.0857999999996,646.7544999999988,0.34379999999958955,4.522499999999994,0.44549999999958345,517,614,two_stage
1554,472.816,473.1874999999996,646.7544999999988,0.371499999999628,0.8808000000000282,0.5178999999996563,964,102,two_stage
1555,474.261,474.9219999999996,646.7544999999988,0.6609999999996035,1.488299999999975,1.0908999999995785,3799,147,two_stage
1556,474.297,474.7496999999996,646.7544999999988,0.4526999999995951,1.8909999999999862,0.5652999999995814,626,247,two_stage
1557,474.651,474.65609999999964,646.7544999999988,0.00509999999962929,1.6919999999999809,0.0986999999996101,436,222,two_stage
1558,474.816,474.8622999999996,528.1503000000004,0.046299999999632746,0.11010000000002074,0.10599999999965348,97,7,two_stage
1559,475.258,475.5587999999996,646.7544999999988,0.30079999999964,1.0942999999999765,0.5166999999996165,1659,122,two_stage
1560,475.293,475.4471999999996,646.7544999999988,0.1541999999996051,1.8972000000000098,0.265799999999615,616,248,two_stage
1561,475.317,483.18289999999956,646.7544999999988,7.865899999999556,4.800400000000012,8.439899999999568,5240,587,two_stage
1562,475.345,475.3518999999996,646.7544999999988,0.006899999999575357,1.2833000000000088,0.10219999999958418,453,165,two_stage
1563,475.996,481.0188999999995,646.7544999999988,5.022899999999538,3.844700000000021,5.512399999999559,4395,466,two_stage
1564,476.1,476.2185999999996,587.0274000000014,0.11859999999956017,0.3297999999999823,0.27559999999954243,1070,24,two_stage
1565,476.402,484.33419999999956,646.7544999999988,7.932199999999568,1.8554999999999846,8.614099999999553,6319,163,two_stage
1566,478.34,478.6644999999996,646.7544999999988,0.32449999999960255,0.4173999999999755,0.4538999999995781,794,40,two_stage
1567,478.403,479.26409999999953,646.7544999999988,0.8610999999995101,3.1697999999999857,1.3092999999994959,3982,378,two_stage
1568,478.651,478.79389999999955,646.7544999999988,0.14289999999954262,0.909899999999996,0.5271999999995387,3343,73,two_stage
1569,478.902,479.17819999999955,646.7544999999988,0.27619999999956235,1.309899999999981,0.36209999999954334,359,170,two_stage
1570,479.441,479.7940999999995,646.7544999999988,0.3530999999995288,6.578199999999987,0.5016999999995164,986,893,two_stage
1571,479.594,479.7122999999995,646.7544999999988,0.11829999999952179,3.2209999999999868,0.20009999999950878,318,436,two_stage
1572,479.902,479.9426999999995,527.0138000000007,0.04069999999950369,0.15349999999997327,0.17259999999947695,819,3,two_stage
1573,482.25,482.6711999999996,646.7544999999988,0.421199999999601,0.6610999999999818,0.6286999999995828,1575,63,two_stage
1574,482.404,482.8786999999996,646.7544999999988,0.47469999999958645,1.7585999999999802,0.7788999999995667,2542,202,two_stage
1575,482.443,482.5568999999996,526.589,0.1138999999996031,0.12150000000001428,0.22819999999961738,643,1,two_stage
1576,484.752,485.01609999999954,646.7544999999988,0.26409999999953016,1.675999999999979,0.8096999999995091,4956,157,two_stage
1577,485.325,485.5616999999995,531.7715000000001,0.23669999999953006,0.19340000000002638,0.30769999999955644,210,17,two_stage
1578,485.943,486.56409999999954,526.5962000000001,0.6210999999995579,0.17639999999998937,0.7902999999995473,1192,1,two_stage
1579,487.51,487.66599999999954,646.7544999999988,0.15599999999955116,2.0481999999999845,0.6777999999995359,4718,212,two_stage
1580,488.403,489.27369999999956,646.7544999999988,0.8706999999995446,0.7814000000000206,1.0904999999995653,1698,78,two_stage
1581,488.741,489.15349999999955,646.7544999999988,0.412499999999568,0.6458000000000111,0.5326999999995792,702,73,two_stage
1582,489.459,489.4934999999996,526.6034000000001,0.03449999999958209,0.15469999999997955,0.18199999999956162,975,1,two_stage
1583,489.992,490.6066999999996,646.7544999999988,0.6146999999995728,0.6838000000000117,0.8016999999995846,1370,69,two_stage
1584,491.188,491.7597999999996,646.7544999999988,0.5717999999995982,6.653700000000004,0.6446999999996024,229,914,two_stage
1585,491.266,491.9129999999996,529.1799,0.6469999999995935,0.19640000000000335,0.7857999999995968,888,8,two_stage
1586,491.715,491.8326999999996,646.7544999999988,0.11769999999961556,0.34670000000002243,0.19799999999963802,303,37,two_stage
1587,492.335,493.01819999999964,646.7544999999988,0.6831999999996583,15.873899999999994,1.0194999999996526,2863,2158,two_stage
1588,493.24,493.35449999999963,646.7544999999988,0.11449999999962301,1.0078999999999854,0.26559999999960837,1011,119,two_stage
1589,494.991,495.56819999999965,646.7544999999988,0.5771999999996638,1.1195000000000002,0.6670999999996639,399,143,two_stage
1590,496.746,496.7906999999997,646.7544999999988,0.04469999999969332,7.284699999999998,0.12939999999969132,347,1000,two_stage
1591,497.265,498.04819999999967,529.2375,0.783199999999681,0.19829999999998116,0.9238999999996622,907,8,two_stage
1592,497.692,498.36099999999965,646.7544999999988,0.6689999999996417,5.658299999999973,1.4960999999996147,7771,671,two_stage
1593,497.759,498.18889999999965,646.7544999999988,0.429899999999634,0.4097000000000004,0.6019999999996344,1221,33,two_stage
1594,500.315,509.6434999999997,529.3666999999999,9.328499999999678,0.195400000000027,9.466299999999706,878,8,two_stage
1595,501.348,509.42229999999967,646.7544999999988,8.074299999999653,1.4767999999999957,8.161499999999648,372,193,two_stage
1596,501.709,511.0747999999997,646.7544999999988,9.365799999999695,4.466000000000021,9.972599999999716,5568,536,two_stage
1597,501.802,509.50949999999966,646.7544999999988,7.707499999999641,0.7028000000000145,7.841499999999655,840,79,two_stage
1598,503.316,510.2341999999997,646.7544999999988,6.918199999999729,1.5502999999999931,7.273299999999722,3051,166,two_stage
1599,503.864,510.6616999999997,646.7544999999988,6.797699999999736,4.185899999999986,7.210799999999722,3631,524,two_stage
1600,506.815,511.6815999999997,646.7544999999988,4.866599999999721,16.607900000000004,5.850499999999727,9339,2170,two_stage
1601,507.242,509.7812999999997,646.7544999999988,2.5392999999996846,7.339099999999985,2.6783999999996695,891,1000,two_stage
1602,508.019,509.33879999999965,646.7544999999988,1.3197999999996455,0.745900000000015,1.4032999999996605,335,92,two_stage
1603,508.62,509.9203999999997,646.7544999999988,1.3003999999996836,3.9645999999999875,1.4489999999996712,986,530,two_stage
1604,509.694,510.0689999999997,646.7544999999988,0.37499999999965894,3.570800000000027,0.540199999999686,1152,473,two_stage
1605,510.586,510.5892999999997,531.6491000000001,0.003299999999683223,0.187600000000016,0.07569999999969923,224,16,two_stage
1606,512.314,512.6654999999997,646.7544999999988,0.3514999999997599,5.068399999999957,0.47349999999971715,720,687,two_stage
1607,514.042,525.2480999999998,646.7544999999988,11.206099999999765,0.8807999999999878,11.784499999999753,5284,42,two_stage
1608,514.199,524.6230999999997,529.4242999999999,10.424099999999726,0.18380000000003982,10.550299999999766,762,8,two_stage
1609,517.022,524.4031999999996,646.7544999999988,7.3811999999995805,4.429500000000026,7.490699999999606,595,600,two_stage
1610,518.992,524.5126999999997,646.7544999999988,5.520699999999692,5.1864000000000265,5.631099999999719,604,705,two_stage
1611,520.015,525.0515999999998,646.7544999999988,5.036599999999794,1.8525000000000145,5.2330999999998085,1465,230,two_stage
1612,521.756,524.8891999999997,646.7544999999988,3.1331999999997606,0.40720000000004786,3.2955999999998085,1124,34,two_stage
1613,523.244,524.7492999999997,529.4818999999999,1.5052999999996928,0.19750000000001144,1.6451999999997042,899,8,two_stage
1614,525.573,525.8264999999998,528.2007000000003,0.25349999999980355,0.25519999999997744,0.458299999999781,1548,7,two_stage
1615,526.026,526.0312999999998,646.7544999999988,0.0052999999998064595,1.356900000000016,0.39019999999982247,3349,135,two_stage
1616,527.215,527.2370000000008,535.1543000000001,0.022000000000730324,0.7188999999999452,0.5897000000006756,5177,21,two_stage
1617,529.217,529.2375,646.7544999999988,0.020499999999969987,0.7267999999999895,0.09209999999995944,216,91,two_stage
1618,531.766,531.7715000000001,598.3396999999997,0.005500000000097316,0.386999999999982,0.2053000000000793,1498,26,two_stage
1619,533.145,533.1736999999999,646.7544999999988,0.02869999999995798,0.8087000000000397,0.41259999999999764,3339,59,two_stage
1620,534.747,534.8824000000001,646.7544999999988,0.13540000000011787,0.6895000000000562,0.2561000000001741,707,79,two_stage
1621,535.456,535.4711000000002,646.7544999999988,0.01510000000018863,1.1001000000000527,0.1648000000002412,997,132,two_stage
1622,535.814,535.9376000000003,536.2171000000003,0.12360000000035143,0.14629999999997326,0.2555000000003247,819,2,two_stage
1623,536.069,536.0695000000003,587.2002000000015,0.0005000000003292371,0.305999999999988,0.13370000000031723,832,24,two_stage
1624,536.713,536.8579000000004,646.7544999999988,0.14490000000046166,1.660100000000055,0.2570000000005166,621,215,two_stage
1625,536.77,536.9700000000005,646.7544999999988,0.20000000000050022,2.162500000000021,2.009700000000521,17597,49,two_stage
1626,537.096,544.2825000000006,646.7544999999988,7.186500000000592,11.86500000000004,18.64830000000063,114118,56,two_stage
1627,537.26,538.7797000000005,646.7544999999988,1.5197000000005119,1.8503999999999587,1.6349000000004708,652,241,two_stage
1628,537.522,538.8949000000005,646.7544999999988,1.3729000000004135,0.6495000000000049,1.5400000000004184,1171,67,two_stage
1629,537.894,539.6469000000004,646.7544999999988,1.752900000000409,1.1951000000000183,2.170400000000427,3675,108,two_stage
1630,538.315,540.0644000000004,646.7544999999988,1.749400000000378,1.2459000000000313,2.1673000000004095,3679,115,two_stage
1631,538.849,539.0620000000005,646.7544999999988,0.2130000000004202,3.9712000000000005,0.6274000000004207,3644,494,two_stage
1632,539.26,539.4764000000005,646.7544999999988,0.2164000000004762,2.4600999999999473,0.38690000000042346,1205,318,two_stage
1633,539.46,540.4823000000005,646.7544999999988,1.0223000000004276,3.8807000000000134,2.210200000000441,11379,374,two_stage
1634,540.507,541.7547000000005,598.5268999999996,1.2477000000005773,0.43660000000003696,1.4971000000006143,1994,26,two_stage
1635,540.845,541.6702000000005,646.7544999999988,0.82520000000045,0.3797000000000482,0.9097000000004982,345,41,two_stage
1636,541.696,542.0041000000006,646.7544999999988,0.30810000000053606,0.9301999999999684,0.6479000000005044,2898,82,two_stage
1637,541.817,542.7011000000006,646.7544999999988,0.8841000000005579,3.055699999999978,1.8158000000005359,8817,295,two_stage
1638,542.143,542.3439000000005,646.7544999999988,0.20090000000050168,0.80060000000003,0.3679000000005317,1170,88,two_stage
1639,542.444,542.5109000000006,582.1566000000006,0.06690000000060081,0.26940000000000436,0.2571000000006052,1402,11,two_stage
1640,543.094,543.8292000000006,589.1813000000011,0.7352000000005319,0.40490000000004783,0.9601000000005797,1749,25,two_stage
1641,543.546,543.6328000000005,646.7544999999988,0.08680000000049404,0.8228000000000396,0.2832000000005337,1464,87,two_stage
1642,543.709,544.0541000000006,581.9622000000006,0.3451000000006843,0.28599999999996506,0.5735000000006494,1784,8,two_stage
1643,544.695,556.0616000000006,646.7544999999988,11.366600000000517,4.547400000000007,11.464400000000524,478,618,two_stage
1644,545.021,576.7192000000006,646.7544999999988,31.69820000000061,2.820100000000024,32.689500000000635,9413,254,two_stage
1645,545.06,557.7950000000006,581.8686000000006,12.735000000000696,0.1769000000000344,12.90470000000073,1197,1,two_stage
1646,546.258,557.1741000000006,582.0198000000006,10.916100000000597,0.22100000000002418,11.079500000000621,1134,8,two_stage
1647,546.4,557.3375000000007,646.7544999999988,10.937500000000682,0.5316999999999754,11.102000000000658,1145,51,two_stage
1648,546.755,569.8208000000006,646.7544999999988,23.06580000000065,1.6004999999999583,23.579100000000608,4633,151,two_stage
1649,546.87,563.0294000000009,646.7544999999988,16.159400000000915,0.5861999999999982,16.486400000000913,2770,36,two_stage
1650,546.943,559.7569000000007,646.7544999999988,12.813900000000672,0.978100000000022,13.007200000000694,1433,109,two_stage
1651,547.77,578.7341000000006,646.7544999999988,30.9641000000006,1.6044999999999876,32.050200000000586,10361,72,two_stage
1652,547.816,558.3909000000007,646.7544999999988,10.574900000000639,3.773599999999965,10.748500000000604,1236,500,two_stage
1653,548.004,557.9647000000007,646.7544999999988,9.960700000000656,3.7704999999999473,10.131200000000604,1205,500,two_stage
1654,548.046,555.8069000000006,581.8758000000006,7.760900000000561,0.08100000000000564,7.834700000000566,238,1,two_stage
1655,548.093,555.8807000000006,646.7544999999988,7.787700000000655,0.45209999999994777,7.8726000000006024,349,51,two_stage
1656,548.865,563.3564000000009,646.7544999999988,14.491400000000908,9.841199999999953,14.907800000000861,3664,1309,two_stage
1657,549.193,573.2130000000005,582.8410000000007,24.02000000000055,0.8541000000000462,24.751700000000596,6817,17,two_stage
1658,549.21,577.7105000000006,646.7544999999988,28.500500000000557,2.4563999999999875,29.524100000000544,9736,199,two_stage
1659,549.271,555.9656000000006,646.7544999999988,6.694600000000605,1.7160000000000035,6.790600000000609,460,225,two_stage
1660,549.864,557.6279000000006,646.7544999999988,7.7639000000006035,0.6711000000000049,7.9310000000006085,1171,70,two_stage
1661,550.303,558.8573000000006,583.2658000000007,8.55430000000058,0.32609999999997963,8.72920000000056,1249,21,two_stage
1662,550.341,569.3085000000007,646.7544999999988,18.967500000000655,1.973899999999982,19.479800000000637,4623,203,two_stage
1663,550.509,556.5595000000006,620.6962999999987,6.050500000000625,0.3492000000000113,6.198100000000636,976,28,two_stage
1664,551.081,556.4124000000006,620.8978999999987,5.331400000000599,0.3487000000000231,5.478500000000622,971,28,two_stage
1665,551.261,561.7126000000009,582.2430000000006,10.451600000000894,0.37650000000005224,10.741700000000947,2401,12,two_stage
1666,551.566,559.2100000000006,581.8830000000006,7.644000000000574,0.18600000000002384,7.822800000000598,1288,1,two_stage
1667,551.592,560.7831000000008,646.7544999999988,9.191100000000802,1.6185000000000114,9.456000000000813,2149,188,two_stage
1668,551.811,556.8571000000006,646.7544999999988,5.0461000000005924,5.3234000000000465,5.199900000000639,1038,718,two_stage
1669,552.261,558.2179000000007,581.9046000000006,5.956900000000701,0.18740000000000182,6.129900000000703,1230,2,two_stage
1670,552.544,571.5843000000006,646.7544999999988,19.04030000000057,1.8324000000000535,19.706300000000624,6160,162,two_stage
1671,552.551,555.7443000000006,582.3438000000007,3.1933000000005904,0.1633999999999749,3.2559000000005653,126,14,two_stage
1672,553.095,559.0322000000006,582.9706000000007,5.93720000000053,0.30740000000004747,6.1150000000005775,1278,18,two_stage
1673,553.266,560.3428000000007,646.7544999999988,7.0768000000007305,2.3650000000000526,7.289000000000783,1622,299,two_stage
1674,554.067,558.5645000000006,646.7544999999988,4.4975000000006276,3.773599999999965,4.6711000000005924,1236,500,two_stage
1675,554.116,559.5713000000006,646.7544999999988,5.455300000000648,2.381600000000022,5.64090000000067,1356,305,two_stage
1676,554.757,564.4679000000008,646.7544999999988,9.710900000000834,2.940199999999967,10.1671000000008,4062,345,two_stage
1677,554.774,559.3888000000006,646.7544999999988,4.614800000000628,2.7961000000000045,4.797300000000632,1325,363,two_stage
1678,554.96,557.0109000000007,646.7544999999988,2.050900000000638,1.3295999999999606,2.214100000000599,1132,162,two_stage
1679,555.258,556.1594000000006,646.7544999999988,0.9014000000005353,1.4690999999999972,1.0169000000005326,655,188,two_stage
1680,555.693,556.7071000000007,646.7544999999988,1.014100000000667,6.442799999999977,1.1641000000006443,1000,874,two_stage
1681,555.767,556.2749000000006,582.0774000000006,0.507900000000518,0.19510000000004546,0.6454000000005635,875,8,two_stage
1682,556.65,559.9502000000007,584.0938000000009,3.3002000000007,0.358900000000022,3.493500000000722,1433,23,two_stage
1683,557.143,574.1294000000006,646.7544999999988,16.98640000000057,1.9999999999999447,17.827200000000516,7908,161,two_stage
1684,557.407,557.5020000000006,646.7544999999988,0.09500000000059572,1.0187000000000013,0.22090000000059717,759,124,two_stage
1685,557.962,579.8202000000006,646.7544999999988,21.85820000000058,5.594100000000033,23.72990000000061,18217,517,two_stage
1686,558.02,558.1352000000006,646.7544999999988,0.11520000000064101,6.123500000000045,0.1979000000006863,327,839,two_stage
1687,558.154,562.7065000000009,583.1146000000007,4.552500000000919,0.4669000000000042,4.875400000000923,2729,20,two_stage
1688,558.567,558.7381000000006,646.7544999999988,0.17110000000059244,0.5511999999999779,0.29030000000057044,692,60,two_stage
1689,558.842,562.1689000000009,646.7544999999988,3.3269000000009328,0.7866000000000255,3.6239000000009582,2470,68,two_stage
1690,559.044,560.1435000000007,589.361300000001,1.0995000000007167,0.3792999999999938,1.2988000000007105,1493,25,two_stage
1691,559.504,560.5550000000007,646.7544999999988,1.0510000000007267,0.4801000000000404,1.279100000000767,1781,35,two_stage
1692,559.57,564.0286000000008,646.7544999999988,4.458600000000729,2.3689000000000027,4.897900000000732,3893,268,two_stage
1693,559.798,572.3377000000006,646.7544999999988,12.539700000000607,1.8002999999999636,13.267200000000571,6775,149,two_stage
1694,560.646,565.2403000000007,646.7544999999988,4.594300000000771,3.0220999999999716,5.053200000000743,4089,356,two_stage
1695,560.962,561.0480000000008,646.7544999999988,0.08600000000080854,0.9919000000000123,0.2499000000008209,1139,115,two_stage
1696,560.962,561.4967000000008,646.7544999999988,0.5347000000008393,0.9575000000000332,0.7506000000008726,1659,103,two_stage
1697,561.092,561.2119000000008,646.7544999999988,0.11990000000082546,1.2241000000000126,0.213600000000838,437,157,two_stage
1698,561.295,561.3056000000008,608.4360999999993,0.010600000000863474,0.38550000000000584,0.2017000000008693,1411,27,two_stage
1699,561.843,562.0027000000009,646.7544999999988,0.15970000000095297,0.6630000000000034,0.3259000000009564,1162,69,two_stage
1700,562.154,565.8669000000007,582.7186000000007,3.7129000000006727,0.5767999999999991,4.188900000000672,4260,14,two_stage
1701,562.302,562.4659000000009,646.7544999999988,0.16390000000092186,0.5055000000000022,0.25900000000092405,451,57,two_stage
1702,562.314,562.561000000001,646.7544999999988,0.24700000000098044,0.6710999999999699,0.3925000000009504,955,73,two_stage
1703,563.742,563.7728000000009,646.7544999999988,0.030800000000908767,1.1117999999999435,0.1130000000008522,322,143,two_stage
1704,563.798,563.8550000000008,646.7544999999988,0.05700000000081218,2.895199999999965,0.23060000000077707,1236,378,two_stage
1705,564.816,564.9241000000007,646.7544999999988,0.10810000000071796,2.605799999999981,0.4243000000006987,2662,318,two_stage
1706,565.401,565.6992000000007,646.7544999999988,0.2982000000007474,0.786899999999968,0.4659000000007154,1177,86,two_stage
1707,566.044,566.3429000000007,621.0994999999987,0.2989000000006854,0.36429999999997253,0.46160000000065793,1127,28,two_stage
1708,566.401,566.6761000000006,630.9624999999987,0.2751000000006343,0.4600999999999798,0.5048000000006141,1797,32,two_stage
1709,566.459,566.5056000000006,646.7544999999988,0.04660000000069431,3.1584999999999472,0.21710000000064156,1205,415,two_stage
1710,566.867,566.9058000000006,646.7544999999988,0.038800000000605905,0.852399999999999,0.264800000000605,1760,87,two_stage
1711,567.066,567.1318000000006,646.7544999999988,0.06580000000053587,3.8264000000000205,0.5082000000005564,3924,470,two_stage
1712,567.366,567.8056000000006,646.7544999999988,0.4396000000006097,0.88010000000003,0.7941000000006397,3045,73,two_stage
1713,567.504,567.5742000000006,646.7544999999988,0.07020000000056825,3.1474000000000077,0.3016000000005761,1814,405,two_stage
1714,567.545,570.9523000000006,646.7544999999988,3.407300000000646,3.879199999999948,4.039300000000594,5820,451,two_stage
1715,567.713,568.3128000000006,646.7544999999988,0.5998000000006414,1.191100000000034,1.0349000000006754,3851,105,two_stage
1716,567.754,568.7479000000006,646.7544999999988,0.9939000000006217,2.818599999999982,1.4437000000006037,3998,329,two_stage
1717,567.904,568.1601000000006,646.7544999999988,0.2561000000006288,1.4414999999999816,0.40880000000061045,1027,179,two_stage
1718,568.961,569.1977000000006,646.7544999999988,0.2367000000006101,1.8100000000000402,0.3475000000006503,608,236,two_stage
1719,569.845,570.6337000000007,646.7544999999988,0.788700000000631,5.1353999999999465,1.1073000000005777,2686,669,two_stage
1720,570.1,570.3341000000006,646.7544999999988,0.23410000000058062,3.928400000000055,0.5337000000006356,2496,504,two_stage
1721,571.901,575.4064000000005,646.7544999999988,3.505400000000577,3.334899999999983,4.47150000000056,9161,329,two_stage
1722,572.022,572.2503000000006,646.7544999999988,0.2283000000005586,0.9370000000000024,0.315700000000561,374,118,two_stage
1723,572.444,573.0652000000006,646.7544999999988,0.6212000000006128,3.150199999999961,0.7690000000005739,978,417,two_stage
1724,573.688,573.9447000000006,646.7544999999988,0.2567000000005919,0.6095000000000208,0.44140000000061264,1347,59,two_stage
1725,574.563,575.0625000000006,646.7544999999988,0.49950000000058026,7.1406999999999625,0.8434000000005426,2939,944,two_stage
1726,574.797,574.9702000000005,646.7544999999988,0.17320000000052005,0.5531000000000229,0.26550000000054297,423,64,two_stage
1727,575.901,576.3725000000005,646.7544999999988,0.47150000000056025,3.505800000000001,0.7301000000005615,2086,451,two_stage
1728,576.502,576.6311000000005,646.7544999999988,0.12910000000056243,1.052900000000054,0.21720000000061646,381,134,two_stage
1729,581.191,581.6919000000006,581.8902000000006,0.5009000000005699,0.1766999999999709,0.6704000000005408,1195,1,two_stage
1730,582.341,582.3438000000007,646.7544999999988,0.0028000000006613845,1.022800000000001,0.2768000000006623,2240,104,two_stage
1731,583.987,584.0938000000009,584.9538000000008,0.1068000000009306,0.6813999999999601,0.7306000000008908,5738,8,two_stage
1732,584.457,584.7176000000009,584.8962000000008,0.2606000000008635,0.17859999999994872,0.4320000000008122,1214,1,two_stage
1733,587.533,587.5602000000014,646.7544999999988,0.027200000001357694,0.9699999999999596,0.11160000000131731,344,123,two_stage
1734,587.564,587.6446000000013,646.7544999999988,0.08060000000136824,2.1420000000000194,0.4442000000013877,3136,247,two_stage
1735,588.561,588.7282000000012,646.7544999999988,0.16720000000111668,1.4395000000000495,0.26030000000116615,431,187,two_stage
1736,589.5,589.548500000001,646.7544999999988,0.04850000000101318,1.2770000000000465,0.20230000000105974,1038,156,two_stage
1737,590.019,590.076700000001,646.7544999999988,0.057700000000977525,1.127400000000021,0.23470000000099844,1270,132,two_stage
1738,590.503,590.6281000000009,646.7544999999988,0.1251000000008844,0.8112000000000539,0.34590000000093823,1708,82,two_stage
1739,590.742,590.848900000001,591.0618000000011,0.10690000000101918,0.06090000000004893,0.1606000000010681,37,1,two_stage
1740,590.865,590.902600000001,646.7544999999988,0.03760000000102082,0.8072000000000437,0.18960000000106447,1020,91,two_stage
1741,591.1,591.249000000001,591.335500000001,0.1490000000010241,0.08649999999995434,0.20670000000097843,77,4,two_stage
1742,592.753,592.8331000000007,646.7544999999988,0.08010000000069795,1.1891999999999747,0.46290000000067266,3328,112,two_stage
1743,593.446,593.5903000000006,646.7544999999988,0.14430000000061227,1.0741999999999834,0.2825000000005957,882,130,two_stage
1744,597.004,597.0980999999999,646.7544999999988,0.09409999999991214,0.3991999999999514,0.21249999999986358,684,39,two_stage
1745,598.692,598.7212999999996,646.7544999999988,0.029299999999579995,1.7994999999999828,1.065599999999563,9863,106,two_stage
1746,598.772,600.3200999999996,646.7544999999988,1.548099999999522,1.5714999999999826,1.9747999999995045,3767,159,two_stage
1747,598.852,599.8539999999996,646.7544999999988,1.0019999999996116,0.956700000000004,1.1450999999996156,931,113,two_stage
1748,599.442,599.9970999999996,646.7544999999988,0.5550999999995838,0.6318000000000141,0.704499999999598,994,67,two_stage
1749,599.6,599.7575999999996,646.7544999999988,0.15759999999954744,0.5572000000000169,0.25399999999956435,464,64,two_stage
1750,599.946,600.1464999999996,646.7544999999988,0.2004999999995789,1.2463999999999649,0.3740999999995438,1236,149,two_stage
1751,600.547,600.7467999999996,600.9218999999996,0.19979999999952724,0.17510000000000547,0.2812999999995327,315,13,two_stage
1752,600.855,600.9218999999996,646.7544999999988,0.06689999999957763,0.697300000000022,0.26019999999959964,1433,70,two_stage
1753,601.525,601.6983999999995,646.7544999999988,0.17339999999956035,0.6848999999999487,0.28229999999950905,589,80,two_stage
1754,601.574,602.2556999999995,646.7544999999988,0.6816999999995232,1.187999999999973,0.8760999999994965,1444,138,two_stage
1755,601.59,602.0820999999995,646.7544999999988,0.49209999999948195,2.736799999999965,0.6656999999994468,1236,356,two_stage
1756,601.753,601.9391999999995,646.7544999999988,0.18619999999941683,0.7765000000000541,0.32909999999947104,929,88,two_stage
1757,601.754,601.8072999999995,603.4474999999996,0.05329999999946722,0.14629999999997326,0.18519999999944048,819,2,two_stage
1758,602.257,602.5622999999995,603.5050999999996,0.3052999999995336,0.19690000000004837,0.444599999999582,893,8,two_stage
1759,602.27,602.7015999999995,646.7544999999988,0.43159999999954834,1.3411000000000524,0.9014999999996007,4199,121,two_stage
1760,602.323,602.4500999999995,646.7544999999988,0.12709999999947286,4.511400000000029,0.2392999999995027,622,611,two_stage
1761,603.005,603.1714999999996,628.6944999999985,0.1664999999995871,0.477600000000044,0.4280999999996311,2116,30,two_stage
1762,603.615,603.6994999999996,646.7544999999988,0.08449999999959346,1.2280999999999762,0.21819999999956963,837,152,two_stage
1763,603.859,604.0275999999996,605.5487999999996,0.1685999999995147,0.7921000000000227,0.8310999999995374,6125,18,two_stage
1764,604.196,604.6900999999996,646.7544999999988,0.49409999999954834,1.1560000000000157,0.706899999999564,1628,131,two_stage
1765,604.362,604.9028999999996,646.7544999999988,0.540899999999624,3.0410000000000315,0.8962999999996555,3054,373,two_stage
1766,605.009,605.2582999999996,646.7544999999988,0.24929999999960728,1.1832999999999696,0.4101999999995769,1109,142,two_stage
1767,605.505,605.5487999999996,646.7544999999988,0.043799999999578176,1.2534000000000123,0.14519999999959055,514,160,two_stage
1768,606.351,606.4277999999995,646.7544999999988,0.07679999999947995,2.705800000000037,1.0761999999995169,9494,237,two_stage
1769,606.445,607.4271999999995,608.2416999999994,0.982199999999466,0.19039999999999527,1.0573999999994612,252,16,two_stage
1770,606.445,607.7792999999995,646.7544999999988,1.3342999999994163,3.773599999999965,1.5078999999993812,1236,500,two_stage
1771,606.503,607.5023999999995,646.7544999999988,0.9993999999994685,2.1148999999999694,1.105499999999438,561,279,two_stage
1772,607.329,607.6084999999995,646.7544999999988,0.2794999999995298,0.5523999999999856,0.4502999999995154,1208,53,two_stage
1773,607.945,607.9528999999994,646.7544999999988,0.00789999999938118,1.483999999999965,0.18149999999934607,1236,182,two_stage
1774,608.443,608.6376999999993,609.7011999999993,0.19469999999932952,0.20229999999999893,0.30339999999932843,587,13,two_stage
1775,608.569,608.7463999999993,609.0611999999993,0.17739999999935208,0.18330000000005164,0.30309999999940374,757,8,two_stage
1776,608.696,608.8720999999994,609.8883999999993,0.17609999999933734,0.31869999999996,0.3075999999992973,815,26,two_stage
1777,609.007,609.0611999999993,646.7544999999988,0.054199999999354986,0.7503999999999797,0.2213999999993348,1172,81,two_stage
1778,609.069,609.2283999999993,646.7544999999988,0.15939999999932297,2.1512999999999476,0.24429999999927077,349,287,two_stage
1779,609.197,609.3132999999992,646.7544999999988,0.11629999999922802,2.079700000000045,0.3239999999992733,1577,260,two_stage
1780,609.353,609.5209999999993,646.7544999999988,0.16799999999932425,1.0513999999999757,0.25459999999930005,366,134,two_stage
1781,610.102,610.2915999999992,646.7544999999988,0.18959999999924548,0.6395000000000051,0.4114999999992506,1719,58,two_stage
1782,610.194,611.1021999999992,646.7544999999988,0.9081999999992831,3.008899999999946,1.7498999999992293,7917,301,two_stage
1783,610.194,610.6523999999993,646.7544999999988,0.45839999999930114,2.818599999999982,0.9081999999992831,3998,329,two_stage
1784,610.351,610.5134999999992,646.7544999999988,0.16249999999922693,1.0893000000000352,0.30139999999926204,889,132,two_stage
1785,611.692,611.9438999999992,629.8104999999986,0.251899999999182,0.4518000000000285,0.48049999999921056,1786,31,two_stage
1786,611.944,612.1724999999992,646.7544999999988,0.22849999999925785,2.4578999999999516,0.33919999999920947,607,326,two_stage
1787,612.188,612.2831999999992,612.4812999999991,0.09519999999918127,0.19809999999997452,0.2356999999991558,905,8,two_stage
1788,612.5,612.6828999999991,646.7544999999988,0.18289999999910833,1.024400000000045,0.5232999999991534,2904,95,two_stage
1789,613.101,613.2248999999991,646.7544999999988,0.12389999999913925,3.2952999999999473,0.2943999999990865,1205,434,two_stage
1790,614.046,614.201799999999,646.7544999999988,0.1557999999989761,0.802700000000048,0.3104999999990241,1047,90,two_stage
1791,614.357,614.5580999999991,646.7544999999988,0.20109999999908723,0.8300000000000396,0.3974999999991269,1464,88,two_stage
1792,616.688,616.770499999999,646.7544999999988,0.08249999999895863,1.3324000000000393,0.16929999999899792,368,173,two_stage
1793,617.084,617.260499999999,646.7544999999988,0.17649999999900956,1.127700000000001,0.31779999999901065,913,137,two_stage
1794,617.602,617.6033999999989,646.7544999999988,0.0013999999989664502,2.427199999999965,0.17499999999893134,1236,313,two_stage
1795,619.19,619.3897999999988,646.7544999999988,0.19979999999873144,0.9815999999999707,0.6269999999987022,3772,77,two_stage
1796,619.754,619.8169999999988,646.7544999999988,0.06299999999873762,2.0565000000000246,0.218699999998762,1057,264,two_stage
1797,619.943,619.9726999999988,620.2930999999987,0.029699999998797466,0.320399999999988,0.16289999999878546,832,26,two_stage
1798,621.442,621.5170999999987,646.7544999999988,0.07509999999865613,0.805300000000022,0.26839999999867814,1433,85,two_stage
1799,622.003,622.3671999999987,646.7544999999988,0.3641999999986183,3.414399999999997,0.6825999999986152,2684,430,two_stage
1800,622.088,622.1279999999987,646.7544999999988,0.039999999998713065,0.8223999999999825,0.2791999999986956,1892,81,two_stage
1801,622.35,622.6855999999987,646.7544999999988,0.3355999999986352,3.0580999999999894,0.6648999999986245,2793,379,two_stage
1802,622.692,623.0148999999986,646.7544999999988,0.32289999999863994,0.4149999999999849,0.39949999999862484,266,47,two_stage
1803,622.692,623.0914999999986,646.7544999999988,0.39949999999862484,2.398399999999965,0.5730999999985897,1236,309,two_stage
1804,623.505,623.6898999999986,623.9628999999986,0.1848999999986063,0.2730000000000129,0.4506999999986192,2158,1,two_stage
1805,624.049,624.1788999999986,646.7544999999988,0.1298999999986563,2.400699999999953,0.23379999999860956,539,319,two_stage
1806,624.443,624.4987999999986,625.8907999999985,0.05579999999861229,0.36719999999995,0.23579999999856227,1300,26,two_stage
1807,624.583,624.6787999999985,625.7035999999986,0.09579999999857591,0.9047999999999825,0.8349999999985585,6892,23,two_stage
1808,625.102,625.4179999999985,646.7544999999988,0.315999999998553,0.5016000000000045,0.43599999999855754,700,53,two_stage
1809,625.778,625.8907999999985,646.7544999999988,0.11279999999851498,4.57559999999999,0.598799999998505,4360,568,two_stage
1810,626.692,626.8087999999985,646.7544999999988,0.11679999999853408,0.7629999999999536,0.2677999999984877,1010,85,two_stage
1811,627.601,627.6077999999985,646.7544999999988,0.006799999998520434,1.0872999999999804,0.1508999999985008,941,131,two_stage
1812,627.693,627.7518999999985,646.7544999999988,0.05889999999851625,3.4142999999999577,0.47799999999847387,3691,416,two_stage
1813,628.339,628.3869999999985,646.7544999999988,0.0479999999984102,0.8474999999999964,0.13949999999840657,415,105,two_stage
1814,630.749,630.9624999999987,646.7544999999988,0.21349999999870306,3.141600000000006,0.3814999999987094,1180,413,two_stage
1815,631.692,647.2376999999987,681.7366999999982,15.545699999998646,1.2490999999999781,15.657199999998625,615,158,two_stage
1816,631.94,665.0428999999986,681.7366999999982,33.1028999999985,3.131200000000052,34.27569999999855,11228,272,two_stage
1817,632.692,648.2463999999985,681.7366999999982,15.554399999998509,1.2974000000000183,15.714199999998527,1098,158,two_stage
1818,632.819,648.6567999999985,681.7366999999982,15.837799999998538,0.8589999999999778,16.027199999998516,1394,93,two_stage
1819,632.942,649.7420999999985,681.7366999999982,16.80009999999845,3.0237000000000074,17.10939999999846,2593,377,two_stage
1820,633.083,648.0976999999986,681.7366999999982,15.014699999998584,1.3726999999999625,15.163399999998546,987,170,two_stage
1821,633.956,647.1402999999987,669.7171999999986,13.184299999998643,0.20539999999999325,13.281699999998636,474,15,two_stage
1822,635.192,647.3491999999986,681.7366999999982,12.157199999998625,0.5692999999999471,12.272899999998572,657,63,two_stage
1823,636.312,647.5870999999986,681.7366999999982,11.275099999998588,1.068299999999998,11.414599999998586,895,129,two_stage
1824,636.6,650.4345999999985,681.7366999999982,13.834599999998431,1.5221000000000027,14.219099999998434,3345,158,two_stage
1825,636.901,650.8190999999985,668.0064999999986,13.918099999998503,0.4164000000000553,14.327299999998559,3592,1,two_stage
1826,638.339,646.7544999999988,670.0843999999985,8.415499999998701,0.20200000000000437,8.480699999998706,152,19,two_stage
1827,639.208,652.1252999999986,672.1070999999982,12.91729999999859,0.6897999999999945,13.398299999998585,4310,29,two_stage
1828,640.396,648.4873999999985,668.0136999999986,8.091399999998544,0.176599999999996,8.26079999999854,1194,1,two_stage
1829,641.864,652.6062999999986,681.7366999999982,10.742299999998522,5.396499999999959,11.365199999998481,5729,663,two_stage
1830,642.081,647.8689999999986,681.7366999999982,5.787999999998533,1.2128999999999728,5.935299999998506,973,148,two_stage
1831,642.767,649.2605999999985,671.0159999999984,6.493599999998423,0.40709999999995033,6.720699999998374,1771,25,two_stage
1832,642.991,648.8461999999985,681.7366999999982,5.85519999999849,0.9826000000000176,6.045799999998508,1406,110,two_stage
1833,643.33,650.0513999999985,681.7366999999982,6.721399999998425,0.901599999999988,7.104599999998413,3332,72,two_stage
1834,643.603,647.0554999999987,681.7366999999982,3.452499999998736,0.3583999999999729,3.5372999999987087,348,38,two_stage
1835,644.459,646.9710999999987,681.7366999999982,2.5120999999987816,0.35799999999995963,2.5964999999987413,344,38,two_stage
1836,645.08,647.4648999999986,670.2211999999985,2.384899999998538,0.25900000000002077,2.507099999998559,722,19,two_stage
1837,645.081,649.4876999999984,681.7366999999982,4.406699999998409,1.0176000000000323,4.6610999999984415,2044,106,two_stage
1838,645.082,646.8196999999988,672.3909999999983,1.7376999999987675,0.28449999999998343,1.813399999998751,257,29,two_stage
1839,645.602,646.8953999999987,681.7366999999982,1.293399999998769,0.8604999999999834,1.3690999999987525,257,109,two_stage
1840,646.441,647.7265999999986,670.3579999999985,1.285599999998567,0.2791999999999524,1.4279999999985193,924,19,two_stage
1841,646.767,651.5565999999985,669.5083999999986,4.789599999998472,0.5767999999999991,5.2655999999984715,4260,14,two_stage
1842,647.354,654.2442999999985,681.7366999999982,6.890299999998433,2.193400000000012,7.686899999998445,7466,194,two_stage
1843,647.97,648.0162999999985,681.7366999999982,0.04629999999849588,1.0678000000000305,0.12769999999852644,314,137,two_stage
1844,648.021,649.0367999999985,671.8982999999982,1.015799999998535,0.4253999999999829,1.2395999999985179,1738,28,two_stage
1845,648.266,648.4061999999985,681.7366999999982,0.1401999999985719,1.621999999999967,0.221399999998539,312,214,two_stage
1846,651.082,651.2282999999985,669.9475999999985,0.14629999999851862,0.3103000000000133,0.3341999999985319,1379,17,two_stage
1847,651.347,651.4161999999985,669.2347999999986,0.06919999999854554,0.19799999999999962,0.20959999999854517,904,8,two_stage
1848,651.712,653.5853999999985,681.7366999999982,1.873399999998469,1.378900000000017,2.532299999998486,6089,100,two_stage
1849,651.839,652.0325999999985,681.7366999999982,0.19359999999846877,0.7407000000000362,0.286299999998505,427,90,two_stage
1850,652.101,655.1283999999985,681.7366999999982,3.0273999999984653,3.091299999999965,3.95869999999843,8813,300,two_stage
1851,653.055,653.2291999999985,681.7366999999982,0.17419999999856373,0.32199999999995965,0.25859999999852334,344,33,two_stage
1852,653.063,653.4360999999984,668.0208999999986,0.3730999999984306,0.1565000000000393,0.5223999999984699,993,1,two_stage
1853,653.104,653.3135999999985,681.7366999999982,0.20959999999843149,0.5616999999999455,0.3320999999983769,725,61,two_stage
1854,654.273,655.0408999999985,681.7366999999982,0.7678999999984626,0.6202999999999772,0.8553999999984399,375,74,two_stage
1855,655.083,657.5898999999985,681.7366999999982,2.5068999999984953,3.37750000000002,3.4723999999985153,9155,335,two_stage
1856,655.269,656.3609999999985,668.0784999999986,1.0919999999985066,0.24159999999998072,1.2831999999984873,1412,7,two_stage
1857,655.348,656.5521999999985,681.7366999999982,1.2041999999985364,0.7942000000000387,1.5015999999985752,2474,69,two_stage
1858,655.352,657.1399999999985,681.7366999999982,1.787999999998533,1.4146999999999568,2.23789999999849,3999,134,two_stage
1859,655.585,656.0596999999984,681.7366999999982,0.47469999999839274,1.9404000000000345,0.6366999999984273,1120,247,two_stage
1860,656.189,656.2216999999985,669.2923999999986,0.03269999999849915,0.19690000000004837,0.17199999999854754,893,8,two_stage
1861,656.594,656.8495999999985,669.3499999999985,0.2555999999984806,0.3479999999999769,0.5459999999984575,2404,8,two_stage
1862,657.602,658.5553999999985,681.7366999999982,0.9533999999985099,1.9023000000000048,1.1204999999985148,1171,241,two_stage
1863,657.606,659.5416999999984,681.7366999999982,1.9356999999984055,2.1787999999999466,2.379299999998352,3936,241,two_stage
1864,657.837,658.7224999999985,681.7366999999982,0.8854999999985012,2.8978999999999577,1.0545999999984588,1191,379,two_stage
1865,658.353,659.0620999999984,681.7366999999982,0.7090999999984433,4.029799999999954,1.110099999998397,3510,504,two_stage
1866,658.524,661.5027999999983,681.7366999999982,2.978799999998273,1.959899999999998,3.563499999998271,5347,191,two_stage
1867,658.805,658.8915999999984,681.7366999999982,0.08659999999849788,2.467299999999947,0.25709999999844513,1205,319,two_stage
1868,659.272,659.4630999999983,681.7366999999982,0.19109999999830052,0.4890000000000513,0.2696999999983518,286,57,two_stage
1869,659.522,663.9729999999985,681.7366999999982,4.45099999999843,1.321400000000032,5.275599999998462,7746,69,two_stage
1870,659.523,660.1583999999983,681.7366999999982,0.6353999999982989,2.8346999999999545,1.1228999999982534,4375,326,two_stage
1871,659.695,660.0677999999983,671.6966999999983,0.3727999999982785,0.27779999999999494,0.4633999999982734,406,26,two_stage
1872,659.822,659.9852999999983,681.7366999999982,0.163299999998344,0.4640999999999818,0.2457999999983258,325,53,two_stage
1873,660.3,660.6458999999983,669.4075999999985,0.34589999999832344,0.18319999999996306,0.4714999999982865,756,8,two_stage
1874,660.348,660.7714999999982,681.7366999999982,0.4234999999982847,0.9401000000000426,0.8091999999983273,3357,77,two_stage
1875,661.024,661.2766999999983,674.5840999999982,0.25269999999829906,0.434899999999974,0.47879999999827305,1761,29,two_stage
1876,661.024,661.1571999999983,681.7366999999982,0.1331999999982827,0.5083000000000164,0.25269999999829906,695,54,two_stage
1877,661.556,662.6903999999984,681.7366999999982,1.1343999999983225,1.0253000000000465,1.475699999998369,2913,95,two_stage
1878,661.714,662.1888999999983,681.7366999999982,0.47489999999822885,0.603700000000022,0.6681999999982509,1433,57,two_stage
1879,661.839,662.0874999999983,669.8251999999985,0.24849999999821648,0.20940000000001235,0.34989999999822885,514,15,two_stage
1880,662.25,662.3821999999983,681.7366999999982,0.13219999999830634,6.471400000000056,0.44039999999836255,2582,856,two_stage
1881,662.856,663.0316999999984,681.7366999999982,0.17569999999841457,3.180900000000008,0.6493999999984226,4237,376,two_stage
1882,663.257,663.5053999999984,681.7366999999982,0.24839999999846896,3.9846999999999646,0.35949999999843385,611,538,two_stage
1883,663.521,663.6164999999984,681.7366999999982,0.09549999999842385,3.3703000000000105,0.2113999999984344,659,452,two_stage
1884,663.711,663.8227999999984,681.7366999999982,0.11179999999842494,1.1006000000000409,0.2619999999984657,1002,132,two_stage
1885,663.718,663.7323999999984,681.7366999999982,0.014399999998431667,1.084000000000045,0.10479999999847678,404,138,two_stage
1886,664.218,664.7975999999985,681.7366999999982,0.5795999999985497,2.059700000000043,0.8248999999985926,1953,252,two_stage
1887,665.522,666.8763999999985,681.7366999999982,1.3543999999984635,3.4009000000000413,1.911299999998505,5069,395,two_stage
1888,665.604,666.2156999999986,681.7366999999982,0.6116999999985637,0.493599999999978,0.7308999999985417,692,52,two_stage
1889,666.083,666.3348999999986,681.7366999999982,0.25189999999861357,2.96399999999996,0.6958999999985735,3940,350,two_stage
1890,666.357,666.7788999999985,674.7928999999982,0.42189999999857264,0.30629999999996815,0.5193999999985408,475,29,two_stage
1891,667.206,667.5305999999986,681.7366999999982,0.32459999999855427,1.2895000000000125,0.7932999999985668,4187,114,two_stage
1892,667.25,667.4332999999986,668.0280999999986,0.18329999999855318,0.10450000000001837,0.28059999999857155,473,1,two_stage
1893,668.043,668.1615999999985,669.6091999999986,0.11859999999853699,0.6687999999999836,0.6865999999985206,5180,14,two_stage
1894,668.073,668.0784999999986,681.7366999999982,0.005499999998619387,0.507899999999945,0.08859999999856427,331,59,two_stage
1895,668.5,668.7295999999985,681.7366999999982,0.22959999999852698,0.46130000000003746,0.33089999999856445,513,50,two_stage
1896,668.518,668.8308999999986,669.1771999999986,0.31289999999853535,0.3463000000000071,0.6375999999985424,2747,3,two_stage
1897,670.267,670.3579999999985,670.8359999999984,0.09099999999841657,0.17859999999994872,0.2623999999983653,1214,1,two_stage
1898,670.34,670.5293999999984,681.7366999999982,0.1893999999983862,2.8553999999999915,0.48879999999837764,2494,355,two_stage
1899,670.865,671.0159999999984,681.7366999999982,0.150999999998362,2.3298999999999808,0.5296999999983427,3287,271,two_stage
1900,671.068,671.3946999999984,681.7366999999982,0.3266999999983682,0.6187999999999456,0.4414999999983138,648,70,two_stage
1901,672.007,672.1070999999982,681.7366999999982,0.10009999999829233,0.4999000000000204,0.1751999999983127,251,59,two_stage
1902,672.253,672.3909999999983,681.7366999999982,0.13799999999821466,1.281599999999961,0.6059999999981756,4180,113,two_stage
1903,672.253,673.4582999999982,681.7366999999982,1.2052999999981466,1.7767999999999946,1.8660999999981414,6108,155,two_stage
1904,672.254,672.8589999999982,681.7366999999982,0.6049999999981992,2.147299999999971,1.2042999999981703,5493,215,two_stage
1905,673.587,674.1190999999982,681.7366999999982,0.532099999998195,3.229800000000035,0.7882999999982303,2062,413,two_stage
1906,674.74,674.7928999999982,681.7366999999982,0.052899999998203384,1.2240000000000477,0.7152999999982512,6124,78,two_stage
1907,675.253,675.4552999999983,681.7366999999982,0.20229999999821757,0.39180000000000165,0.3204999999982192,682,38,two_stage
1908,676.193,682.4989999999981,692.0883999999984,6.305999999998107,0.1545999999999478,6.453399999998055,974,1,two_stage
1909,676.505,688.7396999999983,700.0364999999985,12.23469999999827,1.1855000000000318,12.707399999998302,4227,99,two_stage
1910,676.518,685.4311999999981,700.0364999999985,8.913199999998028,3.5066000000000126,9.37419999999804,4110,423,two_stage
1911,677.019,681.7366999999982,700.0364999999985,4.717699999998217,0.5019999999999596,4.802099999998177,344,58,two_stage
1912,677.043,684.9794999999981,700.0364999999985,7.936499999998091,2.70529999999996,8.38819999999805,4017,313,two_stage
1913,677.093,684.548099999998,700.0364999999985,7.455099999998083,1.5402000000000533,7.8864999999981364,3814,154,two_stage
1914,679.709,681.9369999999982,700.0364999999985,2.2279999999982465,3.6923999999999655,2.370799999998212,928,493,two_stage
1915,680.206,686.6352999999981,700.0364999999985,6.429299999998079,3.6109000000000435,6.893799999998123,4145,437,two_stage
1916,680.845,683.996899999998,700.0364999999985,3.1518999999980224,2.788000000000032,3.4918999999980542,2900,340,two_stage
1917,680.845,690.8547999999984,700.0364999999985,10.009799999998336,2.719299999999998,10.914699999998334,8549,252,two_stage
1918,680.957,682.646399999998,700.0364999999985,1.6893999999980451,0.5458999999999585,1.8824999999980037,1431,49,two_stage
1919,681.144,682.3548999999981,700.0364999999985,1.2108999999981052,6.4008999999999805,1.3549999999980855,941,869,two_stage
1920,681.334,681.8210999999982,692.2395999999984,0.48709999999823594,0.15910000000001057,0.6029999999982465,659,6,two_stage
1921,681.799,683.7644999999981,700.0364999999985,1.9654999999980873,3.285199999999984,2.1978999999980715,1824,424,two_stage
1922,681.994,682.0797999999982,700.0364999999985,0.08579999999813026,6.080800000000001,0.21939999999813153,836,826,two_stage
1923,681.995,682.2133999999982,700.0364999999985,0.21839999999815518,4.972699999999951,0.35989999999810607,915,671,two_stage
1924,682.253,682.839499999998,700.0364999999985,0.5864999999979545,0.7508000000000397,0.7828999999979942,1464,77,two_stage
1925,682.492,683.3679999999981,693.5492999999984,0.8759999999981574,0.4430999999999503,1.1030999999981077,1771,30,two_stage
1926,683.008,683.1715999999981,700.0364999999985,0.1635999999980413,0.6644000000000396,0.35999999999808097,1464,65,two_stage
1927,683.008,683.035899999998,700.0364999999985,0.027899999997998748,0.4309000000000426,0.1635999999980413,857,41,two_stage
1928,683.488,683.5950999999981,692.0955999999984,0.10709999999801312,0.176599999999996,0.2764999999980091,1194,1,two_stage
1929,684.198,684.3368999999981,700.0364999999985,0.13889999999810243,0.5207999999999625,0.35009999999806496,1612,43,two_stage
1930,685.691,685.8921999999981,700.0364999999985,0.20119999999803895,0.886799999999987,0.31039999999802603,592,108,two_stage
1931,685.741,686.146499999998,700.0364999999985,0.4054999999980282,2.883200000000033,0.5742999999980611,1188,377,two_stage
1932,685.752,686.0013999999981,693.3332999999984,0.24939999999810425,0.33229999999995674,0.39449999999806096,951,26,two_stage
1933,686.005,686.315299999998,692.1171999999984,0.31029999999805113,0.34160000000005003,0.6302999999981012,2700,3,two_stage
1934,686.008,689.2123999999983,700.0364999999985,3.204399999998259,0.9376999999999451,3.717299999998204,4629,59,two_stage
1935,686.241,687.7104999999982,700.0364999999985,1.4694999999982201,1.2197000000000289,1.9403999999982489,4209,104,two_stage
1936,686.674,687.2047999999982,700.0364999999985,0.5307999999981803,3.7549000000000383,0.8512999999982185,2705,477,two_stage
1937,686.968,687.0997999999981,692.1963999999984,0.13179999999817937,0.1410000000000182,0.23679999999819756,550,5,two_stage
1938,687.469,687.5252999999982,692.3907999999984,0.05629999999814572,0.3364000000000089,0.24149999999815464,1352,21,two_stage
1939,687.823,688.1813999999982,700.0364999999985,0.3583999999982552,1.122700000000043,0.5882999999982985,1799,124,two_stage
1940,688.053,688.4112999999983,692.1387999999985,0.3582999999982803,0.3499999999999878,0.6866999999982681,2784,3,two_stage
1941,689.492,689.7252999999982,700.0364999999985,0.23329999999828033,1.603700000000044,0.8073999999983243,5241,143,two_stage
1942,689.837,690.2993999999983,700.0364999999985,0.46239999999829706,1.8516000000000452,0.6075999999983424,952,237,two_stage
1943,690.441,690.4445999999983,700.0364999999985,0.003599999998300518,1.5826000000000535,0.239799999998354,1862,187,two_stage
1944,690.491,690.6807999999984,700.0364999999985,0.18979999999839947,0.35109999999999797,0.27449999999839747,347,37,two_stage
1945,690.564,690.7654999999984,700.0364999999985,0.2014999999984184,1.74529999999998,0.29079999999839856,393,230,two_stage
1946,690.958,691.7596999999984,692.1603999999985,0.8016999999983909,0.15349999999997327,0.9335999999983642,819,3,two_stage
1947,691.708,691.8915999999983,700.0364999999985,0.18359999999836418,3.235200000000041,0.3731999999984055,1396,423,two_stage
1948,692.253,692.7255999999984,693.7796999999985,0.47259999999835145,0.4576000000000389,0.6997999999983904,1772,32,two_stage
1949,692.291,692.3907999999984,700.0364999999985,0.09979999999836764,0.4720999999999529,0.21909999999832053,693,49,two_stage
1950,692.292,692.5100999999984,693.0175999999984,0.21809999999834417,0.28030000000002,0.4335999999983642,1655,9,two_stage
1951,692.957,693.0175999999984,693.1460999999985,0.060599999998430576,0.1285000000000193,0.18189999999844986,713,1,two_stage
1952,693.792,701.0825999999985,723.4698999999985,7.290599999998449,1.2496000000000156,7.503399999998464,1628,144,two_stage
1953,693.991,703.0243999999984,723.4698999999985,9.033399999998437,1.4980999999999813,9.451499999998418,3681,150,two_stage
1954,694.215,700.1066999999985,709.1805999999984,5.891699999998423,0.18099999999999072,5.9718999999984135,302,14,two_stage
1955,694.254,701.4336999999985,723.4698999999985,7.179699999998434,2.9513000000000145,7.430999999998448,2013,375,two_stage
1956,694.268,700.5682999999984,723.4698999999985,6.300299999998401,0.9435000000000439,6.444599999998445,943,111,two_stage
1957,695.206,700.8861999999984,723.4698999999985,5.680199999998422,0.7076000000000396,5.8765999999984615,1464,71,two_stage
1958,696.491,700.7125999999985,723.4698999999985,4.221599999998489,3.773599999999965,4.395199999998454,1236,500,two_stage
1959,696.708,700.0364999999985,723.4698999999985,3.328499999998485,0.5957999999999998,3.3986999999984846,202,73,two_stage
1960,697.55,700.4269999999984,723.4698999999985,2.8769999999984748,1.408500000000001,3.018299999998476,913,176,two_stage
1961,697.968,700.2906999999984,723.4698999999985,2.3226999999984628,3.5347000000000057,2.4589999999984684,863,472,two_stage
1962,699.087,701.6849999999985,723.4698999999985,2.5979999999984784,1.2035000000000524,2.872699999998531,2247,129,two_stage
1963,699.492,701.9596999999985,723.4698999999985,2.4676999999985583,1.431399999999957,2.855099999998515,3374,145,two_stage
1964,700.099,700.1868999999984,723.4698999999985,0.08789999999839893,0.7445999999999784,0.19169999999837728,538,89,two_stage
1965,700.793,705.9528999999983,723.4698999999985,5.159899999998288,3.8121000000000342,6.329599999998322,11197,367,two_stage
1966,701.248,701.2953999999985,723.4698999999985,0.04739999999844713,3.608699999999958,0.18569999999840547,883,482,two_stage
1967,702.09,702.5150999999985,709.0005999999984,0.4250999999984515,0.17790000000001074,0.5957999999984622,1207,1,two_stage
1968,702.245,702.3470999999985,709.6413999999985,0.10209999999847241,0.3552000000000064,0.2700999999984788,1180,26,two_stage
1969,702.393,704.2680999999983,723.4698999999985,1.8750999999982696,1.4947999999999917,2.9090999999982614,9840,64,two_stage
1970,702.576,702.6857999999985,723.4698999999985,0.10979999999847223,1.349999999999979,0.3077999999984513,1480,160,two_stage
1971,702.738,702.8837999999985,709.0797999999984,0.14579999999841675,0.19819999999994942,0.2863999999983662,906,8,two_stage
1972,703.047,703.4424999999984,723.4698999999985,0.39549999999837837,2.9133999999999665,0.8824999999983447,4370,337,two_stage
1973,703.496,703.9948999999983,723.4698999999985,0.49889999999834345,0.44249999999997014,0.5741999999983136,253,51,two_stage
1974,703.585,704.0701999999983,709.4541999999985,0.48519999999825814,0.3707000000000042,0.6830999999982623,1479,24,two_stage
1975,703.745,703.9294999999984,723.4698999999985,0.18449999999836564,0.7205999999999542,0.2498999999983198,154,91,two_stage
1976,704.991,705.3020999999983,723.4698999999985,0.31109999999830507,0.6860000000000047,0.4858999999983098,1248,71,two_stage
1977,705.208,705.4768999999983,709.2813999999985,0.26889999999832526,0.5767999999999991,0.7448999999983243,4260,14,two_stage
1978,706.073,707.1225999999983,723.4698999999985,1.0495999999983496,3.255199999999965,1.2231999999983145,1236,428,two_stage
1979,706.219,707.2961999999983,709.0221999999984,1.0771999999982427,0.34360000000000274,1.3991999999982454,2720,3,two_stage
1980,706.547,708.3925999999983,723.4698999999985,1.845599999998285,0.9896000000000493,2.4463999999983344,5508,54,two_stage
1981,706.587,707.7033999999983,710.0188999999984,1.1163999999982934,0.6897999999999945,1.597399999998288,4310,29,two_stage
1982,707.458,707.6181999999983,723.4698999999985,0.16019999999832635,0.7979999999999862,0.24539999999831252,352,99,two_stage
1983,707.742,708.1843999999983,710.2420999999985,0.44239999999831525,0.4314000000000334,0.6505999999983487,1582,31,two_stage
1984,709.561,709.6413999999985,723.4698999999985,0.08039999999846259,0.44949999999994433,0.24909999999840693,1187,39,two_stage
1985,710.215,710.2420999999985,710.4415999999984,0.027099999998426938,0.19949999999996415,0.1689999999983911,919,8,two_stage
1986,710.441,710.4415999999984,723.4698999999985,0.0005999999983714588,11.058999999999983,0.6627999999983558,6122,1444,two_stage
1987,710.494,711.9037999999985,723.4698999999985,1.4097999999984268,3.0309000000000013,1.855899999998428,3961,359,two_stage
1988,711.073,711.1037999999984,723.4698999999985,0.030799999998407657,3.905900000000024,0.45189999999843167,3711,484,two_stage
1989,711.323,711.5248999999984,723.4698999999985,0.20189999999843167,0.40540000000004217,0.29049999999847387,386,44,two_stage
1990,711.334,711.6134999999985,713.0730999999985,0.2794999999985066,0.369500000000002,0.5697999999985086,2403,11,two_stage
1991,711.749,712.3498999999985,723.4698999999985,0.6008999999984326,7.239200000000006,1.244899999998438,5940,916,two_stage
1992,713.243,724.0549999999986,728.0709999999985,10.811999999998534,0.6444000000000284,11.110799999998562,2488,48,two_stage
1993,714.269,724.3537999999986,728.0709999999985,10.084799999998609,0.7630999999999688,10.401499999998578,2667,62,two_stage
1994,716.461,723.4698999999985,725.5797999999985,7.008899999998448,0.25500000000004547,7.0838999999984935,250,25,two_stage
1995,717.21,723.7540999999985,728.0709999999985,6.54409999999848,0.4206000000000249,6.676699999998505,826,40,two_stage
1996,718.334,723.6346999999985,728.0709999999985,5.300699999998528,0.5730000000000415,5.42009999999857,694,63,two_stage
1997,718.461,723.8866999999985,728.0709999999985,5.425699999998528,2.659500000000045,5.593999999998573,1183,346,two_stage
1998,719.742,724.6704999999986,728.0709999999985,4.928499999998621,1.6220999999999663,5.657799999998588,6793,124,two_stage
1999,721.072,723.5448999999985,728.0709999999985,2.4728999999985035,1.3713999999999684,2.562699999998472,398,178,two_stage
